date,symbol,asset_class,close_usd,close_rub,source
2025-09-14,BTC,crypto,115974.8873939637,,coingecko:chart
2025-09-15,BTC,crypto,115278.5525158622,,coingecko:chart
2025-09-16,BTC,crypto,115356.68489564986,,coingecko:chart
2025-09-17,BTC,crypto,116797.00205991932,,coingecko:chart
2025-09-18,BTC,crypto,116430.93170207892,,coingecko:chart
2025-09-19,BTC,crypto,117169.11793707692,,coingecko:chart
2025-09-20,BTC,crypto,115656.94582205842,,coingecko:chart
2025-09-21,BTC,crypto,115722.89635080755,,coingecko:chart
2025-09-22,BTC,crypto,115255.84820116172,,coingecko:chart
2025-09-23,BTC,crypto,112692.49699542264,,coingecko:chart
2025-09-24,BTC,crypto,112002.46136592983,,coingecko:chart
2025-09-25,BTC,crypto,113317.1626894919,,coingecko:chart
2025-09-26,BTC,crypto,109233.05041611978,,coingecko:chart
2025-09-27,BTC,crypto,109660.37389675,,coingecko:chart
2025-09-28,BTC,crypto,109675.14319507511,,coingecko:chart
2025-09-29,BTC,crypto,112179.39882976888,,coingecko:chart
2025-09-30,BTC,crypto,114327.17133804818,,coingecko:chart
2025-10-01,BTC,crypto,114087.51383151024,,coingecko:chart
2025-10-02,BTC,crypto,118930.95511416093,,coingecko:chart
2025-10-03,BTC,crypto,120514.57785586917,,coingecko:chart
2025-10-04,BTC,crypto,122294.92441742844,,coingecko:chart
2025-10-05,BTC,crypto,122428.89063350527,,coingecko:chart
2025-10-06,BTC,crypto,123488.7305970136,,coingecko:chart
2025-10-07,BTC,crypto,124739.81088811433,,coingecko:chart
2025-10-08,BTC,crypto,121463.11808164183,,coingecko:chart
2025-10-09,BTC,crypto,123342.98469750278,,coingecko:chart
2025-10-10,BTC,crypto,121718.66757741552,,coingecko:chart
2025-10-11,BTC,crypto,113043.67586321976,,coingecko:chart
2025-10-12,BTC,crypto,110655.26975977032,,coingecko:chart
2025-10-13,BTC,crypto,115060.88417839336,,coingecko:chart
2025-10-14,BTC,crypto,115226.58429002496,,coingecko:chart
2025-10-15,BTC,crypto,113066.35078450407,,coingecko:chart
2025-10-16,BTC,crypto,110844.40417180728,,coingecko:chart
2025-10-17,BTC,crypto,108168.17353436728,,coingecko:chart
2025-10-18,BTC,crypto,106483.89143637568,,coingecko:chart
2025-10-19,BTC,crypto,107210.0961099579,,coingecko:chart
2025-10-20,BTC,crypto,108655.50525004532,,coingecko:chart
2025-10-21,BTC,crypto,110535.86301373685,,coingecko:chart
2025-10-22,BTC,crypto,108301.75462476298,,coingecko:chart
2025-10-23,BTC,crypto,107591.4605093986,,coingecko:chart
2025-10-24,BTC,crypto,110109.30522515893,,coingecko:chart
2025-10-25,BTC,crypto,111030.1833786475,,coingecko:chart
2025-10-26,BTC,crypto,111631.63726547628,,coingecko:chart
2025-10-27,BTC,crypto,114419.22169689646,,coingecko:chart
2025-10-28,BTC,crypto,114085.33123756813,,coingecko:chart
2025-10-29,BTC,crypto,112893.85203624627,,coingecko:chart
2025-10-30,BTC,crypto,110026.087620204,,coingecko:chart
2025-10-31,BTC,crypto,108409.379924928,,coingecko:chart
2025-11-01,BTC,crypto,109566.6066188076,,coingecko:chart
2025-11-02,BTC,crypto,110066.94174051796,,coingecko:chart
2025-11-03,BTC,crypto,110499.52238345638,,coingecko:chart
2025-11-04,BTC,crypto,106451.70653262926,,coingecko:chart
2025-11-05,BTC,crypto,101480.76659609628,,coingecko:chart
2025-11-06,BTC,crypto,103878.9335997028,,coingecko:chart
2025-11-07,BTC,crypto,101261.6455104612,,coingecko:chart
2025-11-08,BTC,crypto,103191.7560668328,,coingecko:chart
2025-11-09,BTC,crypto,102286.82524827348,,coingecko:chart
2025-11-10,BTC,crypto,104610.22853607994,,coingecko:chart
2025-11-11,BTC,crypto,105951.49599987874,,coingecko:chart
2025-11-12,BTC,crypto,103112.21006199118,,coingecko:chart
2025-11-13,BTC,crypto,101633.69431605682,,coingecko:chart
2025-11-14,BTC,crypto,99480.3070908126,,coingecko:chart
2025-11-15,BTC,crypto,94772.61435799382,,coingecko:chart
2025-11-16,BTC,crypto,95380.13316661112,,coingecko:chart
2025-11-17,BTC,crypto,94188.27668924726,,coingecko:chart
2025-11-18,BTC,crypto,92100.36452360668,,coingecko:chart
2025-11-19,BTC,crypto,92903.18008511196,,coingecko:chart
2025-11-20,BTC,crypto,91408.3573343969,,coingecko:chart
2025-11-21,BTC,crypto,86618.47155915352,,coingecko:chart
2025-11-22,BTC,crypto,85087.95256265256,,coingecko:chart
2025-11-23,BTC,crypto,84675.50764856212,,coingecko:chart
2025-11-24,BTC,crypto,86740.11773876166,,coingecko:chart
2025-11-25,BTC,crypto,88256.04395603726,,coingecko:chart
2025-11-26,BTC,crypto,87317.00455056976,,coingecko:chart
2025-11-27,BTC,crypto,90515.94357835098,,coingecko:chart
2025-11-28,BTC,crypto,91323.62827620257,,coingecko:chart
2025-11-29,BTC,crypto,90904.86767344688,,coingecko:chart
2025-11-30,BTC,crypto,90832.18685385384,,coingecko:chart
2025-12-01,BTC,crypto,90359.86873169734,,coingecko:chart
2025-12-02,BTC,crypto,86303.89766361401,,coingecko:chart
2025-12-03,BTC,crypto,91320.07942505728,,coingecko:chart
2025-12-04,BTC,crypto,93428.59451478458,,coingecko:chart
2025-12-05,BTC,crypto,92119.19047831658,,coingecko:chart
2025-12-06,BTC,crypto,89264.22915485654,,coingecko:chart
2025-12-07,BTC,crypto,89227.45274823112,,coingecko:chart
2025-12-08,BTC,crypto,90398.44875659447,,coingecko:chart
2025-12-09,BTC,crypto,90626.0373431212,,coingecko:chart
2025-12-10,BTC,crypto,92686.10402025311,,coingecko:chart
2025-12-11,BTC,crypto,91986.58107213798,,coingecko:chart
2025-12-12,BTC,crypto,92525.8680026296,,coingecko:chart
2025-12-13,BTC,crypto,90260.54242242372,,coingecko:chart
2025-12-14,BTC,crypto,90253.11813342397,,coingecko:chart
2025-12-15,BTC,crypto,88184.41093067056,,coingecko:chart
2025-12-16,BTC,crypto,86413.22138097929,,coingecko:chart
2025-12-17,BTC,crypto,87719.68139798648,,coingecko:chart
2025-12-18,BTC,crypto,86196.82137334664,,coingecko:chart
2025-12-19,BTC,crypto,85450.17964790671,,coingecko:chart
2025-12-20,BTC,crypto,88091.69571216944,,coingecko:chart
2025-12-21,BTC,crypto,88348.27802016199,,coingecko:chart
2025-12-22,BTC,crypto,88672.32967904503,,coingecko:chart
2025-12-23,BTC,crypto,88489.72404150236,,coingecko:chart
2025-12-24,BTC,crypto,87496.14669239183,,coingecko:chart
2025-12-25,BTC,crypto,87589.01664996856,,coingecko:chart
2025-12-26,BTC,crypto,87192.23473670239,,coingecko:chart
2025-12-27,BTC,crypto,87303.04428036696,,coingecko:chart
2025-12-28,BTC,crypto,87852.98655230374,,coingecko:chart
2025-12-29,BTC,crypto,87867.03943448896,,coingecko:chart
2025-12-30,BTC,crypto,87154.68240604762,,coingecko:chart
2025-12-31,BTC,crypto,88363.72223633934,,coingecko:chart
2026-01-01,BTC,crypto,87575.04615968224,,coingecko:chart
2026-01-02,BTC,crypto,88764.12624075128,,coingecko:chart
2026-01-03,BTC,crypto,89978.91920361611,,coingecko:chart
2026-01-04,BTC,crypto,90614.40684381907,,coingecko:chart
2026-01-05,BTC,crypto,91879.5772256957,,coingecko:chart
2026-01-06,BTC,crypto,93879.9479734475,,coingecko:chart
2026-01-07,BTC,crypto,93649.6319764084,,coingecko:chart
2026-01-08,BTC,crypto,91286.03314397692,,coingecko:chart
2026-01-09,BTC,crypto,91027.66616983686,,coingecko:chart
2026-01-10,BTC,crypto,90551.71363174269,,coingecko:chart
2026-01-11,BTC,crypto,90420.29795170767,,coingecko:chart
2026-01-12,BTC,crypto,90856.55910152226,,coingecko:chart
2026-01-13,BTC,crypto,91200.62761511702,,coingecko:chart
2026-01-14,BTC,crypto,95429.1573224277,,coingecko:chart
2026-01-15,BTC,crypto,96898.76071081961,,coingecko:chart
2026-01-16,BTC,crypto,95593.30783680787,,coingecko:chart
2026-01-17,BTC,crypto,95523.1861982478,,coingecko:chart
2026-01-18,BTC,crypto,94802.88170431636,,coingecko:chart
2026-01-19,BTC,crypto,93344.2194849136,,coingecko:chart
2026-01-20,BTC,crypto,92566.01277952259,,coingecko:chart
2026-01-21,BTC,crypto,88416.88686186896,,coingecko:chart
2026-01-22,BTC,crypto,89453.90473719541,,coingecko:chart
2026-01-23,BTC,crypto,89483.65163014928,,coingecko:chart
2026-01-24,BTC,crypto,89524.84864062016,,coingecko:chart
2026-01-25,BTC,crypto,89149.95970929884,,coingecko:chart
2026-01-26,BTC,crypto,86625.33128140382,,coingecko:chart
2026-01-27,BTC,crypto,88249.90141827049,,coingecko:chart
2026-01-28,BTC,crypto,89141.65035979386,,coingecko:chart
2026-01-29,BTC,crypto,89212.20824183176,,coingecko:chart
2026-01-30,BTC,crypto,84630.42066738439,,coingecko:chart
2026-01-31,BTC,crypto,84091.63017682909,,coingecko:chart
2026-02-01,BTC,crypto,78647.02739790398,,coingecko:chart
2026-02-02,BTC,crypto,76895.58665593083,,coingecko:chart
2026-02-03,BTC,crypto,78670.58922752787,,coingecko:chart
2026-02-04,BTC,crypto,75628.04173330522,,coingecko:chart
2026-02-05,BTC,crypto,73059.17986713687,,coingecko:chart
2026-02-06,BTC,crypto,62778.217566354324,,coingecko:chart
2026-02-07,BTC,crypto,70272.52223140873,,coingecko:chart
2026-02-08,BTC,crypto,69245.78200906444,,coingecko:chart
2026-02-09,BTC,crypto,70398.0850329669,,coingecko:chart
2026-02-10,BTC,crypto,70175.14749173766,,coingecko:chart
2026-02-11,BTC,crypto,68841.8723764457,,coingecko:chart
2026-02-12,BTC,crypto,67090.5793396472,,coingecko:chart
2026-02-13,BTC,crypto,66258.52954947444,,coingecko:chart
2026-02-14,BTC,crypto,68837.58112429692,,coingecko:chart
2026-02-15,BTC,crypto,69799.5509626349,,coingecko:chart
2026-02-16,BTC,crypto,68778.84298479716,,coingecko:chart
2026-02-17,BTC,crypto,68859.77618747062,,coingecko:chart
2026-02-18,BTC,crypto,67559.29573331702,,coingecko:chart
2026-02-19,BTC,crypto,66426.61953458567,,coingecko:chart
2026-02-20,BTC,crypto,66976.02936410521,,coingecko:chart
2026-02-21,BTC,crypto,68002.9401106256,,coingecko:chart
2026-02-22,BTC,crypto,68026.03124326779,,coingecko:chart
2026-02-23,BTC,crypto,65192.18870120006,,coingecko:chart
2026-02-24,BTC,crypto,64737.90196985264,,coingecko:chart
2026-02-25,BTC,crypto,64073.54894566756,,coingecko:chart
2026-02-26,BTC,crypto,67850.10521282951,,coingecko:chart
2026-02-27,BTC,crypto,67496.84163950248,,coingecko:chart
2026-02-28,BTC,crypto,65891.22197698704,,coingecko:chart
2026-03-01,BTC,crypto,67017.07604771722,,coingecko:chart
2026-03-02,BTC,crypto,65824.42166938317,,coingecko:chart
2026-03-03,BTC,crypto,68815.9363388441,,coingecko:chart
2026-03-04,BTC,crypto,68287.46303403362,,coingecko:chart
2026-03-05,BTC,crypto,72752.30156666112,,coingecko:chart
2026-03-06,BTC,crypto,70868.21819643723,,coingecko:chart
2026-03-07,BTC,crypto,68142.88312387785,,coingecko:chart
2026-03-08,BTC,crypto,67339.67440056572,,coingecko:chart
2026-03-09,BTC,crypto,66042.7510790264,,coingecko:chart
2026-03-10,BTC,crypto,68430.60926017091,,coingecko:chart
2026-03-11,BTC,crypto,69849.2035305081,,coingecko:chart
2026-03-12,BTC,crypto,70028.95987601393,,coingecko:chart
2026-03-13,BTC,crypto,70417.19388567522,,coingecko:chart
2026-03-14,BTC,crypto,70838.93230193328,,coingecko:chart
2026-03-15,BTC,crypto,71149.2823885419,,coingecko:chart
2026-03-16,BTC,crypto,72934.2940718683,,coingecko:chart
2026-03-17,BTC,crypto,74679.37090810013,,coingecko:chart
2026-03-18,BTC,crypto,74004.69080880683,,coingecko:chart
2026-03-19,BTC,crypto,71220.04730260483,,coingecko:chart
2026-03-20,BTC,crypto,69936.19932093748,,coingecko:chart
2026-03-21,BTC,crypto,70526.28915957874,,coingecko:chart
2026-03-22,BTC,crypto,68424.07687771624,,coingecko:chart
2026-03-23,BTC,crypto,67933.42948137881,,coingecko:chart
2026-03-24,BTC,crypto,70987.25185405998,,coingecko:chart
2026-03-25,BTC,crypto,70528.86345595501,,coingecko:chart
2026-03-26,BTC,crypto,71303.58545062262,,coingecko:chart
2026-03-27,BTC,crypto,68727.2122901201,,coingecko:chart
2026-03-28,BTC,crypto,66329.88185741157,,coingecko:chart
2026-03-29,BTC,crypto,66388.84446013413,,coingecko:chart
2026-03-30,BTC,crypto,65947.03192607871,,coingecko:chart
2026-03-31,BTC,crypto,66691.27147786925,,coingecko:chart
2026-04-01,BTC,crypto,68107.47456405059,,coingecko:chart
2026-04-02,BTC,crypto,67959.87524726024,,coingecko:chart
2026-04-03,BTC,crypto,66887.51063938277,,coingecko:chart
2026-04-04,BTC,crypto,66822.55230312092,,coingecko:chart
2026-04-05,BTC,crypto,67077.1500532805,,coingecko:chart
2026-04-06,BTC,crypto,69002.03847938096,,coingecko:chart
2026-04-07,BTC,crypto,68672.24657456316,,coingecko:chart
2026-04-08,BTC,crypto,71661.76372427847,,coingecko:chart
2026-04-09,BTC,crypto,70644.79416156793,,coingecko:chart
2026-04-10,BTC,crypto,71367.80291658688,,coingecko:chart
2026-04-11,BTC,crypto,72920.25491187068,,coingecko:chart
2026-04-12,BTC,crypto,73021.85968305328,,coingecko:chart
2026-04-13,BTC,crypto,70660.63961180339,,coingecko:chart
2026-04-14,BTC,crypto,74481.64142860245,,coingecko:chart
2026-04-15,BTC,crypto,74297.34759499803,,coingecko:chart
2026-04-16,BTC,crypto,74826.31308825641,,coingecko:chart
2026-04-17,BTC,crypto,75111.95674547968,,coingecko:chart
2026-04-18,BTC,crypto,77125.73357198425,,coingecko:chart
2026-04-19,BTC,crypto,75716.15083727139,,coingecko:chart
2026-04-20,BTC,crypto,73841.02173808741,,coingecko:chart
2026-04-21,BTC,crypto,75858.03546790924,,coingecko:chart
2026-04-22,BTC,crypto,76326.19170242558,,coingecko:chart
2026-04-23,BTC,crypto,78238.81675008619,,coingecko:chart
2026-04-24,BTC,crypto,78275.32582745969,,coingecko:chart
2026-04-25,BTC,crypto,77447.61757991764,,coingecko:chart
2026-04-26,BTC,crypto,77634.51592192693,,coingecko:chart
2026-04-27,BTC,crypto,78637.74356150378,,coingecko:chart
2026-04-28,BTC,crypto,77366.78442217235,,coingecko:chart
2026-04-29,BTC,crypto,76331.86443470464,,coingecko:chart
2026-04-30,BTC,crypto,75784.95743624517,,coingecko:chart
2026-05-01,BTC,crypto,76296.7964844269,,coingecko:chart
2026-05-02,BTC,crypto,78207.76425489692,,coingecko:chart
2026-05-03,BTC,crypto,78677.4246327222,,coingecko:chart
2026-05-04,BTC,crypto,78512.09246456268,,coingecko:chart
2026-05-05,BTC,crypto,79825.8751129579,,coingecko:chart
2026-05-06,BTC,crypto,80913.9613749304,,coingecko:chart
2026-05-07,BTC,crypto,81436.85936825167,,coingecko:chart
2026-05-08,BTC,crypto,80024.90767231231,,coingecko:chart
2026-05-09,BTC,crypto,80197.2669977041,,coingecko:chart
2026-05-10,BTC,crypto,80677.64981723971,,coingecko:chart
2026-05-11,BTC,crypto,82018.3711243874,,coingecko:chart
2026-05-12,BTC,crypto,81627.56604995472,,coingecko:chart
2026-05-13,BTC,crypto,80482.14377829393,,coingecko:chart
2026-05-14,BTC,crypto,79288.8420865621,,coingecko:chart
2026-05-15,BTC,crypto,81059.11595417073,,coingecko:chart
2026-05-16,BTC,crypto,79068.6684041429,,coingecko:chart
2026-05-17,BTC,crypto,78132.7535126921,,coingecko:chart
2026-05-18,BTC,crypto,77428.51866052429,,coingecko:chart
2026-05-19,BTC,crypto,76959.40571528324,,coingecko:chart
2026-05-20,BTC,crypto,76758.73155866472,,coingecko:chart
2026-05-21,BTC,crypto,77470.39614899461,,coingecko:chart
2026-05-22,BTC,crypto,77550.38308320483,,coingecko:chart
2026-05-23,BTC,crypto,75478.38285862996,,coingecko:chart
2026-05-24,BTC,crypto,76684.37097078416,,coingecko:chart
2026-05-25,BTC,crypto,77016.06581859986,,coingecko:chart
2026-05-26,BTC,crypto,77258.39912360838,,coingecko:chart
2026-05-27,BTC,crypto,75851.10409561773,,coingecko:chart
2026-05-28,BTC,crypto,74339.61694703094,,coingecko:chart
2026-05-29,BTC,crypto,73651.64255141478,,coingecko:chart
2026-05-30,BTC,crypto,73500.91507629369,,coingecko:chart
2026-05-31,BTC,crypto,73820.30385315015,,coingecko:chart
2026-06-01,BTC,crypto,73598.6681238158,,coingecko:chart
2026-06-02,BTC,crypto,71320.29306465392,,coingecko:chart
2026-06-03,BTC,crypto,66727.26415497709,,coingecko:chart
2026-06-04,BTC,crypto,64046.61064609333,,coingecko:chart
2026-06-05,BTC,crypto,63810.65923840883,,coingecko:chart
2026-06-06,BTC,crypto,60960.10140035313,,coingecko:chart
2026-06-07,BTC,crypto,60855.25426528331,,coingecko:chart
2026-06-08,BTC,crypto,63273.537430635515,,coingecko:chart
2026-06-09,BTC,crypto,63069.147792658114,,coingecko:chart
2026-06-10,BTC,crypto,61669.76384194788,,coingecko:chart
2026-06-11,BTC,crypto,61480.144432833426,,coingecko:chart
2026-06-12,BTC,crypto,63555.66181107698,,coingecko:chart
2026-06-13,BTC,crypto,63532.27782485316,,coingecko:chart
2026-06-14,BTC,crypto,64408.80975375945,,coingecko:chart
2026-06-15,BTC,crypto,65709.31094599118,,coingecko:chart
2026-06-16,BTC,crypto,66292.50117921834,,coingecko:chart
2026-06-17,BTC,crypto,65619.28080038042,,coingecko:chart
2026-06-18,BTC,crypto,64444.545329668814,,coingecko:chart
2026-06-19,BTC,crypto,62897.23855524796,,coingecko:chart
2026-06-20,BTC,crypto,63489.81094752525,,coingecko:chart
2026-06-21,BTC,crypto,64253.39869532133,,coingecko:chart
2026-06-22,BTC,crypto,63255.48525259375,,coingecko:chart
2026-06-23,BTC,crypto,63937.28526422244,,coingecko:chart
2026-06-24,BTC,crypto,62662.29201921944,,coingecko:chart
2026-06-25,BTC,crypto,60989.57352152134,,coingecko:chart
2026-06-26,BTC,crypto,59726.73653480851,,coingecko:chart
2026-06-27,BTC,crypto,60022.32566638378,,coingecko:chart
2026-06-28,BTC,crypto,59953.443344011124,,coingecko:chart
2026-06-29,BTC,crypto,59494.606386317784,,coingecko:chart
2026-06-30,BTC,crypto,60152.35872063589,,coingecko:chart
2026-07-01,BTC,crypto,58566.091991843154,,coingecko:chart
2026-07-02,BTC,crypto,59967.685041718134,,coingecko:chart
2026-07-03,BTC,crypto,61490.21448471664,,coingecko:chart
2026-07-04,BTC,crypto,62553.61289177051,,coingecko:chart
2026-07-05,BTC,crypto,63088.406753852214,,coingecko:chart
2026-07-06,BTC,crypto,63586.102141021256,,coingecko:chart
2026-07-07,BTC,crypto,64001.23542391328,,coingecko:chart
2026-07-08,BTC,crypto,63335.30929080668,,coingecko:chart
2026-07-09,BTC,crypto,62247.1304822092,,coingecko:chart
2026-07-10,BTC,crypto,63192.8789720319,,coingecko:chart
2026-07-11,BTC,crypto,64110.97482196822,,coingecko:chart
2026-07-12,BTC,crypto,63791.35305345348,,coingecko:chart
2026-07-13,BTC,crypto,63746.65595793199,,coingecko:chart
2026-07-14,BTC,crypto,62278.96301585648,,coingecko:chart
2026-07-15,BTC,crypto,64983.51907427709,,coingecko:chart
2026-07-16,BTC,crypto,64717.168891130066,,coingecko:chart
2026-07-17,BTC,crypto,63792.28742743447,,coingecko:chart
2026-07-18,BTC,crypto,63904.954014943025,,coingecko:chart
2026-07-19,BTC,crypto,64795.70382303786,,coingecko:chart
2026-07-20,BTC,crypto,64670.40117470696,,coingecko:chart
2026-07-21,BTC,crypto,65184.92144270268,,coingecko:chart
2026-07-22,BTC,crypto,66520.98164575922,,coingecko:chart
2026-07-23,BTC,crypto,66077.05646514206,,coingecko:chart
2026-07-24,BTC,crypto,65052.47667067735,,coingecko:chart
2026-07-25,BTC,crypto,64092.64739795451,,coingecko:chart
2026-07-26,BTC,crypto,64318.24520120312,,coingecko:chart
2026-07-27,BTC,crypto,65343.824510845894,,coingecko:chart
2026-07-28,BTC,crypto,63701.35288114535,,coingecko:chart
2026-07-29,BTC,crypto,63881.94327943538,,coingecko:chart
2026-07-30,BTC,crypto,63916.59794922001,,coingecko:chart
2026-07-31,BTC,crypto,64743.33714554026,,coingecko:chart
2026-08-01,BTC,crypto,62820.08613814001,,coingecko:chart
2026-08-02,BTC,crypto,62772.57726413174,,coingecko:chart
2026-08-03,BTC,crypto,63504.41559755184,,coingecko:chart
2026-08-04,BTC,crypto,63465.19968911304,,coingecko:chart
2026-08-05,BTC,crypto,64062.173729779366,,coingecko:chart
2026-08-06,BTC,crypto,64608.705388357404,,coingecko:chart
2026-08-07,BTC,crypto,64262.74830979173,,coingecko:chart
2026-08-08,BTC,crypto,64879.7560855934,,coingecko:chart
2026-08-09,BTC,crypto,64917.23929330571,,coingecko:chart
2026-08-10,BTC,crypto,64856.097825382276,,coingecko:chart
2026-08-11,BTC,crypto,63915.71213556821,,coingecko:chart
2026-08-12,BTC,crypto,63537.55988964766,,coingecko:chart
2026-08-13,BTC,crypto,63408.625697113624,,coingecko:chart
2026-08-14,BTC,crypto,63429.17906286841,,coingecko:chart
2026-08-15,BTC,crypto,62984.28959582886,,coingecko:chart
2026-08-16,BTC,crypto,63031.04825975698,,coingecko:chart
2026-08-17,BTC,crypto,62843.70368466329,,coingecko:chart
2026-08-18,BTC,crypto,64491.345282946255,,coingecko:chart
2026-08-19,BTC,crypto,64686.25782561655,,coingecko:chart
2026-08-20,BTC,crypto,69291.0104297816,,coingecko:chart
2026-08-21,BTC,crypto,73020.94563440893,,coingecko:chart
2026-08-22,BTC,crypto,78317.77716345884,,coingecko:chart
2026-08-23,BTC,crypto,77081.02299000922,,coingecko:chart
2026-08-24,BTC,crypto,77712.3200924702,,coingecko:chart
2026-08-25,BTC,crypto,78973.88693602335,,coingecko:chart
2026-08-26,BTC,crypto,78511.2331116067,,coingecko:chart
2026-08-27,BTC,crypto,79018.03405750773,,coingecko:chart
2026-08-28,BTC,crypto,80268.37474707834,,coingecko:chart
2026-08-29,BTC,crypto,77820.76428719184,,coingecko:chart
2026-08-30,BTC,crypto,78225.13950818499,,coingecko:chart
2026-08-31,BTC,crypto,77658.23133225394,,coingecko:chart
2026-09-01,BTC,crypto,78552.77932895812,,coingecko:chart
2026-09-02,BTC,crypto,77416.44110979848,,coingecko:chart
2026-09-03,BTC,crypto,77297.13347191992,,coingecko:chart
2026-09-04,BTC,crypto,81264.70153038795,,coingecko:chart
2026-09-05,BTC,crypto,79671.25767420157,,coingecko:chart
2026-09-06,BTC,crypto,79821.69873179746,,coingecko:chart
2026-09-07,BTC,crypto,80329.3478460037,,coingecko:chart
2026-09-08,BTC,crypto,79093.4641898418,,coingecko:chart
2026-09-09,BTC,crypto,78450.75303870205,,coingecko:chart
2026-09-10,BTC,crypto,78283.06047169256,,coingecko:chart
2026-09-11,BTC,crypto,76554.98664973286,,coingecko:chart
2026-09-12,BTC,crypto,77203.53444805603,,coingecko:chart
2026-09-13,BTC,crypto,77261.62722069985,,coingecko:chart
2026-09-13,BTC,crypto,77313.00972373878,,coingecko:chart
2025-09-14,ETH,crypto,4669.028586485019,,coingecko:chart
2025-09-15,ETH,crypto,4606.740088999127,,coingecko:chart
2025-09-16,ETH,crypto,4522.7579691582605,,coingecko:chart
2025-09-17,ETH,crypto,4503.398838715683,,coingecko:chart
2025-09-18,ETH,crypto,4594.02788969636,,coingecko:chart
2025-09-19,ETH,crypto,4593.807636563898,,coingecko:chart
2025-09-20,ETH,crypto,4470.102748926164,,coingecko:chart
2025-09-21,ETH,crypto,4481.484588389632,,coingecko:chart
2025-09-22,ETH,crypto,4445.964686087343,,coingecko:chart
2025-09-23,ETH,crypto,4201.889983622676,,coingecko:chart
2025-09-24,ETH,crypto,4164.826037505126,,coingecko:chart
2025-09-25,ETH,crypto,4152.852648081888,,coingecko:chart
2025-09-26,ETH,crypto,3896.063017617365,,coingecko:chart
2025-09-27,ETH,crypto,4028.908465637633,,coingecko:chart
2025-09-28,ETH,crypto,4018.704458176895,,coingecko:chart
2025-09-29,ETH,crypto,4139.675726866035,,coingecko:chart
2025-09-30,ETH,crypto,4214.498317525192,,coingecko:chart
2025-10-01,ETH,crypto,4147.316186865383,,coingecko:chart
2025-10-02,ETH,crypto,4354.37875727111,,coingecko:chart
2025-10-03,ETH,crypto,4484.180377056455,,coingecko:chart
2025-10-04,ETH,crypto,4514.148616548543,,coingecko:chart
2025-10-05,ETH,crypto,4488.802917459776,,coingecko:chart
2025-10-06,ETH,crypto,4513.31014835462,,coingecko:chart
2025-10-07,ETH,crypto,4690.837856263482,,coingecko:chart
2025-10-08,ETH,crypto,4453.781265556171,,coingecko:chart
2025-10-09,ETH,crypto,4526.062095378305,,coingecko:chart
2025-10-10,ETH,crypto,4368.419616565288,,coingecko:chart
2025-10-11,ETH,crypto,3841.6736803824847,,coingecko:chart
2025-10-12,ETH,crypto,3747.4570446607986,,coingecko:chart
2025-10-13,ETH,crypto,4151.918863184718,,coingecko:chart
2025-10-14,ETH,crypto,4245.447076633256,,coingecko:chart
2025-10-15,ETH,crypto,4126.235352870518,,coingecko:chart
2025-10-16,ETH,crypto,3991.5442355212426,,coingecko:chart
2025-10-17,ETH,crypto,3893.756037568491,,coingecko:chart
2025-10-18,ETH,crypto,3835.007248476607,,coingecko:chart
2025-10-19,ETH,crypto,3890.016062101197,,coingecko:chart
2025-10-20,ETH,crypto,3982.3558612703023,,coingecko:chart
2025-10-21,ETH,crypto,3980.07327974389,,coingecko:chart
2025-10-22,ETH,crypto,3866.151782774292,,coingecko:chart
2025-10-23,ETH,crypto,3805.881864350947,,coingecko:chart
2025-10-24,ETH,crypto,3857.590008571872,,coingecko:chart
2025-10-25,ETH,crypto,3935.956503436005,,coingecko:chart
2025-10-26,ETH,crypto,3954.0041199084208,,coingecko:chart
2025-10-27,ETH,crypto,4158.567621968615,,coingecko:chart
2025-10-28,ETH,crypto,4117.287077707286,,coingecko:chart
2025-10-29,ETH,crypto,3978.812010414271,,coingecko:chart
2025-10-30,ETH,crypto,3902.8019474292696,,coingecko:chart
2025-10-31,ETH,crypto,3801.551504718387,,coingecko:chart
2025-11-01,ETH,crypto,3846.95863062356,,coingecko:chart
2025-11-02,ETH,crypto,3872.926054735507,,coingecko:chart
2025-11-03,ETH,crypto,3905.342929555584,,coingecko:chart
2025-11-04,ETH,crypto,3600.363768411873,,coingecko:chart
2025-11-05,ETH,crypto,3285.2318395878847,,coingecko:chart
2025-11-06,ETH,crypto,3425.9698058908884,,coingecko:chart
2025-11-07,ETH,crypto,3312.4503070158717,,coingecko:chart
2025-11-08,ETH,crypto,3426.4012405987837,,coingecko:chart
2025-11-09,ETH,crypto,3399.6637755492966,,coingecko:chart
2025-11-10,ETH,crypto,3578.8023059041866,,coingecko:chart
2025-11-11,ETH,crypto,3566.049867115414,,coingecko:chart
2025-11-12,ETH,crypto,3416.071508998829,,coingecko:chart
2025-11-13,ETH,crypto,3412.5432368287225,,coingecko:chart
2025-11-14,ETH,crypto,3223.175778614162,,coingecko:chart
2025-11-15,ETH,crypto,3118.7143444311273,,coingecko:chart
2025-11-16,ETH,crypto,3169.6972672382008,,coingecko:chart
2025-11-17,ETH,crypto,3091.905045683136,,coingecko:chart
2025-11-18,ETH,crypto,3026.218255338726,,coingecko:chart
2025-11-19,ETH,crypto,3121.5138481614545,,coingecko:chart
2025-11-20,ETH,crypto,3020.935787720369,,coingecko:chart
2025-11-21,ETH,crypto,2832.5307976375693,,coingecko:chart
2025-11-22,ETH,crypto,2763.897390488984,,coingecko:chart
2025-11-23,ETH,crypto,2768.1536567521325,,coingecko:chart
2025-11-24,ETH,crypto,2798.913101183697,,coingecko:chart
2025-11-25,ETH,crypto,2952.334906852989,,coingecko:chart
2025-11-26,ETH,crypto,2958.5732175211965,,coingecko:chart
2025-11-27,ETH,crypto,3026.421534805452,,coingecko:chart
2025-11-28,ETH,crypto,3014.8198499491664,,coingecko:chart
2025-11-29,ETH,crypto,3031.245855716179,,coingecko:chart
2025-11-30,ETH,crypto,2989.6497957851875,,coingecko:chart
2025-12-01,ETH,crypto,2990.797383294047,,coingecko:chart
2025-12-02,ETH,crypto,2796.73386904882,,coingecko:chart
2025-12-03,ETH,crypto,2997.602427194639,,coingecko:chart
2025-12-04,ETH,crypto,3188.8819447300766,,coingecko:chart
2025-12-05,ETH,crypto,3134.3486408160215,,coingecko:chart
2025-12-06,ETH,crypto,3019.826038059256,,coingecko:chart
2025-12-07,ETH,crypto,3036.875646714073,,coingecko:chart
2025-12-08,ETH,crypto,3060.9948319527766,,coingecko:chart
2025-12-09,ETH,crypto,3123.8052523660685,,coingecko:chart
2025-12-10,ETH,crypto,3318.7209450428563,,coingecko:chart
2025-12-11,ETH,crypto,3323.292012600325,,coingecko:chart
2025-12-12,ETH,crypto,3238.4136151525354,,coingecko:chart
2025-12-13,ETH,crypto,3086.7327669850124,,coingecko:chart
2025-12-14,ETH,crypto,3115.271399958073,,coingecko:chart
2025-12-15,ETH,crypto,3063.5454528219575,,coingecko:chart
2025-12-16,ETH,crypto,2963.8945572517114,,coingecko:chart
2025-12-17,ETH,crypto,2957.8602493045723,,coingecko:chart
2025-12-18,ETH,crypto,2832.4683268792255,,coingecko:chart
2025-12-19,ETH,crypto,2826.6732476964435,,coingecko:chart
2025-12-20,ETH,crypto,2977.664503683636,,coingecko:chart
2025-12-21,ETH,crypto,2977.3342562903294,,coingecko:chart
2025-12-22,ETH,crypto,3004.2204920824893,,coingecko:chart
2025-12-23,ETH,crypto,3005.3755577051465,,coingecko:chart
2025-12-24,ETH,crypto,2965.21878516193,,coingecko:chart
2025-12-25,ETH,crypto,2945.367282877598,,coingecko:chart
2025-12-26,ETH,crypto,2901.680790122988,,coingecko:chart
2025-12-27,ETH,crypto,2926.4701674105486,,coingecko:chart
2025-12-28,ETH,crypto,2947.7123005407134,,coingecko:chart
2025-12-29,ETH,crypto,2948.8317693857384,,coingecko:chart
2025-12-30,ETH,crypto,2934.356280609806,,coingecko:chart
2025-12-31,ETH,crypto,2967.9804137872784,,coingecko:chart
2026-01-01,ETH,crypto,2970.028682356399,,coingecko:chart
2026-01-02,ETH,crypto,3003.8548082170178,,coingecko:chart
2026-01-03,ETH,crypto,3135.108477674636,,coingecko:chart
2026-01-04,ETH,crypto,3130.7963686371836,,coingecko:chart
2026-01-05,ETH,crypto,3153.1033957378954,,coingecko:chart
2026-01-06,ETH,crypto,3227.3933194586493,,coingecko:chart
2026-01-07,ETH,crypto,3291.912961414173,,coingecko:chart
2026-01-08,ETH,crypto,3167.4127745767946,,coingecko:chart
2026-01-09,ETH,crypto,3106.059127932304,,coingecko:chart
2026-01-10,ETH,crypto,3085.4102699805294,,coingecko:chart
2026-01-11,ETH,crypto,3086.1247025890502,,coingecko:chart
2026-01-12,ETH,crypto,3120.1733886182465,,coingecko:chart
2026-01-13,ETH,crypto,3091.684735239076,,coingecko:chart
2026-01-14,ETH,crypto,3330.50442935756,,coingecko:chart
2026-01-15,ETH,crypto,3351.816081641762,,coingecko:chart
2026-01-16,ETH,crypto,3319.2231658916444,,coingecko:chart
2026-01-17,ETH,crypto,3292.5138978949726,,coingecko:chart
2026-01-18,ETH,crypto,3307.0701203970584,,coingecko:chart
2026-01-19,ETH,crypto,3277.768640868265,,coingecko:chart
2026-01-20,ETH,crypto,3186.780739691063,,coingecko:chart
2026-01-21,ETH,crypto,2941.883255665837,,coingecko:chart
2026-01-22,ETH,crypto,2984.174965536145,,coingecko:chart
2026-01-23,ETH,crypto,2951.3870755868147,,coingecko:chart
2026-01-24,ETH,crypto,2955.1225550231966,,coingecko:chart
2026-01-25,ETH,crypto,2950.844309906184,,coingecko:chart
2026-01-26,ETH,crypto,2812.935403888694,,coingecko:chart
2026-01-27,ETH,crypto,2925.763833023022,,coingecko:chart
2026-01-28,ETH,crypto,3020.015731085415,,coingecko:chart
2026-01-29,ETH,crypto,3011.815000270356,,coingecko:chart
2026-01-30,ETH,crypto,2822.633841401332,,coingecko:chart
2026-01-31,ETH,crypto,2702.9166772970834,,coingecko:chart
2026-02-01,ETH,crypto,2450.663546893,,coingecko:chart
2026-02-02,ETH,crypto,2264.345387690806,,coingecko:chart
2026-02-03,ETH,crypto,2343.45854365222,,coingecko:chart
2026-02-04,ETH,crypto,2226.41311845928,,coingecko:chart
2026-02-05,ETH,crypto,2143.2933986604808,,coingecko:chart
2026-02-06,ETH,crypto,1823.8053314217489,,coingecko:chart
2026-02-07,ETH,crypto,2055.7743792337988,,coingecko:chart
2026-02-08,ETH,crypto,2087.9866273523585,,coingecko:chart
2026-02-09,ETH,crypto,2092.4274588224594,,coingecko:chart
2026-02-10,ETH,crypto,2106.7856442624457,,coingecko:chart
2026-02-11,ETH,crypto,2021.4415907712967,,coingecko:chart
2026-02-12,ETH,crypto,1944.681900647583,,coingecko:chart
2026-02-13,ETH,crypto,1947.8399217972387,,coingecko:chart
2026-02-14,ETH,crypto,2048.3187877857945,,coingecko:chart
2026-02-15,ETH,crypto,2085.705591574723,,coingecko:chart
2026-02-16,ETH,crypto,1967.5499217442239,,coingecko:chart
2026-02-17,ETH,crypto,1998.1759871140314,,coingecko:chart
2026-02-18,ETH,crypto,1994.3527116895793,,coingecko:chart
2026-02-19,ETH,crypto,1954.6531149212074,,coingecko:chart
2026-02-20,ETH,crypto,1949.6068369097477,,coingecko:chart
2026-02-21,ETH,crypto,1967.928380323993,,coingecko:chart
2026-02-22,ETH,crypto,1986.9516807466036,,coingecko:chart
2026-02-23,ETH,crypto,1886.450366591152,,coingecko:chart
2026-02-24,ETH,crypto,1859.2199106790974,,coingecko:chart
2026-02-25,ETH,crypto,1852.0821618898767,,coingecko:chart
2026-02-26,ETH,crypto,2053.097732531376,,coingecko:chart
2026-02-27,ETH,crypto,2027.5050759088144,,coingecko:chart
2026-02-28,ETH,crypto,1931.1188526606693,,coingecko:chart
2026-03-01,ETH,crypto,1966.7219163588757,,coingecko:chart
2026-03-02,ETH,crypto,1939.7957193912328,,coingecko:chart
2026-03-03,ETH,crypto,2028.799011354667,,coingecko:chart
2026-03-04,ETH,crypto,1982.9514132768732,,coingecko:chart
2026-03-05,ETH,crypto,2127.5791778087923,,coingecko:chart
2026-03-06,ETH,crypto,2073.3589471780524,,coingecko:chart
2026-03-07,ETH,crypto,1979.0781325827184,,coingecko:chart
2026-03-08,ETH,crypto,1984.4479694207268,,coingecko:chart
2026-03-09,ETH,crypto,1939.3917593920498,,coingecko:chart
2026-03-10,ETH,crypto,1992.982026905004,,coingecko:chart
2026-03-11,ETH,crypto,2035.1741536034772,,coingecko:chart
2026-03-12,ETH,crypto,2051.9341141166024,,coingecko:chart
2026-03-13,ETH,crypto,2071.9197307868703,,coingecko:chart
2026-03-14,ETH,crypto,2090.073006429967,,coingecko:chart
2026-03-15,ETH,crypto,2107.1131900776604,,coingecko:chart
2026-03-16,ETH,crypto,2182.0726576096104,,coingecko:chart
2026-03-17,ETH,crypto,2343.5310877349557,,coingecko:chart
2026-03-18,ETH,crypto,2320.9509267494554,,coingecko:chart
2026-03-19,ETH,crypto,2203.1349441544735,,coingecko:chart
2026-03-20,ETH,crypto,2139.514195287849,,coingecko:chart
2026-03-21,ETH,crypto,2146.578814982091,,coingecko:chart
2026-03-22,ETH,crypto,2066.1561868530966,,coingecko:chart
2026-03-23,ETH,crypto,2055.681838744274,,coingecko:chart
2026-03-24,ETH,crypto,2152.471302393496,,coingecko:chart
2026-03-25,ETH,crypto,2156.3938779843224,,coingecko:chart
2026-03-26,ETH,crypto,2172.4163328611644,,coingecko:chart
2026-03-27,ETH,crypto,2059.589104363155,,coingecko:chart
2026-03-28,ETH,crypto,1991.5485477905527,,coingecko:chart
2026-03-29,ETH,crypto,2000.0500988359693,,coingecko:chart
2026-03-30,ETH,crypto,1981.7423699353176,,coingecko:chart
2026-03-31,ETH,crypto,2024.0146470848574,,coingecko:chart
2026-04-01,ETH,crypto,2095.4159934323757,,coingecko:chart
2026-04-02,ETH,crypto,2131.5392771024462,,coingecko:chart
2026-04-03,ETH,crypto,2052.336230233669,,coingecko:chart
2026-04-04,ETH,crypto,2009.4212910268097,,coingecko:chart
2026-04-05,ETH,crypto,2052.0685636243165,,coingecko:chart
2026-04-06,ETH,crypto,2066.1981252768373,,coingecko:chart
2026-04-07,ETH,crypto,2100.806140265129,,coingecko:chart
2026-04-08,ETH,crypto,2235.8222062960863,,coingecko:chart
2026-04-09,ETH,crypto,2179.7915700795793,,coingecko:chart
2026-04-10,ETH,crypto,2177.972586699981,,coingecko:chart
2026-04-11,ETH,crypto,2247.4186221630807,,coingecko:chart
2026-04-12,ETH,crypto,2283.0571149299954,,coingecko:chart
2026-04-13,ETH,crypto,2189.221443884993,,coingecko:chart
2026-04-14,ETH,crypto,2374.0162053338927,,coingecko:chart
2026-04-15,ETH,crypto,2326.445177466492,,coingecko:chart
2026-04-16,ETH,crypto,2360.57614677394,,coingecko:chart
2026-04-17,ETH,crypto,2348.987492385873,,coingecko:chart
2026-04-18,ETH,crypto,2421.2905710664027,,coingecko:chart
2026-04-19,ETH,crypto,2351.4600244518356,,coingecko:chart
2026-04-20,ETH,crypto,2264.1941982589246,,coingecko:chart
2026-04-21,ETH,crypto,2314.6386071300276,,coingecko:chart
2026-04-22,ETH,crypto,2326.6640126907014,,coingecko:chart
2026-04-23,ETH,crypto,2375.7144533633987,,coingecko:chart
2026-04-24,ETH,crypto,2331.0953087937605,,coingecko:chart
2026-04-25,ETH,crypto,2315.700185661901,,coingecko:chart
2026-04-26,ETH,crypto,2320.566403725771,,coingecko:chart
2026-04-27,ETH,crypto,2369.1540292624554,,coingecko:chart
2026-04-28,ETH,crypto,2303.8842501308045,,coingecko:chart
2026-04-29,ETH,crypto,2292.7658741534183,,coingecko:chart
2026-04-30,ETH,crypto,2253.620049292702,,coingecko:chart
2026-05-01,ETH,crypto,2256.9491123703424,,coingecko:chart
2026-05-02,ETH,crypto,2295.583440883838,,coingecko:chart
2026-05-03,ETH,crypto,2322.287161264127,,coingecko:chart
2026-05-04,ETH,crypto,2322.5878639164766,,coingecko:chart
2026-05-05,ETH,crypto,2346.1713028945196,,coingecko:chart
2026-05-06,ETH,crypto,2360.6443662859797,,coingecko:chart
2026-05-07,ETH,crypto,2351.0137484161237,,coingecko:chart
2026-05-08,ETH,crypto,2291.302591374564,,coingecko:chart
2026-05-09,ETH,crypto,2307.470372982362,,coingecko:chart
2026-05-10,ETH,crypto,2327.1639474602157,,coingecko:chart
2026-05-11,ETH,crypto,2369.9648714985337,,coingecko:chart
2026-05-12,ETH,crypto,2338.59446825004,,coingecko:chart
2026-05-13,ETH,crypto,2275.747322631228,,coingecko:chart
2026-05-14,ETH,crypto,2258.4839088491867,,coingecko:chart
2026-05-15,ETH,crypto,2282.595746277603,,coingecko:chart
2026-05-16,ETH,crypto,2223.9374886817177,,coingecko:chart
2026-05-17,ETH,crypto,2180.0891100856325,,coingecko:chart
2026-05-18,ETH,crypto,2130.749230126177,,coingecko:chart
2026-05-19,ETH,crypto,2128.8927623239815,,coingecko:chart
2026-05-20,ETH,crypto,2109.3421375885023,,coingecko:chart
2026-05-21,ETH,crypto,2127.468931683584,,coingecko:chart
2026-05-22,ETH,crypto,2132.1443703600044,,coingecko:chart
2026-05-23,ETH,crypto,2064.039749218924,,coingecko:chart
2026-05-24,ETH,crypto,2116.4299126571727,,coingecko:chart
2026-05-25,ETH,crypto,2097.6582568011895,,coingecko:chart
2026-05-26,ETH,crypto,2110.5929717502054,,coingecko:chart
2026-05-27,ETH,crypto,2072.3492159738144,,coingecko:chart
2026-05-28,ETH,crypto,2022.465974317952,,coingecko:chart
2026-05-29,ETH,crypto,2008.1144631178963,,coingecko:chart
2026-05-30,ETH,crypto,2012.5607890669655,,coingecko:chart
2026-05-31,ETH,crypto,2021.665390940461,,coingecko:chart
2026-06-01,ETH,crypto,2005.0520566280852,,coingecko:chart
2026-06-02,ETH,crypto,2003.5794472377934,,coingecko:chart
2026-06-03,ETH,crypto,1858.3640479335945,,coingecko:chart
2026-06-04,ETH,crypto,1811.7149905120527,,coingecko:chart
2026-06-05,ETH,crypto,1769.0317333338,,coingecko:chart
2026-06-06,ETH,crypto,1582.4588294507628,,coingecko:chart
2026-06-07,ETH,crypto,1568.7027946407661,,coingecko:chart
2026-06-08,ETH,crypto,1687.8826846141703,,coingecko:chart
2026-06-09,ETH,crypto,1690.4950851700783,,coingecko:chart
2026-06-10,ETH,crypto,1638.7504135601862,,coingecko:chart
2026-06-11,ETH,crypto,1620.917390707054,,coingecko:chart
2026-06-12,ETH,crypto,1671.86904676229,,coingecko:chart
2026-06-13,ETH,crypto,1665.5551249935475,,coingecko:chart
2026-06-14,ETH,crypto,1680.3055520030994,,coingecko:chart
2026-06-15,ETH,crypto,1725.448928079916,,coingecko:chart
2026-06-16,ETH,crypto,1794.9576599037732,,coingecko:chart
2026-06-17,ETH,crypto,1791.3886783051394,,coingecko:chart
2026-06-18,ETH,crypto,1748.7549735206103,,coingecko:chart
2026-06-19,ETH,crypto,1710.079110757131,,coingecko:chart
2026-06-20,ETH,crypto,1708.87855388619,,coingecko:chart
2026-06-21,ETH,crypto,1739.2769352743533,,coingecko:chart
2026-06-22,ETH,crypto,1704.9130137257484,,coingecko:chart
2026-06-23,ETH,crypto,1725.1620208904676,,coingecko:chart
2026-06-24,ETH,crypto,1665.7162407218393,,coingecko:chart
2026-06-25,ETH,crypto,1620.6434082953833,,coingecko:chart
2026-06-26,ETH,crypto,1566.0081297519519,,coingecko:chart
2026-06-27,ETH,crypto,1576.9176481850786,,coingecko:chart
2026-06-28,ETH,crypto,1571.9371269098212,,coingecko:chart
2026-06-29,ETH,crypto,1570.0805519413402,,coingecko:chart
2026-06-30,ETH,crypto,1609.751185572177,,coingecko:chart
2026-07-01,ETH,crypto,1569.8271747749748,,coingecko:chart
2026-07-02,ETH,crypto,1608.254387223296,,coingecko:chart
2026-07-03,ETH,crypto,1698.5610521616197,,coingecko:chart
2026-07-04,ETH,crypto,1756.9804642496356,,coingecko:chart
2026-07-05,ETH,crypto,1779.908385139636,,coingecko:chart
2026-07-06,ETH,crypto,1784.2622991817525,,coingecko:chart
2026-07-07,ETH,crypto,1798.557105022033,,coingecko:chart
2026-07-08,ETH,crypto,1771.2223954004269,,coingecko:chart
2026-07-09,ETH,crypto,1742.2494536901065,,coingecko:chart
2026-07-10,ETH,crypto,1744.6953884606253,,coingecko:chart
2026-07-11,ETH,crypto,1795.2394655119474,,coingecko:chart
2026-07-12,ETH,crypto,1787.9485944322748,,coingecko:chart
2026-07-13,ETH,crypto,1805.4862853704624,,coingecko:chart
2026-07-14,ETH,crypto,1774.0909253483635,,coingecko:chart
2026-07-15,ETH,crypto,1890.3093923843837,,coingecko:chart
2026-07-16,ETH,crypto,1916.7586464879018,,coingecko:chart
2026-07-17,ETH,crypto,1863.0065007127855,,coingecko:chart
2026-07-18,ETH,crypto,1840.7681193183653,,coingecko:chart
2026-07-19,ETH,crypto,1862.32234801627,,coingecko:chart
2026-07-20,ETH,crypto,1870.8170349782704,,coingecko:chart
2026-07-21,ETH,crypto,1901.7735152870935,,coingecko:chart
2026-07-22,ETH,crypto,1928.6558956703082,,coingecko:chart
2026-07-23,ETH,crypto,1933.4132583162384,,coingecko:chart
2026-07-24,ETH,crypto,1877.460607698635,,coingecko:chart
2026-07-25,ETH,crypto,1860.4425012275274,,coingecko:chart
2026-07-26,ETH,crypto,1874.4572768280736,,coingecko:chart
2026-07-27,ETH,crypto,1952.9020070235085,,coingecko:chart
2026-07-28,ETH,crypto,1890.4523208978708,,coingecko:chart
2026-07-29,ETH,crypto,1920.4888660862466,,coingecko:chart
2026-07-30,ETH,crypto,1908.7417326276595,,coingecko:chart
2026-07-31,ETH,crypto,1917.5713635462077,,coingecko:chart
2026-08-01,ETH,crypto,1860.5923268286904,,coingecko:chart
2026-08-02,ETH,crypto,1843.443563411847,,coingecko:chart
2026-08-03,ETH,crypto,1882.9305589557664,,coingecko:chart
2026-08-04,ETH,crypto,1858.5376969949996,,coingecko:chart
2026-08-05,ETH,crypto,1868.621381582403,,coingecko:chart
2026-08-06,ETH,crypto,1907.4360439632449,,coingecko:chart
2026-08-07,ETH,crypto,1902.1622720657638,,coingecko:chart
2026-08-08,ETH,crypto,1912.9851571036106,,coingecko:chart
2026-08-09,ETH,crypto,1915.447810935271,,coingecko:chart
2026-08-10,ETH,crypto,1908.940734099038,,coingecko:chart
2026-08-11,ETH,crypto,1871.3976551883159,,coingecko:chart
2026-08-12,ETH,crypto,1880.4862005694617,,coingecko:chart
2026-08-13,ETH,crypto,1877.743530062547,,coingecko:chart
2026-08-14,ETH,crypto,1884.3941576877892,,coingecko:chart
2026-08-15,ETH,crypto,1880.3285280890423,,coingecko:chart
2026-08-16,ETH,crypto,1880.9591561894488,,coingecko:chart
2026-08-17,ETH,crypto,1874.401898191962,,coingecko:chart
2026-08-18,ETH,crypto,1912.2734691708965,,coingecko:chart
2026-08-19,ETH,crypto,1916.3998901478055,,coingecko:chart
2026-08-20,ETH,crypto,2251.7346140069594,,coingecko:chart
2026-08-21,ETH,crypto,2326.5282334236576,,coingecko:chart
2026-08-22,ETH,crypto,2514.967577695514,,coingecko:chart
2026-08-23,ETH,crypto,2423.4127407436827,,coingecko:chart
2026-08-24,ETH,crypto,2462.403924751607,,coingecko:chart
2026-08-25,ETH,crypto,2481.879430655568,,coingecko:chart
2026-08-26,ETH,crypto,2442.0111121033965,,coingecko:chart
2026-08-27,ETH,crypto,2506.3431057180687,,coingecko:chart
2026-08-28,ETH,crypto,2511.461241063819,,coingecko:chart
2026-08-29,ETH,crypto,2442.407614756763,,coingecko:chart
2026-08-30,ETH,crypto,2457.089335222437,,coingecko:chart
2026-08-31,ETH,crypto,2416.2418165172735,,coingecko:chart
2026-09-01,ETH,crypto,2466.565659094493,,coingecko:chart
2026-09-02,ETH,crypto,2417.6758884733536,,coingecko:chart
2026-09-03,ETH,crypto,2390.783044679688,,coingecko:chart
2026-09-04,ETH,crypto,2507.6482840896088,,coingecko:chart
2026-09-05,ETH,crypto,2456.085066364875,,coingecko:chart
2026-09-06,ETH,crypto,2480.0031686031184,,coingecko:chart
2026-09-07,ETH,crypto,2514.0092688310365,,coingecko:chart
2026-09-08,ETH,crypto,2489.3967543757462,,coingecko:chart
2026-09-09,ETH,crypto,2485.0697039871584,,coingecko:chart
2026-09-10,ETH,crypto,2467.529167979314,,coingecko:chart
2026-09-11,ETH,crypto,2437.514812545618,,coingecko:chart
2026-09-12,ETH,crypto,2514.846819245876,,coingecko:chart
2026-09-13,ETH,crypto,2525.267261590238,,coingecko:chart
2026-09-13,ETH,crypto,2506.091428264013,,coingecko:chart
2025-09-14,SOL,crypto,242.57070224470883,,coingecko:chart
2025-09-15,SOL,crypto,240.23085854705676,,coingecko:chart
2025-09-16,SOL,crypto,234.22097461011532,,coingecko:chart
2025-09-17,SOL,crypto,236.9184933999762,,coingecko:chart
2025-09-18,SOL,crypto,244.7148602803344,,coingecko:chart
2025-09-19,SOL,crypto,247.59944363004428,,coingecko:chart
2025-09-20,SOL,crypto,238.56271348048392,,coingecko:chart
2025-09-21,SOL,crypto,239.56497982373855,,coingecko:chart
2025-09-22,SOL,crypto,236.4512767492593,,coingecko:chart
2025-09-23,SOL,crypto,220.45569255221633,,coingecko:chart
2025-09-24,SOL,crypto,213.6985956125151,,coingecko:chart
2025-09-25,SOL,crypto,211.62431724598696,,coingecko:chart
2025-09-26,SOL,crypto,193.41099740739065,,coingecko:chart
2025-09-27,SOL,crypto,204.81544207335943,,coingecko:chart
2025-09-28,SOL,crypto,203.5629663855269,,coingecko:chart
2025-09-29,SOL,crypto,210.7475002663132,,coingecko:chart
2025-09-30,SOL,crypto,212.92369932398225,,coingecko:chart
2025-10-01,SOL,crypto,208.8579841163509,,coingecko:chart
2025-10-02,SOL,crypto,221.87788206611364,,coingecko:chart
2025-10-03,SOL,crypto,234.78399661993015,,coingecko:chart
2025-10-04,SOL,crypto,233.04397396283912,,coingecko:chart
2025-10-05,SOL,crypto,228.00950694210047,,coingecko:chart
2025-10-06,SOL,crypto,228.51623325831756,,coingecko:chart
2025-10-07,SOL,crypto,232.63341831761747,,coingecko:chart
2025-10-08,SOL,crypto,220.38956435964568,,coingecko:chart
2025-10-09,SOL,crypto,229.091625881658,,coingecko:chart
2025-10-10,SOL,crypto,220.95337084458515,,coingecko:chart
2025-10-11,SOL,crypto,188.7926485329733,,coingecko:chart
2025-10-12,SOL,crypto,177.98430501390146,,coingecko:chart
2025-10-13,SOL,crypto,197.2146674369267,,coingecko:chart
2025-10-14,SOL,crypto,208.60633453023536,,coingecko:chart
2025-10-15,SOL,crypto,202.58499940260515,,coingecko:chart
2025-10-16,SOL,crypto,193.98189964651897,,coingecko:chart
2025-10-17,SOL,crypto,184.676653314175,,coingecko:chart
2025-10-18,SOL,crypto,182.1459454130084,,coingecko:chart
2025-10-19,SOL,crypto,187.6503123404748,,coingecko:chart
2025-10-20,SOL,crypto,187.79198147575528,,coingecko:chart
2025-10-21,SOL,crypto,189.717698834749,,coingecko:chart
2025-10-22,SOL,crypto,185.72442261780827,,coingecko:chart
2025-10-23,SOL,crypto,180.0884506434004,,coingecko:chart
2025-10-24,SOL,crypto,191.4105154932252,,coingecko:chart
2025-10-25,SOL,crypto,193.5224673498789,,coingecko:chart
2025-10-26,SOL,crypto,193.93319201308577,,coingecko:chart
2025-10-27,SOL,crypto,200.0215931980344,,coingecko:chart
2025-10-28,SOL,crypto,198.77163279922976,,coingecko:chart
2025-10-29,SOL,crypto,194.29867849889453,,coingecko:chart
2025-10-30,SOL,crypto,194.0726847621732,,coingecko:chart
2025-10-31,SOL,crypto,184.49846534649268,,coingecko:chart
2025-11-01,SOL,crypto,187.1659046571601,,coingecko:chart
2025-11-02,SOL,crypto,186.31885199348687,,coingecko:chart
2025-11-03,SOL,crypto,187.67222619735156,,coingecko:chart
2025-11-04,SOL,crypto,165.88821459720248,,coingecko:chart
2025-11-05,SOL,crypto,155.1980725305336,,coingecko:chart
2025-11-06,SOL,crypto,162.46544782382182,,coingecko:chart
2025-11-07,SOL,crypto,155.05793557990853,,coingecko:chart
2025-11-08,SOL,crypto,161.69017397076755,,coingecko:chart
2025-11-09,SOL,crypto,157.796348381377,,coingecko:chart
2025-11-10,SOL,crypto,164.4107555710944,,coingecko:chart
2025-11-11,SOL,crypto,167.38292233660445,,coingecko:chart
2025-11-12,SOL,crypto,154.65635090993268,,coingecko:chart
2025-11-13,SOL,crypto,153.25824234818612,,coingecko:chart
2025-11-14,SOL,crypto,144.6022158116688,,coingecko:chart
2025-11-15,SOL,crypto,138.98547920304102,,coingecko:chart
2025-11-16,SOL,crypto,139.26651582272305,,coingecko:chart
2025-11-17,SOL,crypto,137.13897250282486,,coingecko:chart
2025-11-18,SOL,crypto,130.8066278178265,,coingecko:chart
2025-11-19,SOL,crypto,140.6208727874062,,coingecko:chart
2025-11-20,SOL,crypto,136.71697636188486,,coingecko:chart
2025-11-21,SOL,crypto,133.61111774040782,,coingecko:chart
2025-11-22,SOL,crypto,128.57234151997437,,coingecko:chart
2025-11-23,SOL,crypto,127.55257578894552,,coingecko:chart
2025-11-24,SOL,crypto,130.58087966204394,,coingecko:chart
2025-11-25,SOL,crypto,138.35323319673398,,coingecko:chart
2025-11-26,SOL,crypto,138.9326415526744,,coingecko:chart
2025-11-27,SOL,crypto,143.01829550662933,,coingecko:chart
2025-11-28,SOL,crypto,140.84645123344353,,coingecko:chart
2025-11-29,SOL,crypto,137.40059276029743,,coingecko:chart
2025-11-30,SOL,crypto,136.02333573557007,,coingecko:chart
2025-12-01,SOL,crypto,133.82640627084265,,coingecko:chart
2025-12-02,SOL,crypto,126.67388526602132,,coingecko:chart
2025-12-03,SOL,crypto,138.67222008976705,,coingecko:chart
2025-12-04,SOL,crypto,144.82904690237106,,coingecko:chart
2025-12-05,SOL,crypto,139.01629771281043,,coingecko:chart
2025-12-06,SOL,crypto,133.231965401601,,coingecko:chart
2025-12-07,SOL,crypto,132.2605923315256,,coingecko:chart
2025-12-08,SOL,crypto,131.95984726955456,,coingecko:chart
2025-12-09,SOL,crypto,133.22869851109667,,coingecko:chart
2025-12-10,SOL,crypto,137.8941468193958,,coingecko:chart
2025-12-11,SOL,crypto,136.36516972784412,,coingecko:chart
2025-12-12,SOL,crypto,136.47367573628597,,coingecko:chart
2025-12-13,SOL,crypto,132.30236894589092,,coingecko:chart
2025-12-14,SOL,crypto,133.17026302389507,,coingecko:chart
2025-12-15,SOL,crypto,129.49535610673396,,coingecko:chart
2025-12-16,SOL,crypto,127.71787718749329,,coingecko:chart
2025-12-17,SOL,crypto,129.09757727148104,,coingecko:chart
2025-12-18,SOL,crypto,123.1722233035213,,coingecko:chart
2025-12-19,SOL,crypto,119.53477491010813,,coingecko:chart
2025-12-20,SOL,crypto,126.19398384656624,,coingecko:chart
2025-12-21,SOL,crypto,125.78203025133216,,coingecko:chart
2025-12-22,SOL,crypto,126.02413413596209,,coingecko:chart
2025-12-23,SOL,crypto,125.82827489791832,,coingecko:chart
2025-12-24,SOL,crypto,124.03308958475714,,coingecko:chart
2025-12-25,SOL,crypto,122.460155121348,,coingecko:chart
2025-12-26,SOL,crypto,120.01776608161182,,coingecko:chart
2025-12-27,SOL,crypto,122.19194432561508,,coingecko:chart
2025-12-28,SOL,crypto,124.67249933750114,,coingecko:chart
2025-12-29,SOL,crypto,125.15033815137768,,coingecko:chart
2025-12-30,SOL,crypto,123.12034386014282,,coingecko:chart
2025-12-31,SOL,crypto,124.82656574921522,,coingecko:chart
2026-01-01,SOL,crypto,124.52107166245452,,coingecko:chart
2026-01-02,SOL,crypto,126.95621771235598,,coingecko:chart
2026-01-03,SOL,crypto,132.31679963702925,,coingecko:chart
2026-01-04,SOL,crypto,133.30031232821088,,coingecko:chart
2026-01-05,SOL,crypto,134.43165907625135,,coingecko:chart
2026-01-06,SOL,crypto,138.0003095859337,,coingecko:chart
2026-01-07,SOL,crypto,140.8297481272592,,coingecko:chart
2026-01-08,SOL,crypto,136.19851494230633,,coingecko:chart
2026-01-09,SOL,crypto,138.37930950675758,,coingecko:chart
2026-01-10,SOL,crypto,135.86713631404515,,coingecko:chart
2026-01-11,SOL,crypto,135.84312878216107,,coingecko:chart
2026-01-12,SOL,crypto,139.3201851544604,,coingecko:chart
2026-01-13,SOL,crypto,139.07230582809257,,coingecko:chart
2026-01-14,SOL,crypto,145.73859432253883,,coingecko:chart
2026-01-15,SOL,crypto,146.51080044413305,,coingecko:chart
2026-01-16,SOL,crypto,142.37528313106432,,coingecko:chart
2026-01-17,SOL,crypto,144.91193902286835,,coingecko:chart
2026-01-18,SOL,crypto,143.68428258663917,,coingecko:chart
2026-01-19,SOL,crypto,135.50334566395688,,coingecko:chart
2026-01-20,SOL,crypto,133.4132387086627,,coingecko:chart
2026-01-21,SOL,crypto,126.10764632319889,,coingecko:chart
2026-01-22,SOL,crypto,129.72621773671372,,coingecko:chart
2026-01-23,SOL,crypto,128.50157375860476,,coingecko:chart
2026-01-24,SOL,crypto,127.45408198467358,,coingecko:chart
2026-01-25,SOL,crypto,127.3909695406124,,coingecko:chart
2026-01-26,SOL,crypto,118.66203053729117,,coingecko:chart
2026-01-27,SOL,crypto,124.18651087241786,,coingecko:chart
2026-01-28,SOL,crypto,127.20506143377902,,coingecko:chart
2026-01-29,SOL,crypto,125.36504185209182,,coingecko:chart
2026-01-30,SOL,crypto,117.8829797223508,,coingecko:chart
2026-01-31,SOL,crypto,117.47753461829744,,coingecko:chart
2026-02-01,SOL,crypto,105.49281488444598,,coingecko:chart
2026-02-02,SOL,crypto,100.881066130847,,coingecko:chart
2026-02-03,SOL,crypto,104.39215459693564,,coingecko:chart
2026-02-04,SOL,crypto,97.6309479602485,,coingecko:chart
2026-02-05,SOL,crypto,92.0568681732404,,coingecko:chart
2026-02-06,SOL,crypto,78.40434132437782,,coingecko:chart
2026-02-07,SOL,crypto,86.97764557641793,,coingecko:chart
2026-02-08,SOL,crypto,87.54346373381755,,coingecko:chart
2026-02-09,SOL,crypto,87.2357989380757,,coingecko:chart
2026-02-10,SOL,crypto,86.80274713927635,,coingecko:chart
2026-02-11,SOL,crypto,82.97679507645698,,coingecko:chart
2026-02-12,SOL,crypto,79.55930152154403,,coingecko:chart
2026-02-13,SOL,crypto,78.62969332713851,,coingecko:chart
2026-02-14,SOL,crypto,84.45790130055087,,coingecko:chart
2026-02-15,SOL,crypto,88.16311329534221,,coingecko:chart
2026-02-16,SOL,crypto,86.28536644166955,,coingecko:chart
2026-02-17,SOL,crypto,86.5771448069784,,coingecko:chart
2026-02-18,SOL,crypto,85.34355742185454,,coingecko:chart
2026-02-19,SOL,crypto,81.75815785366494,,coingecko:chart
2026-02-20,SOL,crypto,82.6525984959415,,coingecko:chart
2026-02-21,SOL,crypto,84.79782002630832,,coingecko:chart
2026-02-22,SOL,crypto,85.4563629671115,,coingecko:chart
2026-02-23,SOL,crypto,78.74991176781678,,coingecko:chart
2026-02-24,SOL,crypto,78.26986413795304,,coingecko:chart
2026-02-25,SOL,crypto,79.15515746010666,,coingecko:chart
2026-02-26,SOL,crypto,88.07924459617706,,coingecko:chart
2026-02-27,SOL,crypto,86.07936596494483,,coingecko:chart
2026-02-28,SOL,crypto,82.04418185445192,,coingecko:chart
2026-03-01,SOL,crypto,84.67491088061367,,coingecko:chart
2026-03-02,SOL,crypto,83.73986956786652,,coingecko:chart
2026-03-03,SOL,crypto,86.75098086219938,,coingecko:chart
2026-03-04,SOL,crypto,87.05158771027426,,coingecko:chart
2026-03-05,SOL,crypto,91.07299801568064,,coingecko:chart
2026-03-06,SOL,crypto,88.95101498981624,,coingecko:chart
2026-03-07,SOL,crypto,84.7320068085851,,coingecko:chart
2026-03-08,SOL,crypto,83.62301487964194,,coingecko:chart
2026-03-09,SOL,crypto,81.88428957123448,,coingecko:chart
2026-03-10,SOL,crypto,85.02093175468558,,coingecko:chart
2026-03-11,SOL,crypto,85.89560657695257,,coingecko:chart
2026-03-12,SOL,crypto,86.5581504342351,,coingecko:chart
2026-03-13,SOL,crypto,86.91319465805584,,coingecko:chart
2026-03-14,SOL,crypto,88.13547874972527,,coingecko:chart
2026-03-15,SOL,crypto,88.22402192508966,,coingecko:chart
2026-03-16,SOL,crypto,92.84245908141786,,coingecko:chart
2026-03-17,SOL,crypto,95.89308559272592,,coingecko:chart
2026-03-18,SOL,crypto,94.88825668690211,,coingecko:chart
2026-03-19,SOL,crypto,90.115544198641,,coingecko:chart
2026-03-20,SOL,crypto,89.13814377366043,,coingecko:chart
2026-03-21,SOL,crypto,89.88102391501674,,coingecko:chart
2026-03-22,SOL,crypto,86.94066815337234,,coingecko:chart
2026-03-23,SOL,crypto,86.51000589698566,,coingecko:chart
2026-03-24,SOL,crypto,91.61995872641151,,coingecko:chart
2026-03-25,SOL,crypto,90.95642493892578,,coingecko:chart
2026-03-26,SOL,crypto,91.79638934133811,,coingecko:chart
2026-03-27,SOL,crypto,86.56000919831459,,coingecko:chart
2026-03-28,SOL,crypto,83.00571325553047,,coingecko:chart
2026-03-29,SOL,crypto,82.1077280474731,,coingecko:chart
2026-03-30,SOL,crypto,81.38667344193283,,coingecko:chart
2026-03-31,SOL,crypto,82.4461259589699,,coingecko:chart
2026-04-01,SOL,crypto,83.03928802068708,,coingecko:chart
2026-04-02,SOL,crypto,81.21202678364425,,coingecko:chart
2026-04-03,SOL,crypto,79.04954676326335,,coingecko:chart
2026-04-04,SOL,crypto,80.4339628863637,,coingecko:chart
2026-04-05,SOL,crypto,80.90650747975322,,coingecko:chart
2026-04-06,SOL,crypto,82.54140759499754,,coingecko:chart
2026-04-07,SOL,crypto,80.14391345270856,,coingecko:chart
2026-04-08,SOL,crypto,85.73782127486712,,coingecko:chart
2026-04-09,SOL,crypto,82.52857912633098,,coingecko:chart
2026-04-10,SOL,crypto,83.30191658280422,,coingecko:chart
2026-04-11,SOL,crypto,84.80770646580707,,coingecko:chart
2026-04-12,SOL,crypto,84.93208356676055,,coingecko:chart
2026-04-13,SOL,crypto,81.48683233639147,,coingecko:chart
2026-04-14,SOL,crypto,86.63567521441236,,coingecko:chart
2026-04-15,SOL,crypto,83.81940155901538,,coingecko:chart
2026-04-16,SOL,crypto,84.96031849144572,,coingecko:chart
2026-04-17,SOL,crypto,89.09592877870321,,coingecko:chart
2026-04-18,SOL,crypto,88.8299708972434,,coingecko:chart
2026-04-19,SOL,crypto,86.16588217188954,,coingecko:chart
2026-04-20,SOL,crypto,83.50924821523091,,coingecko:chart
2026-04-21,SOL,crypto,85.29408341135965,,coingecko:chart
2026-04-22,SOL,crypto,86.0424364200775,,coingecko:chart
2026-04-23,SOL,crypto,86.93158314182028,,coingecko:chart
2026-04-24,SOL,crypto,86.14014927124724,,coingecko:chart
2026-04-25,SOL,crypto,86.2185542154086,,coingecko:chart
2026-04-26,SOL,crypto,86.19672544782625,,coingecko:chart
2026-04-27,SOL,crypto,86.93731595191888,,coingecko:chart
2026-04-28,SOL,crypto,84.80959100944631,,coingecko:chart
2026-04-29,SOL,crypto,84.04602358960982,,coingecko:chart
2026-04-30,SOL,crypto,83.03560020545386,,coingecko:chart
2026-05-01,SOL,crypto,83.03995075848528,,coingecko:chart
2026-05-02,SOL,crypto,83.74516060974149,,coingecko:chart
2026-05-03,SOL,crypto,84.2627584319434,,coingecko:chart
2026-05-04,SOL,crypto,83.84166473387728,,coingecko:chart
2026-05-05,SOL,crypto,84.08449536741543,,coingecko:chart
2026-05-06,SOL,crypto,86.30486668344513,,coingecko:chart
2026-05-07,SOL,crypto,89.16544229478262,,coingecko:chart
2026-05-08,SOL,crypto,88.43226804224953,,coingecko:chart
2026-05-09,SOL,crypto,92.0051901272934,,coingecko:chart
2026-05-10,SOL,crypto,93.14241861919785,,coingecko:chart
2026-05-11,SOL,crypto,96.4109436575395,,coingecko:chart
2026-05-12,SOL,crypto,97.25241253260013,,coingecko:chart
2026-05-13,SOL,crypto,94.28512370471019,,coingecko:chart
2026-05-14,SOL,crypto,91.1181109418428,,coingecko:chart
2026-05-15,SOL,crypto,92.1198653434353,,coingecko:chart
2026-05-16,SOL,crypto,89.1991049638626,,coingecko:chart
2026-05-17,SOL,crypto,86.51689163386662,,coingecko:chart
2026-05-18,SOL,crypto,85.18280454864586,,coingecko:chart
2026-05-19,SOL,crypto,85.31915788905131,,coingecko:chart
2026-05-20,SOL,crypto,84.19081048342706,,coingecko:chart
2026-05-21,SOL,crypto,86.05865859618997,,coingecko:chart
2026-05-22,SOL,crypto,87.17389465455327,,coingecko:chart
2026-05-23,SOL,crypto,84.31186681406471,,coingecko:chart
2026-05-24,SOL,crypto,85.6707931191255,,coingecko:chart
2026-05-25,SOL,crypto,85.22303380051963,,coingecko:chart
2026-05-26,SOL,crypto,84.97682971506052,,coingecko:chart
2026-05-27,SOL,crypto,83.66751400447032,,coingecko:chart
2026-05-28,SOL,crypto,82.33204554881856,,coingecko:chart
2026-05-29,SOL,crypto,82.0439463262634,,coingecko:chart
2026-05-30,SOL,crypto,81.9770412126185,,coingecko:chart
2026-05-31,SOL,crypto,82.68649732797877,,coingecko:chart
2026-06-01,SOL,crypto,82.33762528669455,,coingecko:chart
2026-06-02,SOL,crypto,81.16096271852808,,coingecko:chart
2026-06-03,SOL,crypto,74.13901501343945,,coingecko:chart
2026-06-04,SOL,crypto,71.5436851656655,,coingecko:chart
2026-06-05,SOL,crypto,68.81086787182636,,coingecko:chart
2026-06-06,SOL,crypto,63.63313109112329,,coingecko:chart
2026-06-07,SOL,crypto,62.17918349826299,,coingecko:chart
2026-06-08,SOL,crypto,66.42475751544987,,coingecko:chart
2026-06-09,SOL,crypto,66.80256146212376,,coingecko:chart
2026-06-10,SOL,crypto,64.9237603504689,,coingecko:chart
2026-06-11,SOL,crypto,63.18212175433404,,coingecko:chart
2026-06-12,SOL,crypto,66.81660398292856,,coingecko:chart
2026-06-13,SOL,crypto,66.77674858898844,,coingecko:chart
2026-06-14,SOL,crypto,68.87994920794057,,coingecko:chart
2026-06-15,SOL,crypto,71.21816957667109,,coingecko:chart
2026-06-16,SOL,crypto,73.9490661555558,,coingecko:chart
2026-06-17,SOL,crypto,73.4631155495267,,coingecko:chart
2026-06-18,SOL,crypto,71.98435089991071,,coingecko:chart
2026-06-19,SOL,crypto,69.64875448394535,,coingecko:chart
2026-06-20,SOL,crypto,69.67510636134296,,coingecko:chart
2026-06-21,SOL,crypto,73.18000530963474,,coingecko:chart
2026-06-22,SOL,crypto,72.42261496688492,,coingecko:chart
2026-06-23,SOL,crypto,71.84825365060954,,coingecko:chart
2026-06-24,SOL,crypto,69.6086375465547,,coingecko:chart
2026-06-25,SOL,crypto,67.94878023470052,,coingecko:chart
2026-06-26,SOL,crypto,67.63197484567073,,coingecko:chart
2026-06-27,SOL,crypto,71.81424446301368,,coingecko:chart
2026-06-28,SOL,crypto,70.40481823828176,,coingecko:chart
2026-06-29,SOL,crypto,71.2724585453322,,coingecko:chart
2026-06-30,SOL,crypto,75.01499688974292,,coingecko:chart
2026-07-01,SOL,crypto,73.56481907476494,,coingecko:chart
2026-07-02,SOL,crypto,77.36147682738353,,coingecko:chart
2026-07-03,SOL,crypto,80.61965067731505,,coingecko:chart
2026-07-04,SOL,crypto,82.29123076434712,,coingecko:chart
2026-07-05,SOL,crypto,81.70349684813986,,coingecko:chart
2026-07-06,SOL,crypto,81.51563065259701,,coingecko:chart
2026-07-07,SOL,crypto,81.88843062284806,,coingecko:chart
2026-07-08,SOL,crypto,80.58601402999597,,coingecko:chart
2026-07-09,SOL,crypto,77.78886312209272,,coingecko:chart
2026-07-10,SOL,crypto,77.99219264415099,,coingecko:chart
2026-07-11,SOL,crypto,78.06878587097549,,coingecko:chart
2026-07-12,SOL,crypto,76.71562325891836,,coingecko:chart
2026-07-13,SOL,crypto,76.86985248774823,,coingecko:chart
2026-07-14,SOL,crypto,74.93128320593416,,coingecko:chart
2026-07-15,SOL,crypto,77.80864772344317,,coingecko:chart
2026-07-16,SOL,crypto,77.23864761387213,,coingecko:chart
2026-07-17,SOL,crypto,75.26924720120745,,coingecko:chart
2026-07-18,SOL,crypto,75.00200273777084,,coingecko:chart
2026-07-19,SOL,crypto,75.48105541148355,,coingecko:chart
2026-07-20,SOL,crypto,76.311803624947,,coingecko:chart
2026-07-21,SOL,crypto,77.74886056354681,,coingecko:chart
2026-07-22,SOL,crypto,78.08824475788602,,coingecko:chart
2026-07-23,SOL,crypto,77.93926390412061,,coingecko:chart
2026-07-24,SOL,crypto,75.85134810030104,,coingecko:chart
2026-07-25,SOL,crypto,73.90776692044658,,coingecko:chart
2026-07-26,SOL,crypto,74.47711500496659,,coingecko:chart
2026-07-27,SOL,crypto,76.69020217092319,,coingecko:chart
2026-07-28,SOL,crypto,74.14305915534644,,coingecko:chart
2026-07-29,SOL,crypto,73.77225682424617,,coingecko:chart
2026-07-30,SOL,crypto,73.61124492942123,,coingecko:chart
2026-07-31,SOL,crypto,74.46304923578987,,coingecko:chart
2026-08-01,SOL,crypto,72.79498313468054,,coingecko:chart
2026-08-02,SOL,crypto,71.89412540165443,,coingecko:chart
2026-08-03,SOL,crypto,73.5466467652331,,coingecko:chart
2026-08-04,SOL,crypto,73.48861779525183,,coingecko:chart
2026-08-05,SOL,crypto,73.7132413282771,,coingecko:chart
2026-08-06,SOL,crypto,73.98563070196333,,coingecko:chart
2026-08-07,SOL,crypto,72.63053979307217,,coingecko:chart
2026-08-08,SOL,crypto,73.61748637019244,,coingecko:chart
2026-08-09,SOL,crypto,75.95980019087798,,coingecko:chart
2026-08-10,SOL,crypto,76.2136945390063,,coingecko:chart
2026-08-11,SOL,crypto,75.92477495236717,,coingecko:chart
2026-08-12,SOL,crypto,76.21620473970299,,coingecko:chart
2026-08-13,SOL,crypto,75.5587764536576,,coingecko:chart
2026-08-14,SOL,crypto,76.20210719138348,,coingecko:chart
2026-08-15,SOL,crypto,75.3354966028721,,coingecko:chart
2026-08-16,SOL,crypto,75.27983398665542,,coingecko:chart
2026-08-17,SOL,crypto,74.5477464048606,,coingecko:chart
2026-08-18,SOL,crypto,75.9729945474511,,coingecko:chart
2026-08-19,SOL,crypto,77.00190398395006,,coingecko:chart
2026-08-20,SOL,crypto,85.33310287519124,,coingecko:chart
2026-08-21,SOL,crypto,87.6519814449933,,coingecko:chart
2026-08-22,SOL,crypto,93.69380351149786,,coingecko:chart
2026-08-23,SOL,crypto,93.88470787526389,,coingecko:chart
2026-08-24,SOL,crypto,95.4075653871385,,coingecko:chart
2026-08-25,SOL,crypto,98.86721922605619,,coingecko:chart
2026-08-26,SOL,crypto,96.57633057135781,,coingecko:chart
2026-08-27,SOL,crypto,102.04890414405412,,coingecko:chart
2026-08-28,SOL,crypto,109.17730597799657,,coingecko:chart
2026-08-29,SOL,crypto,104.11408013203007,,coingecko:chart
2026-08-30,SOL,crypto,105.5938871300456,,coingecko:chart
2026-08-31,SOL,crypto,101.68286901296827,,coingecko:chart
2026-09-01,SOL,crypto,103.01068194219994,,coingecko:chart
2026-09-02,SOL,crypto,99.96528544069069,,coingecko:chart
2026-09-03,SOL,crypto,100.39064957766638,,coingecko:chart
2026-09-04,SOL,crypto,103.96051784332946,,coingecko:chart
2026-09-05,SOL,crypto,101.92907583272797,,coingecko:chart
2026-09-06,SOL,crypto,103.16637621681609,,coingecko:chart
2026-09-07,SOL,crypto,106.49007263898544,,coingecko:chart
2026-09-08,SOL,crypto,103.77243552193976,,coingecko:chart
2026-09-09,SOL,crypto,103.36010446946287,,coingecko:chart
2026-09-10,SOL,crypto,101.56828258356754,,coingecko:chart
2026-09-11,SOL,crypto,98.63125822911633,,coingecko:chart
2026-09-12,SOL,crypto,102.39440297526501,,coingecko:chart
2026-09-13,SOL,crypto,101.75239313261922,,coingecko:chart
2026-09-13,SOL,crypto,101.11695037602347,,coingecko:chart
2025-09-14,USDT,crypto,1.000576806871364,,coingecko:chart
2025-09-15,USDT,crypto,1.0006244703036051,,coingecko:chart
2025-09-16,USDT,crypto,1.000316787583556,,coingecko:chart
2025-09-17,USDT,crypto,1.0003641036170647,,coingecko:chart
2025-09-18,USDT,crypto,1.0003191325499747,,coingecko:chart
2025-09-19,USDT,crypto,1.0003547577553138,,coingecko:chart
2025-09-20,USDT,crypto,1.000440455542206,,coingecko:chart
2025-09-21,USDT,crypto,1.0004074367911122,,coingecko:chart
2025-09-22,USDT,crypto,1.0004689106229934,,coingecko:chart
2025-09-23,USDT,crypto,1.000808291551875,,coingecko:chart
2025-09-24,USDT,crypto,1.0002028705058388,,coingecko:chart
2025-09-25,USDT,crypto,1.0003353777388937,,coingecko:chart
2025-09-26,USDT,crypto,1.0005069030327227,,coingecko:chart
2025-09-27,USDT,crypto,1.0005283197682366,,coingecko:chart
2025-09-28,USDT,crypto,1.0006000332252691,,coingecko:chart
2025-09-29,USDT,crypto,1.0003092403139358,,coingecko:chart
2025-09-30,USDT,crypto,1.0004470317388705,,coingecko:chart
2025-10-01,USDT,crypto,1.0000249949916378,,coingecko:chart
2025-10-02,USDT,crypto,1.0004552652269978,,coingecko:chart
2025-10-03,USDT,crypto,1.0004690294217136,,coingecko:chart
2025-10-04,USDT,crypto,1.0005406899735831,,coingecko:chart
2025-10-05,USDT,crypto,1.0003775279421727,,coingecko:chart
2025-10-06,USDT,crypto,1.0002265178338232,,coingecko:chart
2025-10-07,USDT,crypto,1.000319008364658,,coingecko:chart
2025-10-08,USDT,crypto,1.0003488972071828,,coingecko:chart
2025-10-09,USDT,crypto,1.000249150782755,,coingecko:chart
2025-10-10,USDT,crypto,1.0004969645540007,,coingecko:chart
2025-10-11,USDT,crypto,1.0017394407420666,,coingecko:chart
2025-10-12,USDT,crypto,1.0015713951919227,,coingecko:chart
2025-10-13,USDT,crypto,1.0012090401312448,,coingecko:chart
2025-10-14,USDT,crypto,1.0010216081225078,,coingecko:chart
2025-10-15,USDT,crypto,1.0006626487826449,,coingecko:chart
2025-10-16,USDT,crypto,1.0007616464467108,,coingecko:chart
2025-10-17,USDT,crypto,1.0005049822947896,,coingecko:chart
2025-10-18,USDT,crypto,1.0007435264526368,,coingecko:chart
2025-10-19,USDT,crypto,1.0005842107102871,,coingecko:chart
2025-10-20,USDT,crypto,1.0005932818005,,coingecko:chart
2025-10-21,USDT,crypto,1.0005328153184754,,coingecko:chart
2025-10-22,USDT,crypto,1.0005461388459322,,coingecko:chart
2025-10-23,USDT,crypto,1.0003830538217613,,coingecko:chart
2025-10-24,USDT,crypto,1.000448974206458,,coingecko:chart
2025-10-25,USDT,crypto,1.0003900542948034,,coingecko:chart
2025-10-26,USDT,crypto,1.0003962928175032,,coingecko:chart
2025-10-27,USDT,crypto,1.0000949292803192,,coingecko:chart
2025-10-28,USDT,crypto,1.0001325669855952,,coingecko:chart
2025-10-29,USDT,crypto,1.0003165591560037,,coingecko:chart
2025-10-30,USDT,crypto,1.0003290362082176,,coingecko:chart
2025-10-31,USDT,crypto,1.0002506325997242,,coingecko:chart
2025-11-01,USDT,crypto,0.9997345661952466,,coingecko:chart
2025-11-02,USDT,crypto,0.9998709430583818,,coingecko:chart
2025-11-03,USDT,crypto,0.999993847327561,,coingecko:chart
2025-11-04,USDT,crypto,0.9999077329068164,,coingecko:chart
2025-11-05,USDT,crypto,1.0000171081502,,coingecko:chart
2025-11-06,USDT,crypto,1.0000507402754248,,coingecko:chart
2025-11-07,USDT,crypto,0.9996149674972749,,coingecko:chart
2025-11-08,USDT,crypto,0.9994755607214236,,coingecko:chart
2025-11-09,USDT,crypto,0.9997781233646436,,coingecko:chart
2025-11-10,USDT,crypto,0.999933940963397,,coingecko:chart
2025-11-11,USDT,crypto,0.9996494583348062,,coingecko:chart
2025-11-12,USDT,crypto,0.9994367482658756,,coingecko:chart
2025-11-13,USDT,crypto,0.9998498442947212,,coingecko:chart
2025-11-14,USDT,crypto,0.9995563574678672,,coingecko:chart
2025-11-15,USDT,crypto,0.9990279253079662,,coingecko:chart
2025-11-16,USDT,crypto,0.9996174180238316,,coingecko:chart
2025-11-17,USDT,crypto,0.9994664267670036,,coingecko:chart
2025-11-18,USDT,crypto,0.9990132469477836,,coingecko:chart
2025-11-19,USDT,crypto,0.9995141274387312,,coingecko:chart
2025-11-20,USDT,crypto,0.99918535555469,,coingecko:chart
2025-11-21,USDT,crypto,0.9989445543519508,,coingecko:chart
2025-11-22,USDT,crypto,0.9995821151492124,,coingecko:chart
2025-11-23,USDT,crypto,0.999622758268959,,coingecko:chart
2025-11-24,USDT,crypto,0.9998233431731418,,coingecko:chart
2025-11-25,USDT,crypto,0.9998498773358704,,coingecko:chart
2025-11-26,USDT,crypto,0.9997328728520452,,coingecko:chart
2025-11-27,USDT,crypto,0.999971476914114,,coingecko:chart
2025-11-28,USDT,crypto,0.9999848135115972,,coingecko:chart
2025-11-29,USDT,crypto,1.0002491933071564,,coingecko:chart
2025-11-30,USDT,crypto,1.0003013453160328,,coingecko:chart
2025-12-01,USDT,crypto,1.0001932588829208,,coingecko:chart
2025-12-02,USDT,crypto,1.0000766381180937,,coingecko:chart
2025-12-03,USDT,crypto,1.000358577874569,,coingecko:chart
2025-12-04,USDT,crypto,1.0002865588860543,,coingecko:chart
2025-12-05,USDT,crypto,1.0001940665839886,,coingecko:chart
2025-12-06,USDT,crypto,1.0002406986092007,,coingecko:chart
2025-12-07,USDT,crypto,1.0002620586547162,,coingecko:chart
2025-12-08,USDT,crypto,1.000217479246165,,coingecko:chart
2025-12-09,USDT,crypto,1.0001157164479302,,coingecko:chart
2025-12-10,USDT,crypto,1.000103049355251,,coingecko:chart
2025-12-11,USDT,crypto,1.000220463695655,,coingecko:chart
2025-12-12,USDT,crypto,1.0001982112594614,,coingecko:chart
2025-12-13,USDT,crypto,1.0001724526170432,,coingecko:chart
2025-12-14,USDT,crypto,1.0002048608993803,,coingecko:chart
2025-12-15,USDT,crypto,1.00019031632753,,coingecko:chart
2025-12-16,USDT,crypto,1.0000355518186628,,coingecko:chart
2025-12-17,USDT,crypto,0.9999132098992476,,coingecko:chart
2025-12-18,USDT,crypto,0.9998204078945946,,coingecko:chart
2025-12-19,USDT,crypto,0.9995585304683968,,coingecko:chart
2025-12-20,USDT,crypto,0.9994676660033008,,coingecko:chart
2025-12-21,USDT,crypto,0.999758149935464,,coingecko:chart
2025-12-22,USDT,crypto,0.9997827756969716,,coingecko:chart
2025-12-23,USDT,crypto,0.9995272845166544,,coingecko:chart
2025-12-24,USDT,crypto,0.9994763027436544,,coingecko:chart
2025-12-25,USDT,crypto,0.9995334952340048,,coingecko:chart
2025-12-26,USDT,crypto,0.9995120557594676,,coingecko:chart
2025-12-27,USDT,crypto,0.999341165090903,,coingecko:chart
2025-12-28,USDT,crypto,0.9994758580499756,,coingecko:chart
2025-12-29,USDT,crypto,0.999354656877494,,coingecko:chart
2025-12-30,USDT,crypto,0.9989103714642767,,coingecko:chart
2025-12-31,USDT,crypto,0.9990319248051008,,coingecko:chart
2026-01-01,USDT,crypto,0.9988879005551584,,coingecko:chart
2026-01-02,USDT,crypto,0.9989448058238586,,coingecko:chart
2026-01-03,USDT,crypto,0.9995758064068687,,coingecko:chart
2026-01-04,USDT,crypto,0.9996004521295695,,coingecko:chart
2026-01-05,USDT,crypto,0.9995779025232452,,coingecko:chart
2026-01-06,USDT,crypto,0.9998942037627081,,coingecko:chart
2026-01-07,USDT,crypto,0.9996472708878295,,coingecko:chart
2026-01-08,USDT,crypto,0.9993778909590088,,coingecko:chart
2026-01-09,USDT,crypto,0.9992872367962841,,coingecko:chart
2026-01-10,USDT,crypto,0.9989522729720297,,coingecko:chart
2026-01-11,USDT,crypto,0.9988980819867569,,coingecko:chart
2026-01-12,USDT,crypto,0.9988188579598742,,coingecko:chart
2026-01-13,USDT,crypto,0.9989805875441197,,coingecko:chart
2026-01-14,USDT,crypto,0.9994373788404903,,coingecko:chart
2026-01-15,USDT,crypto,0.9998590670369738,,coingecko:chart
2026-01-16,USDT,crypto,0.999674430007557,,coingecko:chart
2026-01-17,USDT,crypto,0.9996032330555287,,coingecko:chart
2026-01-18,USDT,crypto,0.9996188373857083,,coingecko:chart
2026-01-19,USDT,crypto,0.9996512104142635,,coingecko:chart
2026-01-20,USDT,crypto,0.9994784208609079,,coingecko:chart
2026-01-21,USDT,crypto,0.999075936097345,,coingecko:chart
2026-01-22,USDT,crypto,0.9992321173776572,,coingecko:chart
2026-01-23,USDT,crypto,0.9992112119866924,,coingecko:chart
2026-01-24,USDT,crypto,0.998886994335272,,coingecko:chart
2026-01-25,USDT,crypto,0.998685183580697,,coingecko:chart
2026-01-26,USDT,crypto,0.9991533365680776,,coingecko:chart
2026-01-27,USDT,crypto,0.999074158438655,,coingecko:chart
2026-01-28,USDT,crypto,0.9989729276071556,,coingecko:chart
2026-01-29,USDT,crypto,0.9988394036750715,,coingecko:chart
2026-01-30,USDT,crypto,0.9987251185933675,,coingecko:chart
2026-01-31,USDT,crypto,0.9987954497223324,,coingecko:chart
2026-02-01,USDT,crypto,0.9990619525427709,,coingecko:chart
2026-02-02,USDT,crypto,0.9992695397760992,,coingecko:chart
2026-02-03,USDT,crypto,0.9993696919978253,,coingecko:chart
2026-02-04,USDT,crypto,0.9988330241850284,,coingecko:chart
2026-02-05,USDT,crypto,0.9983598210538084,,coingecko:chart
2026-02-06,USDT,crypto,0.9985458743633499,,coingecko:chart
2026-02-07,USDT,crypto,0.9995479765642489,,coingecko:chart
2026-02-08,USDT,crypto,0.9994890411434894,,coingecko:chart
2026-02-09,USDT,crypto,0.9995790007861678,,coingecko:chart
2026-02-10,USDT,crypto,0.9995862056169436,,coingecko:chart
2026-02-11,USDT,crypto,0.999591379702612,,coingecko:chart
2026-02-12,USDT,crypto,0.9994311739035185,,coingecko:chart
2026-02-13,USDT,crypto,0.9994543164399945,,coingecko:chart
2026-02-14,USDT,crypto,0.9996421987862967,,coingecko:chart
2026-02-15,USDT,crypto,0.9997279666371912,,coingecko:chart
2026-02-16,USDT,crypto,0.999715989509018,,coingecko:chart
2026-02-17,USDT,crypto,0.999691451565424,,coingecko:chart
2026-02-18,USDT,crypto,0.9996623244124784,,coingecko:chart
2026-02-19,USDT,crypto,0.9997245880076261,,coingecko:chart
2026-02-20,USDT,crypto,0.9997577291038109,,coingecko:chart
2026-02-21,USDT,crypto,0.9997175782850583,,coingecko:chart
2026-02-22,USDT,crypto,0.9998383859547713,,coingecko:chart
2026-02-23,USDT,crypto,0.9999286964475942,,coingecko:chart
2026-02-24,USDT,crypto,0.9997767634414362,,coingecko:chart
2026-02-25,USDT,crypto,1.0000438412642458,,coingecko:chart
2026-02-26,USDT,crypto,1.0000858748187451,,coingecko:chart
2026-02-27,USDT,crypto,1.0000144763109229,,coingecko:chart
2026-02-28,USDT,crypto,1.0000281835017166,,coingecko:chart
2026-03-01,USDT,crypto,1.000102347058182,,coingecko:chart
2026-03-02,USDT,crypto,1.0000465365952496,,coingecko:chart
2026-03-03,USDT,crypto,0.9999689558728245,,coingecko:chart
2026-03-04,USDT,crypto,0.9999491043475452,,coingecko:chart
2026-03-05,USDT,crypto,1.0001020502397493,,coingecko:chart
2026-03-06,USDT,crypto,1.0000543982698527,,coingecko:chart
2026-03-07,USDT,crypto,0.9999466145059103,,coingecko:chart
2026-03-08,USDT,crypto,0.9999890272459505,,coingecko:chart
2026-03-09,USDT,crypto,0.9999745987735309,,coingecko:chart
2026-03-10,USDT,crypto,1.0000624383715133,,coingecko:chart
2026-03-11,USDT,crypto,1.0000314625277567,,coingecko:chart
2026-03-12,USDT,crypto,1.0000627699088032,,coingecko:chart
2026-03-13,USDT,crypto,1.000003898970279,,coingecko:chart
2026-03-14,USDT,crypto,1.0000688069992778,,coingecko:chart
2026-03-15,USDT,crypto,1.0000898341464455,,coingecko:chart
2026-03-16,USDT,crypto,1.0000747118431978,,coingecko:chart
2026-03-17,USDT,crypto,0.9999527472449043,,coingecko:chart
2026-03-18,USDT,crypto,1.000135884062071,,coingecko:chart
2026-03-19,USDT,crypto,0.999972208954338,,coingecko:chart
2026-03-20,USDT,crypto,1.0000096219010974,,coingecko:chart
2026-03-21,USDT,crypto,0.9998772079199817,,coingecko:chart
2026-03-22,USDT,crypto,0.9998988818551717,,coingecko:chart
2026-03-23,USDT,crypto,0.9998052514110612,,coingecko:chart
2026-03-24,USDT,crypto,0.9997778044760346,,coingecko:chart
2026-03-25,USDT,crypto,0.9996287978620707,,coingecko:chart
2026-03-26,USDT,crypto,0.9997019943765516,,coingecko:chart
2026-03-27,USDT,crypto,0.999428282642224,,coingecko:chart
2026-03-28,USDT,crypto,0.9993721293612566,,coingecko:chart
2026-03-29,USDT,crypto,0.9994121227833229,,coingecko:chart
2026-03-30,USDT,crypto,0.9994841563176875,,coingecko:chart
2026-03-31,USDT,crypto,0.999289323461007,,coingecko:chart
2026-04-01,USDT,crypto,0.9992506184240884,,coingecko:chart
2026-04-02,USDT,crypto,0.9999505995585634,,coingecko:chart
2026-04-03,USDT,crypto,1.0004665269448485,,coingecko:chart
2026-04-04,USDT,crypto,0.9999319969342069,,coingecko:chart
2026-04-05,USDT,crypto,0.9998452720540492,,coingecko:chart
2026-04-06,USDT,crypto,0.9997395269003277,,coingecko:chart
2026-04-07,USDT,crypto,1.0001087196328455,,coingecko:chart
2026-04-08,USDT,crypto,0.9998338176107432,,coingecko:chart
2026-04-09,USDT,crypto,0.9999469682230139,,coingecko:chart
2026-04-10,USDT,crypto,0.999938293786661,,coingecko:chart
2026-04-11,USDT,crypto,1.0001815106037026,,coingecko:chart
2026-04-12,USDT,crypto,1.000176032246123,,coingecko:chart
2026-04-13,USDT,crypto,1.0000602099170357,,coingecko:chart
2026-04-14,USDT,crypto,1.0001840569325096,,coingecko:chart
2026-04-15,USDT,crypto,1.0001981913398683,,coingecko:chart
2026-04-16,USDT,crypto,1.0000993859914804,,coingecko:chart
2026-04-17,USDT,crypto,1.0000078232240905,,coingecko:chart
2026-04-18,USDT,crypto,1.0001746298085643,,coingecko:chart
2026-04-19,USDT,crypto,1.0001493454331734,,coingecko:chart
2026-04-20,USDT,crypto,1.0002178969581084,,coingecko:chart
2026-04-21,USDT,crypto,1.0001718516413016,,coingecko:chart
2026-04-22,USDT,crypto,1.0001105003505013,,coingecko:chart
2026-04-23,USDT,crypto,1.0000847125747914,,coingecko:chart
2026-04-24,USDT,crypto,1.0001460056351292,,coingecko:chart
2026-04-25,USDT,crypto,1.0001199871952942,,coingecko:chart
2026-04-26,USDT,crypto,1.000137441382784,,coingecko:chart
2026-04-27,USDT,crypto,1.0000606030553172,,coingecko:chart
2026-04-28,USDT,crypto,0.999877658454086,,coingecko:chart
2026-04-29,USDT,crypto,0.9998194447281278,,coingecko:chart
2026-04-30,USDT,crypto,0.9996267653044212,,coingecko:chart
2026-05-01,USDT,crypto,0.9995499304989109,,coingecko:chart
2026-05-02,USDT,crypto,0.9997934416626284,,coingecko:chart
2026-05-03,USDT,crypto,0.9998505791173832,,coingecko:chart
2026-05-04,USDT,crypto,0.9997765173462133,,coingecko:chart
2026-05-05,USDT,crypto,0.9998102558717602,,coingecko:chart
2026-05-06,USDT,crypto,0.9998560411766596,,coingecko:chart
2026-05-07,USDT,crypto,0.9998677361650202,,coingecko:chart
2026-05-08,USDT,crypto,0.9999157782129442,,coingecko:chart
2026-05-09,USDT,crypto,0.9998927137406666,,coingecko:chart
2026-05-10,USDT,crypto,0.9998003306150335,,coingecko:chart
2026-05-11,USDT,crypto,0.9998640660008973,,coingecko:chart
2026-05-12,USDT,crypto,0.9997013714408102,,coingecko:chart
2026-05-13,USDT,crypto,0.9996977659101502,,coingecko:chart
2026-05-14,USDT,crypto,0.9996035089013227,,coingecko:chart
2026-05-15,USDT,crypto,0.9997064318591652,,coingecko:chart
2026-05-16,USDT,crypto,0.9994568397573957,,coingecko:chart
2026-05-17,USDT,crypto,0.9995742803348563,,coingecko:chart
2026-05-18,USDT,crypto,0.9995225074598388,,coingecko:chart
2026-05-19,USDT,crypto,0.9993743995163152,,coingecko:chart
2026-05-20,USDT,crypto,0.9991225751911934,,coingecko:chart
2026-05-21,USDT,crypto,0.9991363029171384,,coingecko:chart
2026-05-22,USDT,crypto,0.9991255517373622,,coingecko:chart
2026-05-23,USDT,crypto,0.9989811061160956,,coingecko:chart
2026-05-24,USDT,crypto,0.999054616238467,,coingecko:chart
2026-05-25,USDT,crypto,0.9991874192537139,,coingecko:chart
2026-05-26,USDT,crypto,0.9991929092470497,,coingecko:chart
2026-05-27,USDT,crypto,0.9987611759082343,,coingecko:chart
2026-05-28,USDT,crypto,0.9985366515587585,,coingecko:chart
2026-05-29,USDT,crypto,0.998770351225125,,coingecko:chart
2026-05-30,USDT,crypto,0.9988627393787438,,coingecko:chart
2026-05-31,USDT,crypto,0.9989151277132622,,coingecko:chart
2026-06-01,USDT,crypto,0.9990691266283961,,coingecko:chart
2026-06-02,USDT,crypto,0.9987533388492662,,coingecko:chart
2026-06-03,USDT,crypto,0.9988046100816032,,coingecko:chart
2026-06-04,USDT,crypto,0.9988904214496319,,coingecko:chart
2026-06-05,USDT,crypto,0.999201332647666,,coingecko:chart
2026-06-06,USDT,crypto,0.999642933740026,,coingecko:chart
2026-06-07,USDT,crypto,0.9996635292027043,,coingecko:chart
2026-06-08,USDT,crypto,0.9995554186560917,,coingecko:chart
2026-06-09,USDT,crypto,0.9996729672353801,,coingecko:chart
2026-06-10,USDT,crypto,0.9995193536837321,,coingecko:chart
2026-06-11,USDT,crypto,0.9992861885656859,,coingecko:chart
2026-06-12,USDT,crypto,0.9993570999235487,,coingecko:chart
2026-06-13,USDT,crypto,0.999510320142064,,coingecko:chart
2026-06-14,USDT,crypto,0.9996051588377717,,coingecko:chart
2026-06-15,USDT,crypto,0.9994561572114845,,coingecko:chart
2026-06-16,USDT,crypto,0.9994762406779987,,coingecko:chart
2026-06-17,USDT,crypto,0.9991762419588565,,coingecko:chart
2026-06-18,USDT,crypto,0.9992226023406393,,coingecko:chart
2026-06-19,USDT,crypto,0.9990628477563616,,coingecko:chart
2026-06-20,USDT,crypto,0.999163113831568,,coingecko:chart
2026-06-21,USDT,crypto,0.9989265990459126,,coingecko:chart
2026-06-22,USDT,crypto,0.9990583756576669,,coingecko:chart
2026-06-23,USDT,crypto,0.998909836253885,,coingecko:chart
2026-06-24,USDT,crypto,0.9989199887679736,,coingecko:chart
2026-06-25,USDT,crypto,0.9987043328512855,,coingecko:chart
2026-06-26,USDT,crypto,0.9988088492468622,,coingecko:chart
2026-06-27,USDT,crypto,0.9988387887149991,,coingecko:chart
2026-06-28,USDT,crypto,0.9987484803537419,,coingecko:chart
2026-06-29,USDT,crypto,0.9987192601909981,,coingecko:chart
2026-06-30,USDT,crypto,0.9987471059346845,,coingecko:chart
2026-07-01,USDT,crypto,0.9987016288620424,,coingecko:chart
2026-07-02,USDT,crypto,0.9990740518727276,,coingecko:chart
2026-07-03,USDT,crypto,0.9990157804390076,,coingecko:chart
2026-07-04,USDT,crypto,0.9991833221409386,,coingecko:chart
2026-07-05,USDT,crypto,0.9991822418187543,,coingecko:chart
2026-07-06,USDT,crypto,0.9992823268493486,,coingecko:chart
2026-07-07,USDT,crypto,0.9993923252753397,,coingecko:chart
2026-07-08,USDT,crypto,0.9994140535160283,,coingecko:chart
2026-07-09,USDT,crypto,0.9992740897896317,,coingecko:chart
2026-07-10,USDT,crypto,0.9993733502907278,,coingecko:chart
2026-07-11,USDT,crypto,0.9994579479210237,,coingecko:chart
2026-07-12,USDT,crypto,0.9995413430491851,,coingecko:chart
2026-07-13,USDT,crypto,0.9994782149381712,,coingecko:chart
2026-07-14,USDT,crypto,0.999069586810149,,coingecko:chart
2026-07-15,USDT,crypto,0.9994264369133764,,coingecko:chart
2026-07-16,USDT,crypto,0.9994413473924197,,coingecko:chart
2026-07-17,USDT,crypto,0.9994096078268669,,coingecko:chart
2026-07-18,USDT,crypto,0.9994370992206554,,coingecko:chart
2026-07-19,USDT,crypto,0.9994337449517521,,coingecko:chart
2026-07-20,USDT,crypto,0.9992984903085976,,coingecko:chart
2026-07-21,USDT,crypto,0.999361850289122,,coingecko:chart
2026-07-22,USDT,crypto,0.9994262188970253,,coingecko:chart
2026-07-23,USDT,crypto,0.9995387165809019,,coingecko:chart
2026-07-24,USDT,crypto,0.9993556921605125,,coingecko:chart
2026-07-25,USDT,crypto,0.9992388875300753,,coingecko:chart
2026-07-26,USDT,crypto,0.9992588690563055,,coingecko:chart
2026-07-27,USDT,crypto,0.9992604265910845,,coingecko:chart
2026-07-28,USDT,crypto,0.999191432250738,,coingecko:chart
2026-07-29,USDT,crypto,0.9991906195640794,,coingecko:chart
2026-07-30,USDT,crypto,0.9990496281303985,,coingecko:chart
2026-07-31,USDT,crypto,0.9993402690258781,,coingecko:chart
2026-08-01,USDT,crypto,0.9991161681748117,,coingecko:chart
2026-08-02,USDT,crypto,0.9992601141452601,,coingecko:chart
2026-08-03,USDT,crypto,0.9991060702917592,,coingecko:chart
2026-08-04,USDT,crypto,0.9991739029441313,,coingecko:chart
2026-08-05,USDT,crypto,0.999364844135701,,coingecko:chart
2026-08-06,USDT,crypto,0.9991821540010423,,coingecko:chart
2026-08-07,USDT,crypto,0.999244347066471,,coingecko:chart
2026-08-08,USDT,crypto,0.9994776147290675,,coingecko:chart
2026-08-09,USDT,crypto,0.9994009881000174,,coingecko:chart
2026-08-10,USDT,crypto,0.9993470251268441,,coingecko:chart
2026-08-11,USDT,crypto,0.9991784584441974,,coingecko:chart
2026-08-12,USDT,crypto,0.9992195426699794,,coingecko:chart
2026-08-13,USDT,crypto,0.9991141368376175,,coingecko:chart
2026-08-14,USDT,crypto,0.9991344768356838,,coingecko:chart
2026-08-15,USDT,crypto,0.9991599565146845,,coingecko:chart
2026-08-16,USDT,crypto,0.9991931311937366,,coingecko:chart
2026-08-17,USDT,crypto,0.9992046149606036,,coingecko:chart
2026-08-18,USDT,crypto,0.9992460643216048,,coingecko:chart
2026-08-19,USDT,crypto,0.9994119392179321,,coingecko:chart
2026-08-20,USDT,crypto,0.9995166270736895,,coingecko:chart
2026-08-21,USDT,crypto,0.9996912588227503,,coingecko:chart
2026-08-22,USDT,crypto,0.9998253602704854,,coingecko:chart
2026-08-23,USDT,crypto,0.9997848991914688,,coingecko:chart
2026-08-24,USDT,crypto,0.9998636509860196,,coingecko:chart
2026-08-25,USDT,crypto,0.999850092573951,,coingecko:chart
2026-08-26,USDT,crypto,0.9998784774660544,,coingecko:chart
2026-08-27,USDT,crypto,0.9999973243772576,,coingecko:chart
2026-08-28,USDT,crypto,1.000112482078496,,coingecko:chart
2026-08-29,USDT,crypto,0.9999384447041266,,coingecko:chart
2026-08-30,USDT,crypto,0.9999805588046261,,coingecko:chart
2026-08-31,USDT,crypto,0.9998963999707251,,coingecko:chart
2026-09-01,USDT,crypto,0.9997679686406538,,coingecko:chart
2026-09-02,USDT,crypto,0.9996164409411091,,coingecko:chart
2026-09-03,USDT,crypto,0.999685870685665,,coingecko:chart
2026-09-04,USDT,crypto,0.99997949460755,,coingecko:chart
2026-09-05,USDT,crypto,1.0002182059066203,,coingecko:chart
2026-09-06,USDT,crypto,1.0000643181538638,,coingecko:chart
2026-09-07,USDT,crypto,0.9999573819501033,,coingecko:chart
2026-09-08,USDT,crypto,0.9998494087849482,,coingecko:chart
2026-09-09,USDT,crypto,0.9998294771340218,,coingecko:chart
2026-09-10,USDT,crypto,0.9997364098514807,,coingecko:chart
2026-09-11,USDT,crypto,0.9997033891056128,,coingecko:chart
2026-09-12,USDT,crypto,0.9998130206767825,,coingecko:chart
2026-09-13,USDT,crypto,0.9998612255253199,,coingecko:chart
2026-09-13,USDT,crypto,0.999745184927625,,coingecko:chart
2025-09-14,XMR,crypto,286.44964116431055,,coingecko:chart
2025-09-15,XMR,crypto,306.57982520938424,,coingecko:chart
2025-09-16,XMR,crypto,305.9273479915564,,coingecko:chart
2025-09-17,XMR,crypto,319.6588522066054,,coingecko:chart
2025-09-18,XMR,crypto,301.5495527358849,,coingecko:chart
2025-09-19,XMR,crypto,299.2880142653508,,coingecko:chart
2025-09-20,XMR,crypto,294.25821044929825,,coingecko:chart
2025-09-21,XMR,crypto,299.064712727661,,coingecko:chart
2025-09-22,XMR,crypto,292.83507518439075,,coingecko:chart
2025-09-23,XMR,crypto,290.0283260535752,,coingecko:chart
2025-09-24,XMR,crypto,291.65009871064643,,coingecko:chart
2025-09-25,XMR,crypto,292.56645783667835,,coingecko:chart
2025-09-26,XMR,crypto,289.11950303259215,,coingecko:chart
2025-09-27,XMR,crypto,287.7197707090484,,coingecko:chart
2025-09-28,XMR,crypto,286.5600708521412,,coingecko:chart
2025-09-29,XMR,crypto,290.5598535055427,,coingecko:chart
2025-09-30,XMR,crypto,292.88292442496106,,coingecko:chart
2025-10-01,XMR,crypto,295.3618970445838,,coingecko:chart
2025-10-02,XMR,crypto,312.66269057599135,,coingecko:chart
2025-10-03,XMR,crypto,333.3351981954046,,coingecko:chart
2025-10-04,XMR,crypto,323.88298999206916,,coingecko:chart
2025-10-05,XMR,crypto,330.4152474940654,,coingecko:chart
2025-10-06,XMR,crypto,321.8119498622183,,coingecko:chart
2025-10-07,XMR,crypto,310.4706819324142,,coingecko:chart
2025-10-08,XMR,crypto,318.52004058288094,,coingecko:chart
2025-10-09,XMR,crypto,333.79491940431325,,coingecko:chart
2025-10-10,XMR,crypto,341.98201742948913,,coingecko:chart
2025-10-11,XMR,crypto,294.1978788410335,,coingecko:chart
2025-10-12,XMR,crypto,298.7460117642266,,coingecko:chart
2025-10-13,XMR,crypto,303.96012618714525,,coingecko:chart
2025-10-14,XMR,crypto,311.10113777330605,,coingecko:chart
2025-10-15,XMR,crypto,312.61669438621925,,coingecko:chart
2025-10-16,XMR,crypto,318.3852865338861,,coingecko:chart
2025-10-17,XMR,crypto,301.8252499605201,,coingecko:chart
2025-10-18,XMR,crypto,291.5727090672209,,coingecko:chart
2025-10-19,XMR,crypto,308.20840465703606,,coingecko:chart
2025-10-20,XMR,crypto,315.5856388930141,,coingecko:chart
2025-10-21,XMR,crypto,310.05027334563,,coingecko:chart
2025-10-22,XMR,crypto,304.87682316197817,,coingecko:chart
2025-10-23,XMR,crypto,312.2990755319903,,coingecko:chart
2025-10-24,XMR,crypto,323.54004279473435,,coingecko:chart
2025-10-25,XMR,crypto,327.2585574175901,,coingecko:chart
2025-10-26,XMR,crypto,333.6689744922588,,coingecko:chart
2025-10-27,XMR,crypto,347.1825554693081,,coingecko:chart
2025-10-28,XMR,crypto,341.37977914368065,,coingecko:chart
2025-10-29,XMR,crypto,335.2301835001634,,coingecko:chart
2025-10-30,XMR,crypto,338.0071440626545,,coingecko:chart
2025-10-31,XMR,crypto,323.82622272158744,,coingecko:chart
2025-11-01,XMR,crypto,334.84644445279264,,coingecko:chart
2025-11-02,XMR,crypto,348.49930328070815,,coingecko:chart
2025-11-03,XMR,crypto,347.15375083549435,,coingecko:chart
2025-11-04,XMR,crypto,345.1926343579509,,coingecko:chart
2025-11-05,XMR,crypto,338.70645717293917,,coingecko:chart
2025-11-06,XMR,crypto,342.8212176637658,,coingecko:chart
2025-11-07,XMR,crypto,359.260116976711,,coingecko:chart
2025-11-08,XMR,crypto,368.5501366359564,,coingecko:chart
2025-11-09,XMR,crypto,367.3819672732687,,coingecko:chart
2025-11-10,XMR,crypto,417.3682781935583,,coingecko:chart
2025-11-11,XMR,crypto,387.36019655196515,,coingecko:chart
2025-11-12,XMR,crypto,370.3440547412842,,coingecko:chart
2025-11-13,XMR,crypto,387.7943692521271,,coingecko:chart
2025-11-14,XMR,crypto,385.9587077144024,,coingecko:chart
2025-11-15,XMR,crypto,391.8337026969998,,coingecko:chart
2025-11-16,XMR,crypto,422.0421225327094,,coingecko:chart
2025-11-17,XMR,crypto,406.01417887994694,,coingecko:chart
2025-11-18,XMR,crypto,406.15196919443906,,coingecko:chart
2025-11-19,XMR,crypto,403.3853406451643,,coingecko:chart
2025-11-20,XMR,crypto,366.2365371878481,,coingecko:chart
2025-11-21,XMR,crypto,339.2437248942636,,coingecko:chart
2025-11-22,XMR,crypto,335.7669906405727,,coingecko:chart
2025-11-23,XMR,crypto,369.51561119268706,,coingecko:chart
2025-11-24,XMR,crypto,389.7543745485505,,coingecko:chart
2025-11-25,XMR,crypto,387.2932930543181,,coingecko:chart
2025-11-26,XMR,crypto,384.62735802591953,,coingecko:chart
2025-11-27,XMR,crypto,398.5601186688157,,coingecko:chart
2025-11-28,XMR,crypto,409.3325825024634,,coingecko:chart
2025-11-29,XMR,crypto,411.16436402790225,,coingecko:chart
2025-11-30,XMR,crypto,412.6717701274691,,coingecko:chart
2025-12-01,XMR,crypto,436.9171594203683,,coingecko:chart
2025-12-02,XMR,crypto,406.78199006464985,,coingecko:chart
2025-12-03,XMR,crypto,398.33072859305463,,coingecko:chart
2025-12-04,XMR,crypto,408.449999090354,,coingecko:chart
2025-12-05,XMR,crypto,402.7262228499442,,coingecko:chart
2025-12-06,XMR,crypto,399.3679603769939,,coingecko:chart
2025-12-07,XMR,crypto,392.5420415867004,,coingecko:chart
2025-12-08,XMR,crypto,362.6837945392761,,coingecko:chart
2025-12-09,XMR,crypto,374.0360244381381,,coingecko:chart
2025-12-10,XMR,crypto,388.2205245626398,,coingecko:chart
2025-12-11,XMR,crypto,401.28711134807816,,coingecko:chart
2025-12-12,XMR,crypto,407.5485104260108,,coingecko:chart
2025-12-13,XMR,crypto,405.0282798855419,,coingecko:chart
2025-12-14,XMR,crypto,414.322648281898,,coingecko:chart
2025-12-15,XMR,crypto,409.1832022049213,,coingecko:chart
2025-12-16,XMR,crypto,409.6561372026212,,coingecko:chart
2025-12-17,XMR,crypto,428.78594815922565,,coingecko:chart
2025-12-18,XMR,crypto,417.66114031591127,,coingecko:chart
2025-12-19,XMR,crypto,415.77340469801976,,coingecko:chart
2025-12-20,XMR,crypto,441.1812178355497,,coingecko:chart
2025-12-21,XMR,crypto,475.86378562954985,,coingecko:chart
2025-12-22,XMR,crypto,472.05975435066847,,coingecko:chart
2025-12-23,XMR,crypto,463.4884533736997,,coingecko:chart
2025-12-24,XMR,crypto,448.0822064451995,,coingecko:chart
2025-12-25,XMR,crypto,434.4530823174075,,coingecko:chart
2025-12-26,XMR,crypto,443.93405589540697,,coingecko:chart
2025-12-27,XMR,crypto,444.7363947629066,,coingecko:chart
2025-12-28,XMR,crypto,453.1286763715394,,coingecko:chart
2025-12-29,XMR,crypto,453.216388913202,,coingecko:chart
2025-12-30,XMR,crypto,437.9939267505392,,coingecko:chart
2025-12-31,XMR,crypto,439.00480326970086,,coingecko:chart
2026-01-01,XMR,crypto,433.3809698109549,,coingecko:chart
2026-01-02,XMR,crypto,421.33380630462455,,coingecko:chart
2026-01-03,XMR,crypto,425.3138879182215,,coingecko:chart
2026-01-04,XMR,crypto,434.416947418321,,coingecko:chart
2026-01-05,XMR,crypto,418.99559655006436,,coingecko:chart
2026-01-06,XMR,crypto,436.37680229813657,,coingecko:chart
2026-01-07,XMR,crypto,441.96069340925095,,coingecko:chart
2026-01-08,XMR,crypto,436.1731739460225,,coingecko:chart
2026-01-09,XMR,crypto,452.2565230539896,,coingecko:chart
2026-01-10,XMR,crypto,443.1626668830704,,coingecko:chart
2026-01-11,XMR,crypto,440.35229075310116,,coingecko:chart
2026-01-12,XMR,crypto,554.3023153868351,,coingecko:chart
2026-01-13,XMR,crypto,627.9680305253996,,coingecko:chart
2026-01-14,XMR,crypto,665.5031953459613,,coingecko:chart
2026-01-15,XMR,crypto,705.5903364129075,,coingecko:chart
2026-01-16,XMR,crypto,669.2082976077662,,coingecko:chart
2026-01-17,XMR,crypto,614.2001649568167,,coingecko:chart
2026-01-18,XMR,crypto,588.6165855454248,,coingecko:chart
2026-01-19,XMR,crypto,561.5478176249321,,coingecko:chart
2026-01-20,XMR,crypto,617.2211499945789,,coingecko:chart
2026-01-21,XMR,crypto,498.4438390674781,,coingecko:chart
2026-01-22,XMR,crypto,516.328029946454,,coingecko:chart
2026-01-23,XMR,crypto,506.866303731323,,coingecko:chart
2026-01-24,XMR,crypto,502.1231977699553,,coingecko:chart
2026-01-25,XMR,crypto,491.4456954970547,,coingecko:chart
2026-01-26,XMR,crypto,444.0711706784754,,coingecko:chart
2026-01-27,XMR,crypto,452.4749768701835,,coingecko:chart
2026-01-28,XMR,crypto,455.08575792382743,,coingecko:chart
2026-01-29,XMR,crypto,459.26934414039187,,coingecko:chart
2026-01-30,XMR,crypto,452.2150178321184,,coingecko:chart
2026-01-31,XMR,crypto,453.85632956100085,,coingecko:chart
2026-02-01,XMR,crypto,460.2428373291871,,coingecko:chart
2026-02-02,XMR,crypto,398.20146469511894,,coingecko:chart
2026-02-03,XMR,crypto,375.9736873193246,,coingecko:chart
2026-02-04,XMR,crypto,372.4218947999101,,coingecko:chart
2026-02-05,XMR,crypto,376.57858655166484,,coingecko:chart
2026-02-06,XMR,crypto,292.3172394448348,,coingecko:chart
2026-02-07,XMR,crypto,317.15605523742835,,coingecko:chart
2026-02-08,XMR,crypto,324.0402902663201,,coingecko:chart
2026-02-09,XMR,crypto,316.4076722738674,,coingecko:chart
2026-02-10,XMR,crypto,334.32910441657,,coingecko:chart
2026-02-11,XMR,crypto,346.27970826027206,,coingecko:chart
2026-02-12,XMR,crypto,338.9344506815817,,coingecko:chart
2026-02-13,XMR,crypto,332.58023269731694,,coingecko:chart
2026-02-14,XMR,crypto,347.0137324291319,,coingecko:chart
2026-02-15,XMR,crypto,351.93480061237574,,coingecko:chart
2026-02-16,XMR,crypto,326.87077116327015,,coingecko:chart
2026-02-17,XMR,crypto,322.9100187392767,,coingecko:chart
2026-02-18,XMR,crypto,323.98141331297967,,coingecko:chart
2026-02-19,XMR,crypto,326.031850735084,,coingecko:chart
2026-02-20,XMR,crypto,334.3951501577134,,coingecko:chart
2026-02-21,XMR,crypto,322.08365309178737,,coingecko:chart
2026-02-22,XMR,crypto,321.9338147985962,,coingecko:chart
2026-02-23,XMR,crypto,309.61826100530465,,coingecko:chart
2026-02-24,XMR,crypto,306.1984937467293,,coingecko:chart
2026-02-25,XMR,crypto,318.5645348032854,,coingecko:chart
2026-02-26,XMR,crypto,334.2433235274926,,coingecko:chart
2026-02-27,XMR,crypto,333.7335675863293,,coingecko:chart
2026-02-28,XMR,crypto,334.78859830396095,,coingecko:chart
2026-03-01,XMR,crypto,333.72436703862246,,coingecko:chart
2026-03-02,XMR,crypto,336.6338019999634,,coingecko:chart
2026-03-03,XMR,crypto,338.23209610684495,,coingecko:chart
2026-03-04,XMR,crypto,337.8139867574729,,coingecko:chart
2026-03-05,XMR,crypto,345.9567108634611,,coingecko:chart
2026-03-06,XMR,crypto,358.0898674030254,,coingecko:chart
2026-03-07,XMR,crypto,348.29316819964936,,coingecko:chart
2026-03-08,XMR,crypto,339.4575980743895,,coingecko:chart
2026-03-09,XMR,crypto,329.98591682394203,,coingecko:chart
2026-03-10,XMR,crypto,337.02417602435827,,coingecko:chart
2026-03-11,XMR,crypto,341.6865858984307,,coingecko:chart
2026-03-12,XMR,crypto,352.9340416937596,,coingecko:chart
2026-03-13,XMR,crypto,340.8073456217119,,coingecko:chart
2026-03-14,XMR,crypto,352.3556908109881,,coingecko:chart
2026-03-15,XMR,crypto,351.47421654541074,,coingecko:chart
2026-03-16,XMR,crypto,351.05163466866924,,coingecko:chart
2026-03-17,XMR,crypto,366.72751414001044,,coingecko:chart
2026-03-18,XMR,crypto,359.02627889049336,,coingecko:chart
2026-03-19,XMR,crypto,342.6979076376558,,coingecko:chart
2026-03-20,XMR,crypto,336.95569044123874,,coingecko:chart
2026-03-21,XMR,crypto,348.28059861162,,coingecko:chart
2026-03-22,XMR,crypto,334.57938224670124,,coingecko:chart
2026-03-23,XMR,crypto,356.4164999181663,,coingecko:chart
2026-03-24,XMR,crypto,347.6719132367657,,coingecko:chart
2026-03-25,XMR,crypto,336.3647983196183,,coingecko:chart
2026-03-26,XMR,crypto,337.64886994856,,coingecko:chart
2026-03-27,XMR,crypto,322.37687369381234,,coingecko:chart
2026-03-28,XMR,crypto,326.5163003038694,,coingecko:chart
2026-03-29,XMR,crypto,330.6912564020625,,coingecko:chart
2026-03-30,XMR,crypto,326.99632078198084,,coingecko:chart
2026-03-31,XMR,crypto,321.0642997546883,,coingecko:chart
2026-04-01,XMR,crypto,334.2116349977422,,coingecko:chart
2026-04-02,XMR,crypto,336.8962158924,,coingecko:chart
2026-04-03,XMR,crypto,326.38596913227474,,coingecko:chart
2026-04-04,XMR,crypto,316.4545685749338,,coingecko:chart
2026-04-05,XMR,crypto,324.6543838841456,,coingecko:chart
2026-04-06,XMR,crypto,331.8895678757427,,coingecko:chart
2026-04-07,XMR,crypto,326.3459700307573,,coingecko:chart
2026-04-08,XMR,crypto,343.846356079435,,coingecko:chart
2026-04-09,XMR,crypto,327.29519172036714,,coingecko:chart
2026-04-10,XMR,crypto,346.61262796686776,,coingecko:chart
2026-04-11,XMR,crypto,344.14323632649536,,coingecko:chart
2026-04-12,XMR,crypto,338.64026896128183,,coingecko:chart
2026-04-13,XMR,crypto,335.3775093497225,,coingecko:chart
2026-04-14,XMR,crypto,346.5667414765317,,coingecko:chart
2026-04-15,XMR,crypto,344.8083904355029,,coingecko:chart
2026-04-16,XMR,crypto,344.82411799211525,,coingecko:chart
2026-04-17,XMR,crypto,343.2292221799792,,coingecko:chart
2026-04-18,XMR,crypto,348.4500634827024,,coingecko:chart
2026-04-19,XMR,crypto,349.6131033781395,,coingecko:chart
2026-04-20,XMR,crypto,347.08444738535445,,coingecko:chart
2026-04-21,XMR,crypto,353.3474541640427,,coingecko:chart
2026-04-22,XMR,crypto,385.5851051850604,,coingecko:chart
2026-04-23,XMR,crypto,366.83421142718987,,coingecko:chart
2026-04-24,XMR,crypto,379.2639319527646,,coingecko:chart
2026-04-25,XMR,crypto,368.20870605650356,,coingecko:chart
2026-04-26,XMR,crypto,372.55694261700705,,coingecko:chart
2026-04-27,XMR,crypto,391.4211860041758,,coingecko:chart
2026-04-28,XMR,crypto,379.98660968860935,,coingecko:chart
2026-04-29,XMR,crypto,377.8492799111737,,coingecko:chart
2026-04-30,XMR,crypto,376.1621555520116,,coingecko:chart
2026-05-01,XMR,crypto,379.4992991068209,,coingecko:chart
2026-05-02,XMR,crypto,379.47759162705927,,coingecko:chart
2026-05-03,XMR,crypto,383.00164583427966,,coingecko:chart
2026-05-04,XMR,crypto,391.75232063152566,,coingecko:chart
2026-05-05,XMR,crypto,406.3585535635455,,coingecko:chart
2026-05-06,XMR,crypto,412.01182674810826,,coingecko:chart
2026-05-07,XMR,crypto,414.7942625242572,,coingecko:chart
2026-05-08,XMR,crypto,399.63461267852796,,coingecko:chart
2026-05-09,XMR,crypto,399.73683182866,,coingecko:chart
2026-05-10,XMR,crypto,409.95381730449185,,coingecko:chart
2026-05-11,XMR,crypto,409.4459662209969,,coingecko:chart
2026-05-12,XMR,crypto,416.2757334271281,,coingecko:chart
2026-05-13,XMR,crypto,411.30866379811806,,coingecko:chart
2026-05-14,XMR,crypto,396.6745168088771,,coingecko:chart
2026-05-15,XMR,crypto,395.7990270175824,,coingecko:chart
2026-05-16,XMR,crypto,381.5848035355835,,coingecko:chart
2026-05-17,XMR,crypto,388.4651746552465,,coingecko:chart
2026-05-18,XMR,crypto,389.58390454116767,,coingecko:chart
2026-05-19,XMR,crypto,382.56223482495614,,coingecko:chart
2026-05-20,XMR,crypto,398.17808803592123,,coingecko:chart
2026-05-21,XMR,crypto,404.01057933781243,,coingecko:chart
2026-05-22,XMR,crypto,392.3597366224242,,coingecko:chart
2026-05-23,XMR,crypto,380.5010241863418,,coingecko:chart
2026-05-24,XMR,crypto,386.3337370379873,,coingecko:chart
2026-05-25,XMR,crypto,392.8855073255818,,coingecko:chart
2026-05-26,XMR,crypto,385.7067790127962,,coingecko:chart
2026-05-27,XMR,crypto,379.8308370439601,,coingecko:chart
2026-05-28,XMR,crypto,392.7381667763076,,coingecko:chart
2026-05-29,XMR,crypto,354.02310354417557,,coingecko:chart
2026-05-30,XMR,crypto,396.79362623343707,,coingecko:chart
2026-05-31,XMR,crypto,370.2594543972337,,coingecko:chart
2026-06-01,XMR,crypto,367.34687996701734,,coingecko:chart
2026-06-02,XMR,crypto,343.91628846287756,,coingecko:chart
2026-06-03,XMR,crypto,325.7130348319617,,coingecko:chart
2026-06-04,XMR,crypto,363.7264992928262,,coingecko:chart
2026-06-05,XMR,crypto,373.3980541455542,,coingecko:chart
2026-06-06,XMR,crypto,307.9241270714147,,coingecko:chart
2026-06-07,XMR,crypto,295.9015532741545,,coingecko:chart
2026-06-08,XMR,crypto,302.8755820111427,,coingecko:chart
2026-06-09,XMR,crypto,314.56603293120776,,coingecko:chart
2026-06-10,XMR,crypto,311.49918364244803,,coingecko:chart
2026-06-11,XMR,crypto,334.8011615406605,,coingecko:chart
2026-06-12,XMR,crypto,387.1912188243678,,coingecko:chart
2026-06-13,XMR,crypto,353.57526884992336,,coingecko:chart
2026-06-14,XMR,crypto,338.16518997232544,,coingecko:chart
2026-06-15,XMR,crypto,340.9438890031566,,coingecko:chart
2026-06-16,XMR,crypto,347.81769233069855,,coingecko:chart
2026-06-17,XMR,crypto,345.41947390126427,,coingecko:chart
2026-06-18,XMR,crypto,336.8684331685112,,coingecko:chart
2026-06-19,XMR,crypto,319.0584124527832,,coingecko:chart
2026-06-20,XMR,crypto,314.7738878697203,,coingecko:chart
2026-06-21,XMR,crypto,320.81399067882717,,coingecko:chart
2026-06-22,XMR,crypto,320.31708257578657,,coingecko:chart
2026-06-23,XMR,crypto,317.5340879134069,,coingecko:chart
2026-06-24,XMR,crypto,318.3776724431473,,coingecko:chart
2026-06-25,XMR,crypto,314.66746880726873,,coingecko:chart
2026-06-26,XMR,crypto,307.5892904552514,,coingecko:chart
2026-06-27,XMR,crypto,320.6855828902122,,coingecko:chart
2026-06-28,XMR,crypto,313.02790514812193,,coingecko:chart
2026-06-29,XMR,crypto,310.1916232683486,,coingecko:chart
2026-06-30,XMR,crypto,315.1931236425721,,coingecko:chart
2026-07-01,XMR,crypto,303.51167589386074,,coingecko:chart
2026-07-02,XMR,crypto,309.21857921240024,,coingecko:chart
2026-07-03,XMR,crypto,317.3560852628253,,coingecko:chart
2026-07-04,XMR,crypto,324.09911624884234,,coingecko:chart
2026-07-05,XMR,crypto,328.2565770190047,,coingecko:chart
2026-07-06,XMR,crypto,327.3341648802729,,coingecko:chart
2026-07-07,XMR,crypto,323.30057616085276,,coingecko:chart
2026-07-08,XMR,crypto,335.1119074594048,,coingecko:chart
2026-07-09,XMR,crypto,319.6132675499369,,coingecko:chart
2026-07-10,XMR,crypto,314.2214676370066,,coingecko:chart
2026-07-11,XMR,crypto,322.12292711219436,,coingecko:chart
2026-07-12,XMR,crypto,322.70040973242664,,coingecko:chart
2026-07-13,XMR,crypto,323.78113305160286,,coingecko:chart
2026-07-14,XMR,crypto,321.42541140498406,,coingecko:chart
2026-07-15,XMR,crypto,330.8904155368965,,coingecko:chart
2026-07-16,XMR,crypto,329.7921293601436,,coingecko:chart
2026-07-17,XMR,crypto,334.5208920939052,,coingecko:chart
2026-07-18,XMR,crypto,330.38666701071844,,coingecko:chart
2026-07-19,XMR,crypto,335.743035155695,,coingecko:chart
2026-07-20,XMR,crypto,336.2480614459213,,coingecko:chart
2026-07-21,XMR,crypto,337.2826543226522,,coingecko:chart
2026-07-22,XMR,crypto,357.2847708711701,,coingecko:chart
2026-07-23,XMR,crypto,352.4183338161306,,coingecko:chart
2026-07-24,XMR,crypto,355.3301893170886,,coingecko:chart
2026-07-25,XMR,crypto,363.6211237703395,,coingecko:chart
2026-07-26,XMR,crypto,364.1238274978883,,coingecko:chart
2026-07-27,XMR,crypto,353.7562623791698,,coingecko:chart
2026-07-28,XMR,crypto,345.4880426903682,,coingecko:chart
2026-07-29,XMR,crypto,341.69930383240126,,coingecko:chart
2026-07-30,XMR,crypto,353.30914384944464,,coingecko:chart
2026-07-31,XMR,crypto,360.08481958441024,,coingecko:chart
2026-08-01,XMR,crypto,358.06581458515626,,coingecko:chart
2026-08-02,XMR,crypto,363.81402979019686,,coingecko:chart
2026-08-03,XMR,crypto,364.13127302605653,,coingecko:chart
2026-08-04,XMR,crypto,361.98364332763555,,coingecko:chart
2026-08-05,XMR,crypto,351.07100922807496,,coingecko:chart
2026-08-06,XMR,crypto,366.12173303285016,,coingecko:chart
2026-08-07,XMR,crypto,369.5125458020106,,coingecko:chart
2026-08-08,XMR,crypto,378.4759806983215,,coingecko:chart
2026-08-09,XMR,crypto,377.47595909840817,,coingecko:chart
2026-08-10,XMR,crypto,394.4624502353612,,coingecko:chart
2026-08-11,XMR,crypto,396.96074130769574,,coingecko:chart
2026-08-12,XMR,crypto,377.1738335746389,,coingecko:chart
2026-08-13,XMR,crypto,392.7624679440011,,coingecko:chart
2026-08-14,XMR,crypto,393.1050548864613,,coingecko:chart
2026-08-15,XMR,crypto,399.75959326714917,,coingecko:chart
2026-08-16,XMR,crypto,410.5639037272684,,coingecko:chart
2026-08-17,XMR,crypto,409.8815731954537,,coingecko:chart
2026-08-18,XMR,crypto,415.34769564668096,,coingecko:chart
2026-08-19,XMR,crypto,412.4171935215203,,coingecko:chart
2026-08-20,XMR,crypto,422.14659692353797,,coingecko:chart
2026-08-21,XMR,crypto,410.2195440730022,,coingecko:chart
2026-08-22,XMR,crypto,412.60731006532353,,coingecko:chart
2026-08-23,XMR,crypto,432.76430553934085,,coingecko:chart
2026-08-24,XMR,crypto,421.5359291526638,,coingecko:chart
2026-08-25,XMR,crypto,442.3756562998309,,coingecko:chart
2026-08-26,XMR,crypto,439.1633633738462,,coingecko:chart
2026-08-27,XMR,crypto,437.6054634145757,,coingecko:chart
2026-08-28,XMR,crypto,454.8057382361866,,coingecko:chart
2026-08-29,XMR,crypto,471.94105430060944,,coingecko:chart
2026-08-30,XMR,crypto,470.5135041645207,,coingecko:chart
2026-08-31,XMR,crypto,486.8736878780351,,coingecko:chart
2026-09-01,XMR,crypto,520.61378590197,,coingecko:chart
2026-09-02,XMR,crypto,504.85685272019606,,coingecko:chart
2026-09-03,XMR,crypto,494.0331939245661,,coingecko:chart
2026-09-04,XMR,crypto,520.419089447241,,coingecko:chart
2026-09-05,XMR,crypto,520.5977490183706,,coingecko:chart
2026-09-06,XMR,crypto,555.6684591165193,,coingecko:chart
2026-09-07,XMR,crypto,539.3816820360576,,coingecko:chart
2026-09-08,XMR,crypto,518.8243329591086,,coingecko:chart
2026-09-09,XMR,crypto,500.07084299402715,,coingecko:chart
2026-09-10,XMR,crypto,512.7353245043776,,coingecko:chart
2026-09-11,XMR,crypto,508.23449234621546,,coingecko:chart
2026-09-12,XMR,crypto,521.8294792256389,,coingecko:chart
2026-09-13,XMR,crypto,538.6831733297797,,coingecko:chart
2026-09-13,XMR,crypto,534.7742296440548,,coingecko:chart
2025-09-14,ZEC,crypto,52.831145247051715,,coingecko:chart
2025-09-15,ZEC,crypto,50.497641870455745,,coingecko:chart
2025-09-16,ZEC,crypto,49.96774193612822,,coingecko:chart
2025-09-17,ZEC,crypto,51.568584773747354,,coingecko:chart
2025-09-18,ZEC,crypto,51.369285729893214,,coingecko:chart
2025-09-19,ZEC,crypto,50.592032165959026,,coingecko:chart
2025-09-20,ZEC,crypto,48.91164879087315,,coingecko:chart
2025-09-21,ZEC,crypto,50.64873042968309,,coingecko:chart
2025-09-22,ZEC,crypto,51.91160857775862,,coingecko:chart
2025-09-23,ZEC,crypto,48.58039873354287,,coingecko:chart
2025-09-24,ZEC,crypto,54.98600269471488,,coingecko:chart
2025-09-25,ZEC,crypto,58.76444497176032,,coingecko:chart
2025-09-26,ZEC,crypto,54.78644558612746,,coingecko:chart
2025-09-27,ZEC,crypto,56.12368634088379,,coingecko:chart
2025-09-28,ZEC,crypto,55.100526017861576,,coingecko:chart
2025-09-29,ZEC,crypto,61.38502529570174,,coingecko:chart
2025-09-30,ZEC,crypto,72.2867786703928,,coingecko:chart
2025-10-01,ZEC,crypto,74.10611968005912,,coingecko:chart
2025-10-02,ZEC,crypto,120.15387545287092,,coingecko:chart
2025-10-03,ZEC,crypto,131.21225564668927,,coingecko:chart
2025-10-04,ZEC,crypto,127.53623734525152,,coingecko:chart
2025-10-05,ZEC,crypto,157.3392787488459,,coingecko:chart
2025-10-06,ZEC,crypto,165.7141280325909,,coingecko:chart
2025-10-07,ZEC,crypto,157.11732155612032,,coingecko:chart
2025-10-08,ZEC,crypto,127.88151226117724,,coingecko:chart
2025-10-09,ZEC,crypto,175.5783770671204,,coingecko:chart
2025-10-10,ZEC,crypto,213.64839600701333,,coingecko:chart
2025-10-11,ZEC,crypto,229.2593080694026,,coingecko:chart
2025-10-12,ZEC,crypto,293.0956233563993,,coingecko:chart
2025-10-13,ZEC,crypto,261.28568078351356,,coingecko:chart
2025-10-14,ZEC,crypto,249.76038881758237,,coingecko:chart
2025-10-15,ZEC,crypto,247.97096854651684,,coingecko:chart
2025-10-16,ZEC,crypto,229.8183359735714,,coingecko:chart
2025-10-17,ZEC,crypto,204.53340729526244,,coingecko:chart
2025-10-18,ZEC,crypto,217.4053464328621,,coingecko:chart
2025-10-19,ZEC,crypto,220.987020510236,,coingecko:chart
2025-10-20,ZEC,crypto,235.5366094473388,,coingecko:chart
2025-10-21,ZEC,crypto,268.63388684496107,,coingecko:chart
2025-10-22,ZEC,crypto,263.24904175469686,,coingecko:chart
2025-10-23,ZEC,crypto,238.47015514827632,,coingecko:chart
2025-10-24,ZEC,crypto,243.11025015165947,,coingecko:chart
2025-10-25,ZEC,crypto,270.5618145714378,,coingecko:chart
2025-10-26,ZEC,crypto,275.3177136204163,,coingecko:chart
2025-10-27,ZEC,crypto,327.51012220887975,,coingecko:chart
2025-10-28,ZEC,crypto,341.20271986103637,,coingecko:chart
2025-10-29,ZEC,crypto,315.9646098548533,,coingecko:chart
2025-10-30,ZEC,crypto,350.5504449220746,,coingecko:chart
2025-10-31,ZEC,crypto,343.90674630363327,,coingecko:chart
2025-11-01,ZEC,crypto,404.7621299797708,,coingecko:chart
2025-11-02,ZEC,crypto,411.60325332005885,,coingecko:chart
2025-11-03,ZEC,crypto,417.7494920291106,,coingecko:chart
2025-11-04,ZEC,crypto,432.0111207370554,,coingecko:chart
2025-11-05,ZEC,crypto,443.2769272224937,,coingecko:chart
2025-11-06,ZEC,crypto,479.9682969981689,,coingecko:chart
2025-11-07,ZEC,crypto,532.3390878396124,,coingecko:chart
2025-11-08,ZEC,crypto,649.8903462844702,,coingecko:chart
2025-11-09,ZEC,crypto,597.2849770568632,,coingecko:chart
2025-11-10,ZEC,crypto,614.3728973117106,,coingecko:chart
2025-11-11,ZEC,crypto,523.0839257742082,,coingecko:chart
2025-11-12,ZEC,crypto,445.9729249925471,,coingecko:chart
2025-11-13,ZEC,crypto,505.48002899275656,,coingecko:chart
2025-11-14,ZEC,crypto,517.8020446619167,,coingecko:chart
2025-11-15,ZEC,crypto,608.1992224487858,,coingecko:chart
2025-11-16,ZEC,crypto,666.1984712288283,,coingecko:chart
2025-11-17,ZEC,crypto,697.2496833579012,,coingecko:chart
2025-11-18,ZEC,crypto,613.612877082541,,coingecko:chart
2025-11-19,ZEC,crypto,624.2432807670978,,coingecko:chart
2025-11-20,ZEC,crypto,672.6149268346635,,coingecko:chart
2025-11-21,ZEC,crypto,657.7678669238336,,coingecko:chart
2025-11-22,ZEC,crypto,547.71211384534,,coingecko:chart
2025-11-23,ZEC,crypto,519.0072726084929,,coingecko:chart
2025-11-24,ZEC,crypto,572.4570117029837,,coingecko:chart
2025-11-25,ZEC,crypto,519.0730613210984,,coingecko:chart
2025-11-26,ZEC,crypto,510.3155118392615,,coingecko:chart
2025-11-27,ZEC,crypto,526.4442930534524,,coingecko:chart
2025-11-28,ZEC,crypto,489.2703373133788,,coingecko:chart
2025-11-29,ZEC,crypto,453.06914689087074,,coingecko:chart
2025-11-30,ZEC,crypto,460.02465390453006,,coingecko:chart
2025-12-01,ZEC,crypto,428.75915630248824,,coingecko:chart
2025-12-02,ZEC,crypto,344.92883298393355,,coingecko:chart
2025-12-03,ZEC,crypto,314.0454846882521,,coingecko:chart
2025-12-04,ZEC,crypto,339.09257290065915,,coingecko:chart
2025-12-05,ZEC,crypto,366.9616682252046,,coingecko:chart
2025-12-06,ZEC,crypto,359.9526178338081,,coingecko:chart
2025-12-07,ZEC,crypto,341.6950954269147,,coingecko:chart
2025-12-08,ZEC,crypto,342.91753368565,,coingecko:chart
2025-12-09,ZEC,crypto,405.12866151665907,,coingecko:chart
2025-12-10,ZEC,crypto,433.1609868890659,,coingecko:chart
2025-12-11,ZEC,crypto,404.0058407353817,,coingecko:chart
2025-12-12,ZEC,crypto,451.045020777068,,coingecko:chart
2025-12-13,ZEC,crypto,456.042649201862,,coingecko:chart
2025-12-14,ZEC,crypto,442.9134260469037,,coingecko:chart
2025-12-15,ZEC,crypto,404.3997961313542,,coingecko:chart
2025-12-16,ZEC,crypto,413.081492815087,,coingecko:chart
2025-12-17,ZEC,crypto,403.73850325397575,,coingecko:chart
2025-12-18,ZEC,crypto,376.61270527258154,,coingecko:chart
2025-12-19,ZEC,crypto,388.0998097604075,,coingecko:chart
2025-12-20,ZEC,crypto,444.3940832442305,,coingecko:chart
2025-12-21,ZEC,crypto,446.91249897692745,,coingecko:chart
2025-12-22,ZEC,crypto,441.5361024055137,,coingecko:chart
2025-12-23,ZEC,crypto,431.42872325286856,,coingecko:chart
2025-12-24,ZEC,crypto,417.3589545579253,,coingecko:chart
2025-12-25,ZEC,crypto,448.3856507486008,,coingecko:chart
2025-12-26,ZEC,crypto,437.87404142526685,,coingecko:chart
2025-12-27,ZEC,crypto,447.7749366483441,,coingecko:chart
2025-12-28,ZEC,crypto,515.8739998376797,,coingecko:chart
2025-12-29,ZEC,crypto,529.4382247207415,,coingecko:chart
2025-12-30,ZEC,crypto,540.2571155288304,,coingecko:chart
2025-12-31,ZEC,crypto,527.9267845948881,,coingecko:chart
2026-01-01,ZEC,crypto,511.12645446084935,,coingecko:chart
2026-01-02,ZEC,crypto,525.2339041781124,,coingecko:chart
2026-01-03,ZEC,crypto,488.5545099180829,,coingecko:chart
2026-01-04,ZEC,crypto,511.8273137257017,,coingecko:chart
2026-01-05,ZEC,crypto,503.24770397542494,,coingecko:chart
2026-01-06,ZEC,crypto,503.360398927763,,coingecko:chart
2026-01-07,ZEC,crypto,501.25621184616597,,coingecko:chart
2026-01-08,ZEC,crypto,469.3023118400485,,coingecko:chart
2026-01-09,ZEC,crypto,422.00000640071954,,coingecko:chart
2026-01-10,ZEC,crypto,417.4309640914433,,coingecko:chart
2026-01-11,ZEC,crypto,373.88850697897493,,coingecko:chart
2026-01-12,ZEC,crypto,379.89848096562434,,coingecko:chart
2026-01-13,ZEC,crypto,405.9943789130936,,coingecko:chart
2026-01-14,ZEC,crypto,404.7146040989296,,coingecko:chart
2026-01-15,ZEC,crypto,446.690934274136,,coingecko:chart
2026-01-16,ZEC,crypto,413.31056246505557,,coingecko:chart
2026-01-17,ZEC,crypto,410.1888156850986,,coingecko:chart
2026-01-18,ZEC,crypto,399.83636000034176,,coingecko:chart
2026-01-19,ZEC,crypto,365.76114766761816,,coingecko:chart
2026-01-20,ZEC,crypto,368.68542135795815,,coingecko:chart
2026-01-21,ZEC,crypto,349.5431236871858,,coingecko:chart
2026-01-22,ZEC,crypto,355.0290269292367,,coingecko:chart
2026-01-23,ZEC,crypto,364.60806309795475,,coingecko:chart
2026-01-24,ZEC,crypto,366.8854577256406,,coingecko:chart
2026-01-25,ZEC,crypto,358.86236721925286,,coingecko:chart
2026-01-26,ZEC,crypto,328.0066867383092,,coingecko:chart
2026-01-27,ZEC,crypto,366.56136797153493,,coingecko:chart
2026-01-28,ZEC,crypto,397.8827388445864,,coingecko:chart
2026-01-29,ZEC,crypto,370.2154885739303,,coingecko:chart
2026-01-30,ZEC,crypto,353.00627185518937,,coingecko:chart
2026-01-31,ZEC,crypto,340.08899962142544,,coingecko:chart
2026-02-01,ZEC,crypto,302.8210736440217,,coingecko:chart
2026-02-02,ZEC,crypto,305.2244689931201,,coingecko:chart
2026-02-03,ZEC,crypto,294.3371720291467,,coingecko:chart
2026-02-04,ZEC,crypto,270.75632632463027,,coingecko:chart
2026-02-05,ZEC,crypto,251.15831874118732,,coingecko:chart
2026-02-06,ZEC,crypto,206.2654104807623,,coingecko:chart
2026-02-07,ZEC,crypto,240.10382987141776,,coingecko:chart
2026-02-08,ZEC,crypto,239.79144079514163,,coingecko:chart
2026-02-09,ZEC,crypto,238.84276716585214,,coingecko:chart
2026-02-10,ZEC,crypto,240.37562087361292,,coingecko:chart
2026-02-11,ZEC,crypto,233.84145783583136,,coingecko:chart
2026-02-12,ZEC,crypto,240.2126640943998,,coingecko:chart
2026-02-13,ZEC,crypto,232.98228702201757,,coingecko:chart
2026-02-14,ZEC,crypto,266.6353013227102,,coingecko:chart
2026-02-15,ZEC,crypto,322.99461591106416,,coingecko:chart
2026-02-16,ZEC,crypto,297.22242812331353,,coingecko:chart
2026-02-17,ZEC,crypto,293.6312993196379,,coingecko:chart
2026-02-18,ZEC,crypto,295.83975172694244,,coingecko:chart
2026-02-19,ZEC,crypto,263.1291845877087,,coingecko:chart
2026-02-20,ZEC,crypto,261.4990630497535,,coingecko:chart
2026-02-21,ZEC,crypto,258.01952085205323,,coingecko:chart
2026-02-22,ZEC,crypto,258.71557059133505,,coingecko:chart
2026-02-23,ZEC,crypto,232.07310606680474,,coingecko:chart
2026-02-24,ZEC,crypto,237.562649978096,,coingecko:chart
2026-02-25,ZEC,crypto,242.3239866269131,,coingecko:chart
2026-02-26,ZEC,crypto,243.50304053550457,,coingecko:chart
2026-02-27,ZEC,crypto,238.34343547600938,,coingecko:chart
2026-02-28,ZEC,crypto,218.58586916520946,,coingecko:chart
2026-03-01,ZEC,crypto,220.32770082138362,,coingecko:chart
2026-03-02,ZEC,crypto,213.2087065135557,,coingecko:chart
2026-03-03,ZEC,crypto,223.46611390348465,,coingecko:chart
2026-03-04,ZEC,crypto,220.57591029587255,,coingecko:chart
2026-03-05,ZEC,crypto,243.2614568024177,,coingecko:chart
2026-03-06,ZEC,crypto,226.0633392429374,,coingecko:chart
2026-03-07,ZEC,crypto,209.5641126486037,,coingecko:chart
2026-03-08,ZEC,crypto,197.1185660403154,,coingecko:chart
2026-03-09,ZEC,crypto,197.45966968717843,,coingecko:chart
2026-03-10,ZEC,crypto,213.4260350324849,,coingecko:chart
2026-03-11,ZEC,crypto,220.80461191679933,,coingecko:chart
2026-03-12,ZEC,crypto,212.66061934670228,,coingecko:chart
2026-03-13,ZEC,crypto,207.45436592576178,,coingecko:chart
2026-03-14,ZEC,crypto,207.72447081520122,,coingecko:chart
2026-03-15,ZEC,crypto,212.30950197165788,,coingecko:chart
2026-03-16,ZEC,crypto,230.5840126225849,,coingecko:chart
2026-03-17,ZEC,crypto,275.86355419726004,,coingecko:chart
2026-03-18,ZEC,crypto,272.6784612272238,,coingecko:chart
2026-03-19,ZEC,crypto,248.5111517229416,,coingecko:chart
2026-03-20,ZEC,crypto,234.50048905935748,,coingecko:chart
2026-03-21,ZEC,crypto,234.90217578136844,,coingecko:chart
2026-03-22,ZEC,crypto,216.70519844344557,,coingecko:chart
2026-03-23,ZEC,crypto,217.73531941329705,,coingecko:chart
2026-03-24,ZEC,crypto,228.31729974470542,,coingecko:chart
2026-03-25,ZEC,crypto,241.78428840068344,,coingecko:chart
2026-03-26,ZEC,crypto,231.43292070941638,,coingecko:chart
2026-03-27,ZEC,crypto,221.4806786931035,,coingecko:chart
2026-03-28,ZEC,crypto,215.6056905047099,,coingecko:chart
2026-03-29,ZEC,crypto,213.1435808085618,,coingecko:chart
2026-03-30,ZEC,crypto,214.64446033378238,,coingecko:chart
2026-03-31,ZEC,crypto,225.42059998328386,,coingecko:chart
2026-04-01,ZEC,crypto,247.42662542277478,,coingecko:chart
2026-04-02,ZEC,crypto,251.93650094717577,,coingecko:chart
2026-04-03,ZEC,crypto,240.93672933039798,,coingecko:chart
2026-04-04,ZEC,crypto,234.24364373769026,,coingecko:chart
2026-04-05,ZEC,crypto,250.45215742205934,,coingecko:chart
2026-04-06,ZEC,crypto,246.75378366858183,,coingecko:chart
2026-04-07,ZEC,crypto,252.1507448252304,,coingecko:chart
2026-04-08,ZEC,crypto,321.7812023099481,,coingecko:chart
2026-04-09,ZEC,crypto,323.7982661453171,,coingecko:chart
2026-04-10,ZEC,crypto,367.63691376576077,,coingecko:chart
2026-04-11,ZEC,crypto,375.13955462620316,,coingecko:chart
2026-04-12,ZEC,crypto,370.80125234755945,,coingecko:chart
2026-04-13,ZEC,crypto,361.5256639105822,,coingecko:chart
2026-04-14,ZEC,crypto,368.4302755317402,,coingecko:chart
2026-04-15,ZEC,crypto,355.1248635737603,,coingecko:chart
2026-04-16,ZEC,crypto,346.3443027583549,,coingecko:chart
2026-04-17,ZEC,crypto,341.0785839177757,,coingecko:chart
2026-04-18,ZEC,crypto,329.0388515284742,,coingecko:chart
2026-04-19,ZEC,crypto,323.23676903450365,,coingecko:chart
2026-04-20,ZEC,crypto,301.4358873298485,,coingecko:chart
2026-04-21,ZEC,crypto,312.1316138135164,,coingecko:chart
2026-04-22,ZEC,crypto,316.97557480106843,,coingecko:chart
2026-04-23,ZEC,crypto,316.58530374685,,coingecko:chart
2026-04-24,ZEC,crypto,342.71970403779466,,coingecko:chart
2026-04-25,ZEC,crypto,359.5717517922404,,coingecko:chart
2026-04-26,ZEC,crypto,358.87369818910685,,coingecko:chart
2026-04-27,ZEC,crypto,355.14083138404015,,coingecko:chart
2026-04-28,ZEC,crypto,355.3007404833218,,coingecko:chart
2026-04-29,ZEC,crypto,335.929240781846,,coingecko:chart
2026-04-30,ZEC,crypto,327.2711792293861,,coingecko:chart
2026-05-01,ZEC,crypto,350.46215596891324,,coingecko:chart
2026-05-02,ZEC,crypto,384.8989994397008,,coingecko:chart
2026-05-03,ZEC,crypto,387.7180626065733,,coingecko:chart
2026-05-04,ZEC,crypto,412.92739938104694,,coingecko:chart
2026-05-05,ZEC,crypto,423.11100554108884,,coingecko:chart
2026-05-06,ZEC,crypto,516.8631045193268,,coingecko:chart
2026-05-07,ZEC,crypto,554.642508441284,,coingecko:chart
2026-05-08,ZEC,crypto,574.5925164534581,,coingecko:chart
2026-05-09,ZEC,crypto,612.6839493556095,,coingecko:chart
2026-05-10,ZEC,crypto,594.6863276260751,,coingecko:chart
2026-05-11,ZEC,crypto,592.809644590012,,coingecko:chart
2026-05-12,ZEC,crypto,556.1287193183408,,coingecko:chart
2026-05-13,ZEC,crypto,570.8610726088147,,coingecko:chart
2026-05-14,ZEC,crypto,524.3496893374387,,coingecko:chart
2026-05-15,ZEC,crypto,560.5629614310518,,coingecko:chart
2026-05-16,ZEC,crypto,515.1260857309292,,coingecko:chart
2026-05-17,ZEC,crypto,511.1989253955029,,coingecko:chart
2026-05-18,ZEC,crypto,535.8361606318838,,coingecko:chart
2026-05-19,ZEC,crypto,563.1101757601147,,coingecko:chart
2026-05-20,ZEC,crypto,573.6006369077544,,coingecko:chart
2026-05-21,ZEC,crypto,672.8192044654849,,coingecko:chart
2026-05-22,ZEC,crypto,663.5789323084665,,coingecko:chart
2026-05-23,ZEC,crypto,582.5786944969677,,coingecko:chart
2026-05-24,ZEC,crypto,630.4805751375868,,coingecko:chart
2026-05-25,ZEC,crypto,662.8255472055216,,coingecko:chart
2026-05-26,ZEC,crypto,651.6263495336702,,coingecko:chart
2026-05-27,ZEC,crypto,569.7732071357525,,coingecko:chart
2026-05-28,ZEC,crypto,541.2592240295704,,coingecko:chart
2026-05-29,ZEC,crypto,547.2575843809614,,coingecko:chart
2026-05-30,ZEC,crypto,529.3962430839224,,coingecko:chart
2026-05-31,ZEC,crypto,528.2022036147067,,coingecko:chart
2026-06-01,ZEC,crypto,569.4121120889725,,coingecko:chart
2026-06-02,ZEC,crypto,543.6723869050899,,coingecko:chart
2026-06-03,ZEC,crypto,608.6416858212438,,coingecko:chart
2026-06-04,ZEC,crypto,620.9293770289404,,coingecko:chart
2026-06-05,ZEC,crypto,459.1723454208874,,coingecko:chart
2026-06-06,ZEC,crypto,389.9925359328825,,coingecko:chart
2026-06-07,ZEC,crypto,362.16063746764553,,coingecko:chart
2026-06-08,ZEC,crypto,439.9814106649073,,coingecko:chart
2026-06-09,ZEC,crypto,458.5823051174074,,coingecko:chart
2026-06-10,ZEC,crypto,429.0662872652168,,coingecko:chart
2026-06-11,ZEC,crypto,408.77273045825166,,coingecko:chart
2026-06-12,ZEC,crypto,427.99313849712047,,coingecko:chart
2026-06-13,ZEC,crypto,411.69693298594785,,coingecko:chart
2026-06-14,ZEC,crypto,420.38552643613826,,coingecko:chart
2026-06-15,ZEC,crypto,472.50127982981894,,coingecko:chart
2026-06-16,ZEC,crypto,518.4990268961559,,coingecko:chart
2026-06-17,ZEC,crypto,504.7610596825436,,coingecko:chart
2026-06-18,ZEC,crypto,476.86044375662607,,coingecko:chart
2026-06-19,ZEC,crypto,455.5547837968822,,coingecko:chart
2026-06-20,ZEC,crypto,476.7329322570709,,coingecko:chart
2026-06-21,ZEC,crypto,470.87630932971564,,coingecko:chart
2026-06-22,ZEC,crypto,434.04127831796865,,coingecko:chart
2026-06-23,ZEC,crypto,441.72659657914164,,coingecko:chart
2026-06-24,ZEC,crypto,415.69959091849927,,coingecko:chart
2026-06-25,ZEC,crypto,415.8493820231059,,coingecko:chart
2026-06-26,ZEC,crypto,416.37237434522683,,coingecko:chart
2026-06-27,ZEC,crypto,418.7437072205981,,coingecko:chart
2026-06-28,ZEC,crypto,395.02964907171787,,coingecko:chart
2026-06-29,ZEC,crypto,375.9632425119813,,coingecko:chart
2026-06-30,ZEC,crypto,406.6092320887038,,coingecko:chart
2026-07-01,ZEC,crypto,399.31995613529796,,coingecko:chart
2026-07-02,ZEC,crypto,416.6989697942226,,coingecko:chart
2026-07-03,ZEC,crypto,434.1916932294615,,coingecko:chart
2026-07-04,ZEC,crypto,460.6515261647326,,coingecko:chart
2026-07-05,ZEC,crypto,463.0408649957748,,coingecko:chart
2026-07-06,ZEC,crypto,461.9180061840394,,coingecko:chart
2026-07-07,ZEC,crypto,452.3946409756593,,coingecko:chart
2026-07-08,ZEC,crypto,483.7923833587213,,coingecko:chart
2026-07-09,ZEC,crypto,465.8795530648771,,coingecko:chart
2026-07-10,ZEC,crypto,481.1850455771398,,coingecko:chart
2026-07-11,ZEC,crypto,497.8566017422245,,coingecko:chart
2026-07-12,ZEC,crypto,508.5780850507025,,coingecko:chart
2026-07-13,ZEC,crypto,533.2997490230787,,coingecko:chart
2026-07-14,ZEC,crypto,495.4194760535825,,coingecko:chart
2026-07-15,ZEC,crypto,564.1362653433462,,coingecko:chart
2026-07-16,ZEC,crypto,570.1795583672051,,coingecko:chart
2026-07-17,ZEC,crypto,523.5637782982166,,coingecko:chart
2026-07-18,ZEC,crypto,547.2815413317958,,coingecko:chart
2026-07-19,ZEC,crypto,558.4092967953651,,coingecko:chart
2026-07-20,ZEC,crypto,547.8284843154929,,coingecko:chart
2026-07-21,ZEC,crypto,542.4717730794962,,coingecko:chart
2026-07-22,ZEC,crypto,532.218029987496,,coingecko:chart
2026-07-23,ZEC,crypto,515.1242324154182,,coingecko:chart
2026-07-24,ZEC,crypto,504.2248684560044,,coingecko:chart
2026-07-25,ZEC,crypto,488.2649577764055,,coingecko:chart
2026-07-26,ZEC,crypto,485.19984092900324,,coingecko:chart
2026-07-27,ZEC,crypto,507.8146917443191,,coingecko:chart
2026-07-28,ZEC,crypto,476.31573300108323,,coingecko:chart
2026-07-29,ZEC,crypto,465.44148386547903,,coingecko:chart
2026-07-30,ZEC,crypto,467.183565359457,,coingecko:chart
2026-07-31,ZEC,crypto,469.9643276957899,,coingecko:chart
2026-08-01,ZEC,crypto,457.2306328508523,,coingecko:chart
2026-08-02,ZEC,crypto,461.46514974693923,,coingecko:chart
2026-08-03,ZEC,crypto,489.1385377716922,,coingecko:chart
2026-08-04,ZEC,crypto,483.01686550873796,,coingecko:chart
2026-08-05,ZEC,crypto,505.52424212063386,,coingecko:chart
2026-08-06,ZEC,crypto,511.8309817077122,,coingecko:chart
2026-08-07,ZEC,crypto,501.9432876462254,,coingecko:chart
2026-08-08,ZEC,crypto,510.99998943184806,,coingecko:chart
2026-08-09,ZEC,crypto,507.8750654530177,,coingecko:chart
2026-08-10,ZEC,crypto,509.43911919162076,,coingecko:chart
2026-08-11,ZEC,crypto,495.70314357236225,,coingecko:chart
2026-08-12,ZEC,crypto,480.66499804092575,,coingecko:chart
2026-08-13,ZEC,crypto,489.7540400805609,,coingecko:chart
2026-08-14,ZEC,crypto,490.64567557689236,,coingecko:chart
2026-08-15,ZEC,crypto,492.8350442862803,,coingecko:chart
2026-08-16,ZEC,crypto,487.5979949926168,,coingecko:chart
2026-08-17,ZEC,crypto,486.1425018309512,,coingecko:chart
2026-08-18,ZEC,crypto,513.9225163099208,,coingecko:chart
2026-08-19,ZEC,crypto,508.5419923409376,,coingecko:chart
2026-08-20,ZEC,crypto,564.5716107111141,,coingecko:chart
2026-08-21,ZEC,crypto,568.9731111711939,,coingecko:chart
2026-08-22,ZEC,crypto,733.4660474038753,,coingecko:chart
2026-08-23,ZEC,crypto,803.2275547221933,,coingecko:chart
2026-08-24,ZEC,crypto,852.824784874028,,coingecko:chart
2026-08-25,ZEC,crypto,830.3224126264138,,coingecko:chart
2026-08-26,ZEC,crypto,768.0146456227335,,coingecko:chart
2026-08-27,ZEC,crypto,816.3759738728955,,coingecko:chart
2026-08-28,ZEC,crypto,810.0741963521865,,coingecko:chart
2026-08-29,ZEC,crypto,801.3777148222368,,coingecko:chart
2026-08-30,ZEC,crypto,842.2444755470807,,coingecko:chart
2026-08-31,ZEC,crypto,836.1985163177093,,coingecko:chart
2026-09-01,ZEC,crypto,847.7149475077889,,coingecko:chart
2026-09-02,ZEC,crypto,829.8594890088349,,coingecko:chart
2026-09-03,ZEC,crypto,815.2622506716469,,coingecko:chart
2026-09-04,ZEC,crypto,952.6662866911287,,coingecko:chart
2026-09-05,ZEC,crypto,1023.0377877508347,,coingecko:chart
2026-09-06,ZEC,crypto,1025.9269694755635,,coingecko:chart
2026-09-07,ZEC,crypto,1227.1109403568853,,coingecko:chart
2026-09-08,ZEC,crypto,1139.136135932952,,coingecko:chart
2026-09-09,ZEC,crypto,1177.694083249715,,coingecko:chart
2026-09-10,ZEC,crypto,1244.287571383468,,coingecko:chart
2026-09-11,ZEC,crypto,1079.8141464993569,,coingecko:chart
2026-09-12,ZEC,crypto,1164.471999901658,,coingecko:chart
2026-09-13,ZEC,crypto,1121.7252793355656,,coingecko:chart
2026-09-13,ZEC,crypto,1106.1165076353686,,coingecko:chart
2025-09-14,HYPE,crypto,54.51101229761226,,coingecko:chart
2025-09-15,HYPE,crypto,53.703672916339954,,coingecko:chart
2025-09-16,HYPE,crypto,53.99238629381053,,coingecko:chart
2025-09-17,HYPE,crypto,54.41208901277957,,coingecko:chart
2025-09-18,HYPE,crypto,57.75207547907903,,coingecko:chart
2025-09-19,HYPE,crypto,58.61301532381822,,coingecko:chart
2025-09-20,HYPE,crypto,56.144626887610144,,coingecko:chart
2025-09-21,HYPE,crypto,54.13779567737835,,coingecko:chart
2025-09-22,HYPE,crypto,50.83313098259787,,coingecko:chart
2025-09-23,HYPE,crypto,47.251113029038756,,coingecko:chart
2025-09-24,HYPE,crypto,44.63918368417908,,coingecko:chart
2025-09-25,HYPE,crypto,45.56126417136132,,coingecko:chart
2025-09-26,HYPE,crypto,40.530115526021554,,coingecko:chart
2025-09-27,HYPE,crypto,44.84660241673546,,coingecko:chart
2025-09-28,HYPE,crypto,45.6943690131888,,coingecko:chart
2025-09-29,HYPE,crypto,47.16387030543,,coingecko:chart
2025-09-30,HYPE,crypto,46.21170563808453,,coingecko:chart
2025-10-01,HYPE,crypto,45.2580028950889,,coingecko:chart
2025-10-02,HYPE,crypto,47.17399820305179,,coingecko:chart
2025-10-03,HYPE,crypto,50.65594259814002,,coingecko:chart
2025-10-04,HYPE,crypto,49.49209830003479,,coingecko:chart
2025-10-05,HYPE,crypto,49.15175425318848,,coingecko:chart
2025-10-06,HYPE,crypto,48.175332735253114,,coingecko:chart
2025-10-07,HYPE,crypto,47.43837969832822,,coingecko:chart
2025-10-08,HYPE,crypto,45.15140533681702,,coingecko:chart
2025-10-09,HYPE,crypto,46.48257534662824,,coingecko:chart
2025-10-10,HYPE,crypto,44.05328414175869,,coingecko:chart
2025-10-11,HYPE,crypto,38.11682959051369,,coingecko:chart
2025-10-12,HYPE,crypto,36.89867974520845,,coingecko:chart
2025-10-13,HYPE,crypto,39.74972285260426,,coingecko:chart
2025-10-14,HYPE,crypto,42.46983647349754,,coingecko:chart
2025-10-15,HYPE,crypto,39.50609137201213,,coingecko:chart
2025-10-16,HYPE,crypto,37.405209250799736,,coingecko:chart
2025-10-17,HYPE,crypto,36.767928527036005,,coingecko:chart
2025-10-18,HYPE,crypto,35.46860902308274,,coingecko:chart
2025-10-19,HYPE,crypto,36.87312836044079,,coingecko:chart
2025-10-20,HYPE,crypto,37.411650913913334,,coingecko:chart
2025-10-21,HYPE,crypto,37.91326147344409,,coingecko:chart
2025-10-22,HYPE,crypto,35.3763917234913,,coingecko:chart
2025-10-23,HYPE,crypto,36.26937647852413,,coingecko:chart
2025-10-24,HYPE,crypto,40.1598964092154,,coingecko:chart
2025-10-25,HYPE,crypto,39.32495752678674,,coingecko:chart
2025-10-26,HYPE,crypto,44.27647613889776,,coingecko:chart
2025-10-27,HYPE,crypto,47.308035881589944,,coingecko:chart
2025-10-28,HYPE,crypto,46.5499489853064,,coingecko:chart
2025-10-29,HYPE,crypto,47.76812298781349,,coingecko:chart
2025-10-30,HYPE,crypto,47.95583889064207,,coingecko:chart
2025-10-31,HYPE,crypto,45.43800820287693,,coingecko:chart
2025-11-01,HYPE,crypto,43.588214708098654,,coingecko:chart
2025-11-02,HYPE,crypto,43.22668522608004,,coingecko:chart
2025-11-03,HYPE,crypto,42.474132246356454,,coingecko:chart
2025-11-04,HYPE,crypto,40.111810408620144,,coingecko:chart
2025-11-05,HYPE,crypto,39.135317659277696,,coingecko:chart
2025-11-06,HYPE,crypto,41.322299233326824,,coingecko:chart
2025-11-07,HYPE,crypto,38.5465765988592,,coingecko:chart
2025-11-08,HYPE,crypto,42.22263365982317,,coingecko:chart
2025-11-09,HYPE,crypto,40.05259459445112,,coingecko:chart
2025-11-10,HYPE,crypto,41.72671295677586,,coingecko:chart
2025-11-11,HYPE,crypto,41.5396894952474,,coingecko:chart
2025-11-12,HYPE,crypto,38.64654973416478,,coingecko:chart
2025-11-13,HYPE,crypto,38.30475111426085,,coingecko:chart
2025-11-14,HYPE,crypto,38.57923728955808,,coingecko:chart
2025-11-15,HYPE,crypto,37.50153642026706,,coingecko:chart
2025-11-16,HYPE,crypto,38.55978108035797,,coingecko:chart
2025-11-17,HYPE,crypto,38.59034488096183,,coingecko:chart
2025-11-18,HYPE,crypto,39.02775851033621,,coingecko:chart
2025-11-19,HYPE,crypto,38.68686287615356,,coingecko:chart
2025-11-20,HYPE,crypto,38.74534686110499,,coingecko:chart
2025-11-21,HYPE,crypto,37.61200018075726,,coingecko:chart
2025-11-22,HYPE,crypto,33.86158027818995,,coingecko:chart
2025-11-23,HYPE,crypto,29.98648972183753,,coingecko:chart
2025-11-24,HYPE,crypto,31.797101249187595,,coingecko:chart
2025-11-25,HYPE,crypto,33.747030820378235,,coingecko:chart
2025-11-26,HYPE,crypto,33.73483216354137,,coingecko:chart
2025-11-27,HYPE,crypto,36.200478928962866,,coingecko:chart
2025-11-28,HYPE,crypto,34.72344383523343,,coingecko:chart
2025-11-29,HYPE,crypto,34.894324935920714,,coingecko:chart
2025-11-30,HYPE,crypto,34.39096669219439,,coingecko:chart
2025-12-01,HYPE,crypto,31.9165941577492,,coingecko:chart
2025-12-02,HYPE,crypto,31.086251523736383,,coingecko:chart
2025-12-03,HYPE,crypto,33.87309099682117,,coingecko:chart
2025-12-04,HYPE,crypto,34.695996391172706,,coingecko:chart
2025-12-05,HYPE,crypto,33.565501810360956,,coingecko:chart
2025-12-06,HYPE,crypto,30.983700711079123,,coingecko:chart
2025-12-07,HYPE,crypto,30.947741640786905,,coingecko:chart
2025-12-08,HYPE,crypto,29.630010146523414,,coingecko:chart
2025-12-09,HYPE,crypto,29.47276904788567,,coingecko:chart
2025-12-10,HYPE,crypto,27.94666444995237,,coingecko:chart
2025-12-11,HYPE,crypto,28.878152783439887,,coingecko:chart
2025-12-12,HYPE,crypto,29.17040596362487,,coingecko:chart
2025-12-13,HYPE,crypto,28.608528200640063,,coingecko:chart
2025-12-14,HYPE,crypto,29.641802367067218,,coingecko:chart
2025-12-15,HYPE,crypto,28.876714606607568,,coingecko:chart
2025-12-16,HYPE,crypto,27.57950456192596,,coingecko:chart
2025-12-17,HYPE,crypto,26.780241478921543,,coingecko:chart
2025-12-18,HYPE,crypto,24.47255859006891,,coingecko:chart
2025-12-19,HYPE,crypto,22.531039700086495,,coingecko:chart
2025-12-20,HYPE,crypto,24.874394752189275,,coingecko:chart
2025-12-21,HYPE,crypto,23.989806324146073,,coingecko:chart
2025-12-22,HYPE,crypto,24.75430770527458,,coingecko:chart
2025-12-23,HYPE,crypto,24.85226137598481,,coingecko:chart
2025-12-24,HYPE,crypto,23.958427421427317,,coingecko:chart
2025-12-25,HYPE,crypto,25.161567598148192,,coingecko:chart
2025-12-26,HYPE,crypto,24.38228461049697,,coingecko:chart
2025-12-27,HYPE,crypto,25.78366089106415,,coingecko:chart
2025-12-28,HYPE,crypto,25.974048168798294,,coingecko:chart
2025-12-29,HYPE,crypto,25.364719967118255,,coingecko:chart
2025-12-30,HYPE,crypto,25.73959192592639,,coingecko:chart
2025-12-31,HYPE,crypto,25.94326335547055,,coingecko:chart
2026-01-01,HYPE,crypto,25.442008549981004,,coingecko:chart
2026-01-02,HYPE,crypto,24.197104042304236,,coingecko:chart
2026-01-03,HYPE,crypto,24.58610601576073,,coingecko:chart
2026-01-04,HYPE,crypto,25.35891327136707,,coingecko:chart
2026-01-05,HYPE,crypto,26.704549255377625,,coingecko:chart
2026-01-06,HYPE,crypto,26.493318018958814,,coingecko:chart
2026-01-07,HYPE,crypto,28.218794268506702,,coingecko:chart
2026-01-08,HYPE,crypto,26.831588751930788,,coingecko:chart
2026-01-09,HYPE,crypto,25.67128419704442,,coingecko:chart
2026-01-10,HYPE,crypto,25.10914329388292,,coingecko:chart
2026-01-11,HYPE,crypto,24.153025011552888,,coingecko:chart
2026-01-12,HYPE,crypto,24.659113466956434,,coingecko:chart
2026-01-13,HYPE,crypto,23.828531929579785,,coingecko:chart
2026-01-14,HYPE,crypto,25.840691638554226,,coingecko:chart
2026-01-15,HYPE,crypto,26.004745068552864,,coingecko:chart
2026-01-16,HYPE,crypto,24.797367086077692,,coingecko:chart
2026-01-17,HYPE,crypto,25.118147976559815,,coingecko:chart
2026-01-18,HYPE,crypto,25.413256765118383,,coingecko:chart
2026-01-19,HYPE,crypto,24.39149181693383,,coingecko:chart
2026-01-20,HYPE,crypto,23.77312376716431,,coingecko:chart
2026-01-21,HYPE,crypto,21.092093470310914,,coingecko:chart
2026-01-22,HYPE,crypto,21.62143090822054,,coingecko:chart
2026-01-23,HYPE,crypto,21.565750597528094,,coingecko:chart
2026-01-24,HYPE,crypto,22.70845594282273,,coingecko:chart
2026-01-25,HYPE,crypto,23.369411704246655,,coingecko:chart
2026-01-26,HYPE,crypto,22.277492976773352,,coingecko:chart
2026-01-27,HYPE,crypto,24.994805873964996,,coingecko:chart
2026-01-28,HYPE,crypto,30.78184659338184,,coingecko:chart
2026-01-29,HYPE,crypto,34.2792253127399,,coingecko:chart
2026-01-30,HYPE,crypto,30.739629669727506,,coingecko:chart
2026-01-31,HYPE,crypto,30.575865338312077,,coingecko:chart
2026-02-01,HYPE,crypto,31.011429480587715,,coingecko:chart
2026-02-02,HYPE,crypto,30.628967329892927,,coingecko:chart
2026-02-03,HYPE,crypto,33.252054627234884,,coingecko:chart
2026-02-04,HYPE,crypto,32.52273053826868,,coingecko:chart
2026-02-05,HYPE,crypto,35.43271689975024,,coingecko:chart
2026-02-06,HYPE,crypto,33.00745417128386,,coingecko:chart
2026-02-07,HYPE,crypto,32.39648840711919,,coingecko:chart
2026-02-08,HYPE,crypto,31.476445301489726,,coingecko:chart
2026-02-09,HYPE,crypto,32.478944414240246,,coingecko:chart
2026-02-10,HYPE,crypto,31.353834775871015,,coingecko:chart
2026-02-11,HYPE,crypto,28.84297649273566,,coingecko:chart
2026-02-12,HYPE,crypto,29.447503418388933,,coingecko:chart
2026-02-13,HYPE,crypto,31.150896286087807,,coingecko:chart
2026-02-14,HYPE,crypto,31.612544722001953,,coingecko:chart
2026-02-15,HYPE,crypto,31.879088218776065,,coingecko:chart
2026-02-16,HYPE,crypto,30.752583550060486,,coingecko:chart
2026-02-17,HYPE,crypto,31.280745838674928,,coingecko:chart
2026-02-18,HYPE,crypto,29.58275553460008,,coingecko:chart
2026-02-19,HYPE,crypto,28.686749208231664,,coingecko:chart
2026-02-20,HYPE,crypto,29.07715346548553,,coingecko:chart
2026-02-21,HYPE,crypto,30.406510571825404,,coingecko:chart
2026-02-22,HYPE,crypto,29.880547685570573,,coingecko:chart
2026-02-23,HYPE,crypto,28.11385689331791,,coingecko:chart
2026-02-24,HYPE,crypto,26.455700169247617,,coingecko:chart
2026-02-25,HYPE,crypto,27.20568538330823,,coingecko:chart
2026-02-26,HYPE,crypto,27.911918936312162,,coingecko:chart
2026-02-27,HYPE,crypto,28.202725646761362,,coingecko:chart
2026-02-28,HYPE,crypto,27.401709849128153,,coingecko:chart
2026-03-01,HYPE,crypto,31.275495033942068,,coingecko:chart
2026-03-02,HYPE,crypto,31.616638324511914,,coingecko:chart
2026-03-03,HYPE,crypto,32.865506666584,,coingecko:chart
2026-03-04,HYPE,crypto,31.33125294454877,,coingecko:chart
2026-03-05,HYPE,crypto,32.22211553914478,,coingecko:chart
2026-03-06,HYPE,crypto,30.59682540575468,,coingecko:chart
2026-03-07,HYPE,crypto,31.07343729105623,,coingecko:chart
2026-03-08,HYPE,crypto,30.386754456584125,,coingecko:chart
2026-03-09,HYPE,crypto,30.801297512730635,,coingecko:chart
2026-03-10,HYPE,crypto,34.659890095942565,,coingecko:chart
2026-03-11,HYPE,crypto,34.690277206713084,,coingecko:chart
2026-03-12,HYPE,crypto,36.25029993116018,,coingecko:chart
2026-03-13,HYPE,crypto,37.250684677311405,,coingecko:chart
2026-03-14,HYPE,crypto,36.47424197164131,,coingecko:chart
2026-03-15,HYPE,crypto,37.847041163934136,,coingecko:chart
2026-03-16,HYPE,crypto,37.46022588464978,,coingecko:chart
2026-03-17,HYPE,crypto,40.76931981385606,,coingecko:chart
2026-03-18,HYPE,crypto,41.23912263921796,,coingecko:chart
2026-03-19,HYPE,crypto,42.075981014269516,,coingecko:chart
2026-03-20,HYPE,crypto,39.30421878707396,,coingecko:chart
2026-03-21,HYPE,crypto,39.592622229488626,,coingecko:chart
2026-03-22,HYPE,crypto,38.8966486934187,,coingecko:chart
2026-03-23,HYPE,crypto,38.36003654737564,,coingecko:chart
2026-03-24,HYPE,crypto,37.37342321687258,,coingecko:chart
2026-03-25,HYPE,crypto,40.338017259936855,,coingecko:chart
2026-03-26,HYPE,crypto,40.324693505861106,,coingecko:chart
2026-03-27,HYPE,crypto,39.1758132058206,,coingecko:chart
2026-03-28,HYPE,crypto,38.613923962657914,,coingecko:chart
2026-03-29,HYPE,crypto,39.47676494487205,,coingecko:chart
2026-03-30,HYPE,crypto,37.81188423907602,,coingecko:chart
2026-03-31,HYPE,crypto,36.83132325336033,,coingecko:chart
2026-04-01,HYPE,crypto,36.493804976580485,,coingecko:chart
2026-04-02,HYPE,crypto,36.01941384128155,,coingecko:chart
2026-04-03,HYPE,crypto,35.23925806324917,,coingecko:chart
2026-04-04,HYPE,crypto,35.601287110321046,,coingecko:chart
2026-04-05,HYPE,crypto,36.395212454602266,,coingecko:chart
2026-04-06,HYPE,crypto,37.00836790591265,,coingecko:chart
2026-04-07,HYPE,crypto,36.29555903702513,,coingecko:chart
2026-04-08,HYPE,crypto,38.757080328600274,,coingecko:chart
2026-04-09,HYPE,crypto,38.71533822020465,,coingecko:chart
2026-04-10,HYPE,crypto,39.50390126211029,,coingecko:chart
2026-04-11,HYPE,crypto,41.597495602517355,,coingecko:chart
2026-04-12,HYPE,crypto,42.31496529853531,,coingecko:chart
2026-04-13,HYPE,crypto,40.865249845809096,,coingecko:chart
2026-04-14,HYPE,crypto,44.411927880212254,,coingecko:chart
2026-04-15,HYPE,crypto,43.59513814620711,,coingecko:chart
2026-04-16,HYPE,crypto,44.68312026763872,,coingecko:chart
2026-04-17,HYPE,crypto,43.869238488194966,,coingecko:chart
2026-04-18,HYPE,crypto,44.62191347940372,,coingecko:chart
2026-04-19,HYPE,crypto,43.81014817680186,,coingecko:chart
2026-04-20,HYPE,crypto,40.6047511738096,,coingecko:chart
2026-04-21,HYPE,crypto,40.71922265933621,,coingecko:chart
2026-04-22,HYPE,crypto,39.767158828535145,,coingecko:chart
2026-04-23,HYPE,crypto,41.15980233954531,,coingecko:chart
2026-04-24,HYPE,crypto,41.302825275518494,,coingecko:chart
2026-04-25,HYPE,crypto,41.14350746954549,,coingecko:chart
2026-04-26,HYPE,crypto,41.497574008890595,,coingecko:chart
2026-04-27,HYPE,crypto,42.50309124340716,,coingecko:chart
2026-04-28,HYPE,crypto,41.64959025718131,,coingecko:chart
2026-04-29,HYPE,crypto,40.15975321669774,,coingecko:chart
2026-04-30,HYPE,crypto,39.95048948285373,,coingecko:chart
2026-05-01,HYPE,crypto,39.690647295664235,,coingecko:chart
2026-05-02,HYPE,crypto,41.137284773325376,,coingecko:chart
2026-05-03,HYPE,crypto,41.259744601390416,,coingecko:chart
2026-05-04,HYPE,crypto,41.50565278757201,,coingecko:chart
2026-05-05,HYPE,crypto,41.792425667415934,,coingecko:chart
2026-05-06,HYPE,crypto,43.72390932645901,,coingecko:chart
2026-05-07,HYPE,crypto,43.10926031612621,,coingecko:chart
2026-05-08,HYPE,crypto,42.52052012074771,,coingecko:chart
2026-05-09,HYPE,crypto,43.25208354584788,,coingecko:chart
2026-05-10,HYPE,crypto,42.93166673272532,,coingecko:chart
2026-05-11,HYPE,crypto,42.96909151230364,,coingecko:chart
2026-05-12,HYPE,crypto,42.001703039320766,,coingecko:chart
2026-05-13,HYPE,crypto,40.238901943151184,,coingecko:chart
2026-05-14,HYPE,crypto,38.81411106186638,,coingecko:chart
2026-05-15,HYPE,crypto,44.15871269977502,,coingecko:chart
2026-05-16,HYPE,crypto,44.16443524550843,,coingecko:chart
2026-05-17,HYPE,crypto,41.79891813331781,,coingecko:chart
2026-05-18,HYPE,crypto,45.69156060916135,,coingecko:chart
2026-05-19,HYPE,crypto,47.71054448507347,,coingecko:chart
2026-05-20,HYPE,crypto,48.066764111021904,,coingecko:chart
2026-05-21,HYPE,crypto,54.762767745756115,,coingecko:chart
2026-05-22,HYPE,crypto,58.589256071580564,,coingecko:chart
2026-05-23,HYPE,crypto,54.68289937385294,,coingecko:chart
2026-05-24,HYPE,crypto,58.66767246249683,,coingecko:chart
2026-05-25,HYPE,crypto,62.79284355998922,,coingecko:chart
2026-05-26,HYPE,crypto,61.124912611065355,,coingecko:chart
2026-05-27,HYPE,crypto,59.489272401859616,,coingecko:chart
2026-05-28,HYPE,crypto,57.822454587110514,,coingecko:chart
2026-05-29,HYPE,crypto,61.573356283283694,,coingecko:chart
2026-05-30,HYPE,crypto,64.40994819136316,,coingecko:chart
2026-05-31,HYPE,crypto,68.25018083090886,,coingecko:chart
2026-06-01,HYPE,crypto,72.03247602409266,,coingecko:chart
2026-06-02,HYPE,crypto,73.49822934903929,,coingecko:chart
2026-06-03,HYPE,crypto,69.73337652088593,,coingecko:chart
2026-06-04,HYPE,crypto,74.50308422868015,,coingecko:chart
2026-06-05,HYPE,crypto,64.36551880854753,,coingecko:chart
2026-06-06,HYPE,crypto,59.71159539400467,,coingecko:chart
2026-06-07,HYPE,crypto,56.596798424286106,,coingecko:chart
2026-06-08,HYPE,crypto,59.61331537221414,,coingecko:chart
2026-06-09,HYPE,crypto,63.780899597621435,,coingecko:chart
2026-06-10,HYPE,crypto,57.7597615857335,,coingecko:chart
2026-06-11,HYPE,crypto,53.25959115882178,,coingecko:chart
2026-06-12,HYPE,crypto,58.90718809920728,,coingecko:chart
2026-06-13,HYPE,crypto,59.28742245725128,,coingecko:chart
2026-06-14,HYPE,crypto,60.68950820946495,,coingecko:chart
2026-06-15,HYPE,crypto,63.88728245471221,,coingecko:chart
2026-06-16,HYPE,crypto,66.88552181985622,,coingecko:chart
2026-06-17,HYPE,crypto,73.55663254647828,,coingecko:chart
2026-06-18,HYPE,crypto,71.11146534110179,,coingecko:chart
2026-06-19,HYPE,crypto,68.26459527181787,,coingecko:chart
2026-06-20,HYPE,crypto,70.27891842974068,,coingecko:chart
2026-06-21,HYPE,crypto,70.7251175144634,,coingecko:chart
2026-06-22,HYPE,crypto,66.95971349876216,,coingecko:chart
2026-06-23,HYPE,crypto,66.19402594451479,,coingecko:chart
2026-06-24,HYPE,crypto,62.11662730780454,,coingecko:chart
2026-06-25,HYPE,crypto,63.82659638228414,,coingecko:chart
2026-06-26,HYPE,crypto,64.07300018778383,,coingecko:chart
2026-06-27,HYPE,crypto,64.3037911466749,,coingecko:chart
2026-06-28,HYPE,crypto,61.621780302785965,,coingecko:chart
2026-06-29,HYPE,crypto,61.420422037835884,,coingecko:chart
2026-06-30,HYPE,crypto,66.79666170750824,,coingecko:chart
2026-07-01,HYPE,crypto,64.96786670964342,,coingecko:chart
2026-07-02,HYPE,crypto,62.35288728748463,,coingecko:chart
2026-07-03,HYPE,crypto,66.86763693393337,,coingecko:chart
2026-07-04,HYPE,crypto,70.64913960149897,,coingecko:chart
2026-07-05,HYPE,crypto,69.8153495798741,,coingecko:chart
2026-07-06,HYPE,crypto,71.27473254956593,,coingecko:chart
2026-07-07,HYPE,crypto,70.56729168542682,,coingecko:chart
2026-07-08,HYPE,crypto,69.1959187463834,,coingecko:chart
2026-07-09,HYPE,crypto,67.59710320128553,,coingecko:chart
2026-07-10,HYPE,crypto,67.08394450884185,,coingecko:chart
2026-07-11,HYPE,crypto,67.44804895603389,,coingecko:chart
2026-07-12,HYPE,crypto,66.81422206278447,,coingecko:chart
2026-07-13,HYPE,crypto,67.30149101834385,,coingecko:chart
2026-07-14,HYPE,crypto,63.43935392536694,,coingecko:chart
2026-07-15,HYPE,crypto,65.48336375276892,,coingecko:chart
2026-07-16,HYPE,crypto,66.82952106810772,,coingecko:chart
2026-07-17,HYPE,crypto,60.68663231136282,,coingecko:chart
2026-07-18,HYPE,crypto,59.73918313871447,,coingecko:chart
2026-07-19,HYPE,crypto,60.19156704464236,,coingecko:chart
2026-07-20,HYPE,crypto,61.10952105053687,,coingecko:chart
2026-07-21,HYPE,crypto,62.420928952626625,,coingecko:chart
2026-07-22,HYPE,crypto,60.83236530675951,,coingecko:chart
2026-07-23,HYPE,crypto,59.358305699739134,,coingecko:chart
2026-07-24,HYPE,crypto,57.50932232604686,,coingecko:chart
2026-07-25,HYPE,crypto,57.4181410554771,,coingecko:chart
2026-07-26,HYPE,crypto,58.1230275460614,,coingecko:chart
2026-07-27,HYPE,crypto,59.60600008370249,,coingecko:chart
2026-07-28,HYPE,crypto,56.04063871584801,,coingecko:chart
2026-07-29,HYPE,crypto,55.13403033582375,,coingecko:chart
2026-07-30,HYPE,crypto,53.875074883781444,,coingecko:chart
2026-07-31,HYPE,crypto,55.842186998534295,,coingecko:chart
2026-08-01,HYPE,crypto,52.52383102179503,,coingecko:chart
2026-08-02,HYPE,crypto,52.15632485410943,,coingecko:chart
2026-08-03,HYPE,crypto,52.550690257877115,,coingecko:chart
2026-08-04,HYPE,crypto,53.96196548107723,,coingecko:chart
2026-08-05,HYPE,crypto,55.03066958367837,,coingecko:chart
2026-08-06,HYPE,crypto,56.91930800156555,,coingecko:chart
2026-08-07,HYPE,crypto,56.15208024316271,,coingecko:chart
2026-08-08,HYPE,crypto,54.07923895271614,,coingecko:chart
2026-08-09,HYPE,crypto,55.099757573596726,,coingecko:chart
2026-08-10,HYPE,crypto,53.854096460729586,,coingecko:chart
2026-08-11,HYPE,crypto,55.044008660772946,,coingecko:chart
2026-08-12,HYPE,crypto,54.442530206647206,,coingecko:chart
2026-08-13,HYPE,crypto,56.03290568706601,,coingecko:chart
2026-08-14,HYPE,crypto,57.44689030791704,,coingecko:chart
2026-08-15,HYPE,crypto,56.463034999474225,,coingecko:chart
2026-08-16,HYPE,crypto,56.865841481714526,,coingecko:chart
2026-08-17,HYPE,crypto,57.1155488189019,,coingecko:chart
2026-08-18,HYPE,crypto,59.418878407478786,,coingecko:chart
2026-08-19,HYPE,crypto,58.515277414221124,,coingecko:chart
2026-08-20,HYPE,crypto,69.60371847729914,,coingecko:chart
2026-08-21,HYPE,crypto,73.65504241313437,,coingecko:chart
2026-08-22,HYPE,crypto,75.5007190357601,,coingecko:chart
2026-08-23,HYPE,crypto,79.48789117465992,,coingecko:chart
2026-08-24,HYPE,crypto,82.24197935859156,,coingecko:chart
2026-08-25,HYPE,crypto,78.88139071087618,,coingecko:chart
2026-08-26,HYPE,crypto,79.63682165166213,,coingecko:chart
2026-08-27,HYPE,crypto,82.29827261632104,,coingecko:chart
2026-08-28,HYPE,crypto,84.67784032156108,,coingecko:chart
2026-08-29,HYPE,crypto,80.91518839472283,,coingecko:chart
2026-08-30,HYPE,crypto,83.39354722583167,,coingecko:chart
2026-08-31,HYPE,crypto,80.04674481669237,,coingecko:chart
2026-09-01,HYPE,crypto,84.15758977730303,,coingecko:chart
2026-09-02,HYPE,crypto,82.7587329499327,,coingecko:chart
2026-09-03,HYPE,crypto,81.91625318946932,,coingecko:chart
2026-09-04,HYPE,crypto,87.4499182124614,,coingecko:chart
2026-09-05,HYPE,crypto,84.42714870960482,,coingecko:chart
2026-09-06,HYPE,crypto,85.41048085336173,,coingecko:chart
2026-09-07,HYPE,crypto,87.951916819731,,coingecko:chart
2026-09-08,HYPE,crypto,85.14226404986216,,coingecko:chart
2026-09-09,HYPE,crypto,85.13585872556894,,coingecko:chart
2026-09-10,HYPE,crypto,83.56327349297841,,coingecko:chart
2026-09-11,HYPE,crypto,78.55683866615372,,coingecko:chart
2026-09-12,HYPE,crypto,79.43409442510534,,coingecko:chart
2026-09-13,HYPE,crypto,79.64729159503673,,coingecko:chart
2026-09-13,HYPE,crypto,78.31992265825666,,coingecko:chart
2025-09-14,TAO,crypto,359.2870937195942,,coingecko:chart
2025-09-15,TAO,crypto,350.7353336211267,,coingecko:chart
2025-09-16,TAO,crypto,343.0148213698934,,coingecko:chart
2025-09-17,TAO,crypto,344.5574355387754,,coingecko:chart
2025-09-18,TAO,crypto,359.4771275070221,,coingecko:chart
2025-09-19,TAO,crypto,362.2214346503354,,coingecko:chart
2025-09-20,TAO,crypto,345.71917991171244,,coingecko:chart
2025-09-21,TAO,crypto,345.7154513236328,,coingecko:chart
2025-09-22,TAO,crypto,334.21000285689814,,coingecko:chart
2025-09-23,TAO,crypto,318.6311277214626,,coingecko:chart
2025-09-24,TAO,crypto,308.70246339595127,,coingecko:chart
2025-09-25,TAO,crypto,311.47756645752025,,coingecko:chart
2025-09-26,TAO,crypto,299.0725264351763,,coingecko:chart
2025-09-27,TAO,crypto,300.8478045203803,,coingecko:chart
2025-09-28,TAO,crypto,298.78232993811656,,coingecko:chart
2025-09-29,TAO,crypto,307.26466141033757,,coingecko:chart
2025-09-30,TAO,crypto,310.6375234740743,,coingecko:chart
2025-10-01,TAO,crypto,302.9749912935039,,coingecko:chart
2025-10-02,TAO,crypto,319.46169841925285,,coingecko:chart
2025-10-03,TAO,crypto,325.2081339688382,,coingecko:chart
2025-10-04,TAO,crypto,321.4864702199078,,coingecko:chart
2025-10-05,TAO,crypto,319.814018049501,,coingecko:chart
2025-10-06,TAO,crypto,315.1830834727147,,coingecko:chart
2025-10-07,TAO,crypto,345.46332250311895,,coingecko:chart
2025-10-08,TAO,crypto,331.60847517525116,,coingecko:chart
2025-10-09,TAO,crypto,338.1577827497732,,coingecko:chart
2025-10-10,TAO,crypto,346.5696571390964,,coingecko:chart
2025-10-11,TAO,crypto,292.2783159994069,,coingecko:chart
2025-10-12,TAO,crypto,297.77573216180485,,coingecko:chart
2025-10-13,TAO,crypto,383.4055052246927,,coingecko:chart
2025-10-14,TAO,crypto,446.89091791944,,coingecko:chart
2025-10-15,TAO,crypto,457.785294859784,,coingecko:chart
2025-10-16,TAO,crypto,411.59378437867053,,coingecko:chart
2025-10-17,TAO,crypto,378.6978525753431,,coingecko:chart
2025-10-18,TAO,crypto,383.11891912195546,,coingecko:chart
2025-10-19,TAO,crypto,400.06519759698995,,coingecko:chart
2025-10-20,TAO,crypto,438.9663195635388,,coingecko:chart
2025-10-21,TAO,crypto,423.43984854968954,,coingecko:chart
2025-10-22,TAO,crypto,381.9272358732459,,coingecko:chart
2025-10-23,TAO,crypto,381.10410196298267,,coingecko:chart
2025-10-24,TAO,crypto,386.27583553094615,,coingecko:chart
2025-10-25,TAO,crypto,385.08864723439626,,coingecko:chart
2025-10-26,TAO,crypto,395.98196082436897,,coingecko:chart
2025-10-27,TAO,crypto,404.5205235496175,,coingecko:chart
2025-10-28,TAO,crypto,416.7915807950971,,coingecko:chart
2025-10-29,TAO,crypto,432.3791673699093,,coingecko:chart
2025-10-30,TAO,crypto,441.2528622464028,,coingecko:chart
2025-10-31,TAO,crypto,414.7295749381575,,coingecko:chart
2025-11-01,TAO,crypto,481.42354201404,,coingecko:chart
2025-11-02,TAO,crypto,497.7719964647867,,coingecko:chart
2025-11-03,TAO,crypto,488.94029554947093,,coingecko:chart
2025-11-04,TAO,crypto,465.6836318552202,,coingecko:chart
2025-11-05,TAO,crypto,401.19277142203794,,coingecko:chart
2025-11-06,TAO,crypto,383.3039937465894,,coingecko:chart
2025-11-07,TAO,crypto,391.65897887757393,,coingecko:chart
2025-11-08,TAO,crypto,400.30362971925433,,coingecko:chart
2025-11-09,TAO,crypto,367.7962825669497,,coingecko:chart
2025-11-10,TAO,crypto,381.3149963216561,,coingecko:chart
2025-11-11,TAO,crypto,387.428056255386,,coingecko:chart
2025-11-12,TAO,crypto,364.0175344967775,,coingecko:chart
2025-11-13,TAO,crypto,348.38482468278784,,coingecko:chart
2025-11-14,TAO,crypto,339.8355154922543,,coingecko:chart
2025-11-15,TAO,crypto,335.20766488773023,,coingecko:chart
2025-11-16,TAO,crypto,334.8107561332791,,coingecko:chart
2025-11-17,TAO,crypto,320.6598141066981,,coingecko:chart
2025-11-18,TAO,crypto,312.4525979171573,,coingecko:chart
2025-11-19,TAO,crypto,331.8041928746884,,coingecko:chart
2025-11-20,TAO,crypto,325.21632963739444,,coingecko:chart
2025-11-21,TAO,crypto,305.6273032447277,,coingecko:chart
2025-11-22,TAO,crypto,279.9000139704345,,coingecko:chart
2025-11-23,TAO,crypto,271.85683118246,,coingecko:chart
2025-11-24,TAO,crypto,297.2014591582678,,coingecko:chart
2025-11-25,TAO,crypto,291.78028537820506,,coingecko:chart
2025-11-26,TAO,crypto,310.36966068388864,,coingecko:chart
2025-11-27,TAO,crypto,308.99604582119724,,coingecko:chart
2025-11-28,TAO,crypto,296.7850324646963,,coingecko:chart
2025-11-29,TAO,crypto,298.532410393647,,coingecko:chart
2025-11-30,TAO,crypto,296.4270745931631,,coingecko:chart
2025-12-01,TAO,crypto,289.6800606464706,,coingecko:chart
2025-12-02,TAO,crypto,265.5928744031838,,coingecko:chart
2025-12-03,TAO,crypto,275.91650389081514,,coingecko:chart
2025-12-04,TAO,crypto,295.76137450291645,,coingecko:chart
2025-12-05,TAO,crypto,290.26580896328784,,coingecko:chart
2025-12-06,TAO,crypto,275.6748948807882,,coingecko:chart
2025-12-07,TAO,crypto,283.0154241033135,,coingecko:chart
2025-12-08,TAO,crypto,276.7430352463933,,coingecko:chart
2025-12-09,TAO,crypto,294.3039122035259,,coingecko:chart
2025-12-10,TAO,crypto,302.285318734577,,coingecko:chart
2025-12-11,TAO,crypto,292.65399110882595,,coingecko:chart
2025-12-12,TAO,crypto,297.3211224644991,,coingecko:chart
2025-12-13,TAO,crypto,291.68050820755894,,coingecko:chart
2025-12-14,TAO,crypto,295.1031411023428,,coingecko:chart
2025-12-15,TAO,crypto,280.83118214513865,,coingecko:chart
2025-12-16,TAO,crypto,269.347926184071,,coingecko:chart
2025-12-17,TAO,crypto,261.9073142799047,,coingecko:chart
2025-12-18,TAO,crypto,238.56012245479224,,coingecko:chart
2025-12-19,TAO,crypto,218.93874015021711,,coingecko:chart
2025-12-20,TAO,crypto,230.44423375253504,,coingecko:chart
2025-12-21,TAO,crypto,226.74002076851883,,coingecko:chart
2025-12-22,TAO,crypto,221.32256164389597,,coingecko:chart
2025-12-23,TAO,crypto,222.28793044516647,,coingecko:chart
2025-12-24,TAO,crypto,214.2269989709525,,coingecko:chart
2025-12-25,TAO,crypto,218.31503596361452,,coingecko:chart
2025-12-26,TAO,crypto,218.40428631028536,,coingecko:chart
2025-12-27,TAO,crypto,215.67459653222707,,coingecko:chart
2025-12-28,TAO,crypto,224.35474115328216,,coingecko:chart
2025-12-29,TAO,crypto,223.99971767332715,,coingecko:chart
2025-12-30,TAO,crypto,218.5548462961736,,coingecko:chart
2025-12-31,TAO,crypto,221.20723085859663,,coingecko:chart
2026-01-01,TAO,crypto,219.73099318850356,,coingecko:chart
2026-01-02,TAO,crypto,230.1586779945049,,coingecko:chart
2026-01-03,TAO,crypto,249.28726888087732,,coingecko:chart
2026-01-04,TAO,crypto,254.05572050991697,,coingecko:chart
2026-01-05,TAO,crypto,267.8111765969457,,coingecko:chart
2026-01-06,TAO,crypto,267.76010880487416,,coingecko:chart
2026-01-07,TAO,crypto,293.35129520989244,,coingecko:chart
2026-01-08,TAO,crypto,270.6321973006236,,coingecko:chart
2026-01-09,TAO,crypto,283.97305548841325,,coingecko:chart
2026-01-10,TAO,crypto,281.25476343704725,,coingecko:chart
2026-01-11,TAO,crypto,281.71766979768415,,coingecko:chart
2026-01-12,TAO,crypto,287.5015710936566,,coingecko:chart
2026-01-13,TAO,crypto,281.7993359879032,,coingecko:chart
2026-01-14,TAO,crypto,299.4354065804386,,coingecko:chart
2026-01-15,TAO,crypto,295.55050192674435,,coingecko:chart
2026-01-16,TAO,crypto,280.68639798802974,,coingecko:chart
2026-01-17,TAO,crypto,279.6862552304082,,coingecko:chart
2026-01-18,TAO,crypto,273.9707940526708,,coingecko:chart
2026-01-19,TAO,crypto,259.26418344185095,,coingecko:chart
2026-01-20,TAO,crypto,254.99525396492686,,coingecko:chart
2026-01-21,TAO,crypto,237.22635797166552,,coingecko:chart
2026-01-22,TAO,crypto,244.16158910645075,,coingecko:chart
2026-01-23,TAO,crypto,242.80814100048502,,coingecko:chart
2026-01-24,TAO,crypto,241.9704497743044,,coingecko:chart
2026-01-25,TAO,crypto,277.1366416948611,,coingecko:chart
2026-01-26,TAO,crypto,228.3833431515588,,coingecko:chart
2026-01-27,TAO,crypto,237.7585357380743,,coingecko:chart
2026-01-28,TAO,crypto,242.14717154909175,,coingecko:chart
2026-01-29,TAO,crypto,242.19201745998205,,coingecko:chart
2026-01-30,TAO,crypto,224.02214360555504,,coingecko:chart
2026-01-31,TAO,crypto,231.31571378327087,,coingecko:chart
2026-02-01,TAO,crypto,210.7773992421331,,coingecko:chart
2026-02-02,TAO,crypto,192.6929430446728,,coingecko:chart
2026-02-03,TAO,crypto,215.69988973586305,,coingecko:chart
2026-02-04,TAO,crypto,213.84718188920314,,coingecko:chart
2026-02-05,TAO,crypto,192.14647887140782,,coingecko:chart
2026-02-06,TAO,crypto,175.9895060868291,,coingecko:chart
2026-02-07,TAO,crypto,185.62597789495592,,coingecko:chart
2026-02-08,TAO,crypto,172.1825307363532,,coingecko:chart
2026-02-09,TAO,crypto,171.03280627618165,,coingecko:chart
2026-02-10,TAO,crypto,159.52048206174734,,coingecko:chart
2026-02-11,TAO,crypto,154.4226562309842,,coingecko:chart
2026-02-12,TAO,crypto,152.22421848168943,,coingecko:chart
2026-02-13,TAO,crypto,161.22234796304494,,coingecko:chart
2026-02-14,TAO,crypto,182.10202098704795,,coingecko:chart
2026-02-15,TAO,crypto,192.84494548943516,,coingecko:chart
2026-02-16,TAO,crypto,189.90835047931117,,coingecko:chart
2026-02-17,TAO,crypto,199.62348103538025,,coingecko:chart
2026-02-18,TAO,crypto,195.75953982943852,,coingecko:chart
2026-02-19,TAO,crypto,188.70106572398484,,coingecko:chart
2026-02-20,TAO,crypto,182.55097195668628,,coingecko:chart
2026-02-21,TAO,crypto,185.40208954341244,,coingecko:chart
2026-02-22,TAO,crypto,189.51617986548726,,coingecko:chart
2026-02-23,TAO,crypto,176.02334373276855,,coingecko:chart
2026-02-24,TAO,crypto,222.3299733137681,,coingecko:chart
2026-02-25,TAO,crypto,174.6997005632629,,coingecko:chart
2026-02-26,TAO,crypto,184.6722128361133,,coingecko:chart
2026-02-27,TAO,crypto,189.87386073900188,,coingecko:chart
2026-02-28,TAO,crypto,182.61874487586152,,coingecko:chart
2026-03-01,TAO,crypto,187.82192463467644,,coingecko:chart
2026-03-02,TAO,crypto,183.36709638210183,,coingecko:chart
2026-03-03,TAO,crypto,191.19344803897414,,coingecko:chart
2026-03-04,TAO,crypto,187.85731349499648,,coingecko:chart
2026-03-05,TAO,crypto,190.02906289514405,,coingecko:chart
2026-03-06,TAO,crypto,190.54448014506636,,coingecko:chart
2026-03-07,TAO,crypto,182.40145923808953,,coingecko:chart
2026-03-08,TAO,crypto,180.1890808942163,,coingecko:chart
2026-03-09,TAO,crypto,186.35851816442775,,coingecko:chart
2026-03-10,TAO,crypto,196.38929861962708,,coingecko:chart
2026-03-11,TAO,crypto,202.51089221547954,,coingecko:chart
2026-03-12,TAO,crypto,203.39987488325633,,coingecko:chart
2026-03-13,TAO,crypto,219.2437271339075,,coingecko:chart
2026-03-14,TAO,crypto,235.22191628189108,,coingecko:chart
2026-03-15,TAO,crypto,250.8273585289877,,coingecko:chart
2026-03-16,TAO,crypto,283.9771198529878,,coingecko:chart
2026-03-17,TAO,crypto,279.43236105054956,,coingecko:chart
2026-03-18,TAO,crypto,277.0564974625397,,coingecko:chart
2026-03-19,TAO,crypto,272.8658400755576,,coingecko:chart
2026-03-20,TAO,crypto,285.5235118958557,,coingecko:chart
2026-03-21,TAO,crypto,270.30392393642796,,coingecko:chart
2026-03-22,TAO,crypto,265.2246383148378,,coingecko:chart
2026-03-23,TAO,crypto,263.6942879657201,,coingecko:chart
2026-03-24,TAO,crypto,293.706910350286,,coingecko:chart
2026-03-25,TAO,crypto,336.73389227512746,,coingecko:chart
2026-03-26,TAO,crypto,345.70446073674543,,coingecko:chart
2026-03-27,TAO,crypto,337.57008517685136,,coingecko:chart
2026-03-28,TAO,crypto,316.0437889526434,,coingecko:chart
2026-03-29,TAO,crypto,315.4127630909769,,coingecko:chart
2026-03-30,TAO,crypto,316.0879997250095,,coingecko:chart
2026-03-31,TAO,crypto,311.5056282050169,,coingecko:chart
2026-04-01,TAO,crypto,305.3204946773446,,coingecko:chart
2026-04-02,TAO,crypto,307.9839189985972,,coingecko:chart
2026-04-03,TAO,crypto,300.5367338839403,,coingecko:chart
2026-04-04,TAO,crypto,308.96636943201435,,coingecko:chart
2026-04-05,TAO,crypto,301.3391388524481,,coingecko:chart
2026-04-06,TAO,crypto,311.55878792302485,,coingecko:chart
2026-04-07,TAO,crypto,313.2429549472829,,coingecko:chart
2026-04-08,TAO,crypto,336.43573227483483,,coingecko:chart
2026-04-09,TAO,crypto,324.9021745222978,,coingecko:chart
2026-04-10,TAO,crypto,298.61471282693043,,coingecko:chart
2026-04-11,TAO,crypto,257.83835838340883,,coingecko:chart
2026-04-12,TAO,crypto,273.9765476859205,,coingecko:chart
2026-04-13,TAO,crypto,258.9081057515921,,coingecko:chart
2026-04-14,TAO,crypto,260.70384921549004,,coingecko:chart
2026-04-15,TAO,crypto,239.661252566509,,coingecko:chart
2026-04-16,TAO,crypto,241.49292631634447,,coingecko:chart
2026-04-17,TAO,crypto,253.21126616828445,,coingecko:chart
2026-04-18,TAO,crypto,257.80162236585636,,coingecko:chart
2026-04-19,TAO,crypto,243.3540569723242,,coingecko:chart
2026-04-20,TAO,crypto,239.59677433102596,,coingecko:chart
2026-04-21,TAO,crypto,244.27253727639214,,coingecko:chart
2026-04-22,TAO,crypto,245.18415858404063,,coingecko:chart
2026-04-23,TAO,crypto,245.90654232018645,,coingecko:chart
2026-04-24,TAO,crypto,252.9564942078897,,coingecko:chart
2026-04-25,TAO,crypto,248.67996445219296,,coingecko:chart
2026-04-26,TAO,crypto,247.74205216038635,,coingecko:chart
2026-04-27,TAO,crypto,251.54018842502492,,coingecko:chart
2026-04-28,TAO,crypto,248.24244443036739,,coingecko:chart
2026-04-29,TAO,crypto,258.27606831849704,,coingecko:chart
2026-04-30,TAO,crypto,253.9389918075199,,coingecko:chart
2026-05-01,TAO,crypto,248.90728474852347,,coingecko:chart
2026-05-02,TAO,crypto,270.74385821844953,,coingecko:chart
2026-05-03,TAO,crypto,286.80056413333557,,coingecko:chart
2026-05-04,TAO,crypto,289.3087207833422,,coingecko:chart
2026-05-05,TAO,crypto,284.88159777593324,,coingecko:chart
2026-05-06,TAO,crypto,292.44950651813866,,coingecko:chart
2026-05-07,TAO,crypto,309.1665381535731,,coingecko:chart
2026-05-08,TAO,crypto,302.262359684843,,coingecko:chart
2026-05-09,TAO,crypto,316.59782179030236,,coingecko:chart
2026-05-10,TAO,crypto,307.79474483793575,,coingecko:chart
2026-05-11,TAO,crypto,320.12723005745795,,coingecko:chart
2026-05-12,TAO,crypto,320.458340537571,,coingecko:chart
2026-05-13,TAO,crypto,309.45635845196813,,coingecko:chart
2026-05-14,TAO,crypto,294.6912991926436,,coingecko:chart
2026-05-15,TAO,crypto,304.5321272129887,,coingecko:chart
2026-05-16,TAO,crypto,285.0573442564044,,coingecko:chart
2026-05-17,TAO,crypto,273.5886704053658,,coingecko:chart
2026-05-18,TAO,crypto,263.1482789543583,,coingecko:chart
2026-05-19,TAO,crypto,261.282665824043,,coingecko:chart
2026-05-20,TAO,crypto,256.9239429017419,,coingecko:chart
2026-05-21,TAO,crypto,272.0676560061849,,coingecko:chart
2026-05-22,TAO,crypto,279.6238113229265,,coingecko:chart
2026-05-23,TAO,crypto,265.01976108541083,,coingecko:chart
2026-05-24,TAO,crypto,279.4101621715736,,coingecko:chart
2026-05-25,TAO,crypto,274.83782113754023,,coingecko:chart
2026-05-26,TAO,crypto,279.718475730678,,coingecko:chart
2026-05-27,TAO,crypto,278.1730213511391,,coingecko:chart
2026-05-28,TAO,crypto,266.599883552552,,coingecko:chart
2026-05-29,TAO,crypto,261.0348813352166,,coingecko:chart
2026-05-30,TAO,crypto,250.06691790358343,,coingecko:chart
2026-05-31,TAO,crypto,254.91503723045386,,coingecko:chart
2026-06-01,TAO,crypto,255.42992780753718,,coingecko:chart
2026-06-02,TAO,crypto,252.50606654894665,,coingecko:chart
2026-06-03,TAO,crypto,225.65187535935993,,coingecko:chart
2026-06-04,TAO,crypto,226.3322575845131,,coingecko:chart
2026-06-05,TAO,crypto,211.46828187167864,,coingecko:chart
2026-06-06,TAO,crypto,195.0767714094503,,coingecko:chart
2026-06-07,TAO,crypto,193.64371203126393,,coingecko:chart
2026-06-08,TAO,crypto,213.87068777988722,,coingecko:chart
2026-06-09,TAO,crypto,215.35876889522,,coingecko:chart
2026-06-10,TAO,crypto,205.9994630396404,,coingecko:chart
2026-06-11,TAO,crypto,200.8741630063077,,coingecko:chart
2026-06-12,TAO,crypto,213.58817502873444,,coingecko:chart
2026-06-13,TAO,crypto,212.06376955213167,,coingecko:chart
2026-06-14,TAO,crypto,262.81837698088407,,coingecko:chart
2026-06-15,TAO,crypto,270.4886944369825,,coingecko:chart
2026-06-16,TAO,crypto,266.2235509161319,,coingecko:chart
2026-06-17,TAO,crypto,257.2185103815133,,coingecko:chart
2026-06-18,TAO,crypto,246.1871162559733,,coingecko:chart
2026-06-19,TAO,crypto,235.91921147245546,,coingecko:chart
2026-06-20,TAO,crypto,228.79280805615886,,coingecko:chart
2026-06-21,TAO,crypto,231.45259578600994,,coingecko:chart
2026-06-22,TAO,crypto,228.53358173815846,,coingecko:chart
2026-06-23,TAO,crypto,227.83735514505378,,coingecko:chart
2026-06-24,TAO,crypto,220.37160364345328,,coingecko:chart
2026-06-25,TAO,crypto,219.2984525280507,,coingecko:chart
2026-06-26,TAO,crypto,212.2524372740356,,coingecko:chart
2026-06-27,TAO,crypto,214.15644592027186,,coingecko:chart
2026-06-28,TAO,crypto,208.88823576790386,,coingecko:chart
2026-06-29,TAO,crypto,204.924275267642,,coingecko:chart
2026-06-30,TAO,crypto,208.21822816989115,,coingecko:chart
2026-07-01,TAO,crypto,201.93045018377472,,coingecko:chart
2026-07-02,TAO,crypto,202.51839792476548,,coingecko:chart
2026-07-03,TAO,crypto,209.1033062305814,,coingecko:chart
2026-07-04,TAO,crypto,215.23812998832508,,coingecko:chart
2026-07-05,TAO,crypto,216.62683701503065,,coingecko:chart
2026-07-06,TAO,crypto,215.02197972331325,,coingecko:chart
2026-07-07,TAO,crypto,214.50616820696348,,coingecko:chart
2026-07-08,TAO,crypto,211.329032388553,,coingecko:chart
2026-07-09,TAO,crypto,204.65720878022515,,coingecko:chart
2026-07-10,TAO,crypto,214.30236626665598,,coingecko:chart
2026-07-11,TAO,crypto,212.98039545715574,,coingecko:chart
2026-07-12,TAO,crypto,207.7306094150522,,coingecko:chart
2026-07-13,TAO,crypto,209.78883285054866,,coingecko:chart
2026-07-14,TAO,crypto,199.834985380798,,coingecko:chart
2026-07-15,TAO,crypto,201.07703642911162,,coingecko:chart
2026-07-16,TAO,crypto,199.21333631715171,,coingecko:chart
2026-07-17,TAO,crypto,191.26935358894315,,coingecko:chart
2026-07-18,TAO,crypto,194.70708064866835,,coingecko:chart
2026-07-19,TAO,crypto,195.96500011802868,,coingecko:chart
2026-07-20,TAO,crypto,198.62851555647487,,coingecko:chart
2026-07-21,TAO,crypto,195.02412958882113,,coingecko:chart
2026-07-22,TAO,crypto,200.66765489367924,,coingecko:chart
2026-07-23,TAO,crypto,197.30824838099474,,coingecko:chart
2026-07-24,TAO,crypto,192.72467757956287,,coingecko:chart
2026-07-25,TAO,crypto,191.16328237644186,,coingecko:chart
2026-07-26,TAO,crypto,191.50742774488404,,coingecko:chart
2026-07-27,TAO,crypto,199.29578692912085,,coingecko:chart
2026-07-28,TAO,crypto,187.45647431472668,,coingecko:chart
2026-07-29,TAO,crypto,194.76486837182523,,coingecko:chart
2026-07-30,TAO,crypto,190.45927814875668,,coingecko:chart
2026-07-31,TAO,crypto,192.38958502936316,,coingecko:chart
2026-08-01,TAO,crypto,193.10158949209736,,coingecko:chart
2026-08-02,TAO,crypto,192.2893234473667,,coingecko:chart
2026-08-03,TAO,crypto,192.237540694038,,coingecko:chart
2026-08-04,TAO,crypto,191.51792279734283,,coingecko:chart
2026-08-05,TAO,crypto,195.54335310912282,,coingecko:chart
2026-08-06,TAO,crypto,197.35483169119277,,coingecko:chart
2026-08-07,TAO,crypto,191.90371544161732,,coingecko:chart
2026-08-08,TAO,crypto,193.3510810948237,,coingecko:chart
2026-08-09,TAO,crypto,203.8424520734979,,coingecko:chart
2026-08-10,TAO,crypto,201.97810974091095,,coingecko:chart
2026-08-11,TAO,crypto,199.45913042960078,,coingecko:chart
2026-08-12,TAO,crypto,201.4505521002845,,coingecko:chart
2026-08-13,TAO,crypto,199.83943819170932,,coingecko:chart
2026-08-14,TAO,crypto,203.24368684497318,,coingecko:chart
2026-08-15,TAO,crypto,199.33991766173776,,coingecko:chart
2026-08-16,TAO,crypto,196.6230359412623,,coingecko:chart
2026-08-17,TAO,crypto,195.68412425881954,,coingecko:chart
2026-08-18,TAO,crypto,196.11918413275703,,coingecko:chart
2026-08-19,TAO,crypto,190.67093053611111,,coingecko:chart
2026-08-20,TAO,crypto,205.51703970205338,,coingecko:chart
2026-08-21,TAO,crypto,214.7462573982615,,coingecko:chart
2026-08-22,TAO,crypto,229.93599048305967,,coingecko:chart
2026-08-23,TAO,crypto,222.63336496497345,,coingecko:chart
2026-08-24,TAO,crypto,237.12094652106663,,coingecko:chart
2026-08-25,TAO,crypto,240.60397366917886,,coingecko:chart
2026-08-26,TAO,crypto,229.24267245980235,,coingecko:chart
2026-08-27,TAO,crypto,234.71154822173352,,coingecko:chart
2026-08-28,TAO,crypto,254.06815196002663,,coingecko:chart
2026-08-29,TAO,crypto,236.55528516419045,,coingecko:chart
2026-08-30,TAO,crypto,235.70776837413882,,coingecko:chart
2026-08-31,TAO,crypto,227.44002099308076,,coingecko:chart
2026-09-01,TAO,crypto,230.28184918065605,,coingecko:chart
2026-09-02,TAO,crypto,220.09752057198875,,coingecko:chart
2026-09-03,TAO,crypto,217.19552935494886,,coingecko:chart
2026-09-04,TAO,crypto,225.7535136527718,,coingecko:chart
2026-09-05,TAO,crypto,224.83331200372237,,coingecko:chart
2026-09-06,TAO,crypto,236.17539872412607,,coingecko:chart
2026-09-07,TAO,crypto,265.7337487161633,,coingecko:chart
2026-09-08,TAO,crypto,259.73655502578754,,coingecko:chart
2026-09-09,TAO,crypto,258.45362999880257,,coingecko:chart
2026-09-10,TAO,crypto,254.2628250420613,,coingecko:chart
2026-09-11,TAO,crypto,235.32473148493608,,coingecko:chart
2026-09-12,TAO,crypto,235.51286434982674,,coingecko:chart
2026-09-13,TAO,crypto,232.82080876949877,,coingecko:chart
2026-09-13,TAO,crypto,237.35722736568675,,coingecko:chart
2025-09-14,SUI,crypto,3.8169849546970784,,coingecko:chart
2025-09-15,SUI,crypto,3.688675053182064,,coingecko:chart
2025-09-16,SUI,crypto,3.5215941834615148,,coingecko:chart
2025-09-17,SUI,crypto,3.6007201705356575,,coingecko:chart
2025-09-18,SUI,crypto,3.777344521208284,,coingecko:chart
2025-09-19,SUI,crypto,3.895501953978176,,coingecko:chart
2025-09-20,SUI,crypto,3.639455282715369,,coingecko:chart
2025-09-21,SUI,crypto,3.6588285906117233,,coingecko:chart
2025-09-22,SUI,crypto,3.611306072278317,,coingecko:chart
2025-09-23,SUI,crypto,3.3646883771262273,,coingecko:chart
2025-09-24,SUI,crypto,3.3231644857089493,,coingecko:chart
2025-09-25,SUI,crypto,3.3616358934855453,,coingecko:chart
2025-09-26,SUI,crypto,3.133083768380119,,coingecko:chart
2025-09-27,SUI,crypto,3.2197699727315285,,coingecko:chart
2025-09-28,SUI,crypto,3.1788745897999298,,coingecko:chart
2025-09-29,SUI,crypto,3.2768164253388483,,coingecko:chart
2025-09-30,SUI,crypto,3.2815026652614714,,coingecko:chart
2025-10-01,SUI,crypto,3.2619961060605975,,coingecko:chart
2025-10-02,SUI,crypto,3.524925761727361,,coingecko:chart
2025-10-03,SUI,crypto,3.5865894878353166,,coingecko:chart
2025-10-04,SUI,crypto,3.583095961807332,,coingecko:chart
2025-10-05,SUI,crypto,3.6247573327756313,,coingecko:chart
2025-10-06,SUI,crypto,3.562502677996649,,coingecko:chart
2025-10-07,SUI,crypto,3.628454211715886,,coingecko:chart
2025-10-08,SUI,crypto,3.4520289665124375,,coingecko:chart
2025-10-09,SUI,crypto,3.5366744999378503,,coingecko:chart
2025-10-10,SUI,crypto,3.4090002927922347,,coingecko:chart
2025-10-11,SUI,crypto,2.610830973002113,,coingecko:chart
2025-10-12,SUI,crypto,2.5441898909585063,,coingecko:chart
2025-10-13,SUI,crypto,2.8096110867083537,,coingecko:chart
2025-10-14,SUI,crypto,2.992723907271423,,coingecko:chart
2025-10-15,SUI,crypto,2.8230553486746204,,coingecko:chart
2025-10-16,SUI,crypto,2.681633228297385,,coingecko:chart
2025-10-17,SUI,crypto,2.5154754010893505,,coingecko:chart
2025-10-18,SUI,crypto,2.4397026612432287,,coingecko:chart
2025-10-19,SUI,crypto,2.501633001502069,,coingecko:chart
2025-10-20,SUI,crypto,2.5810315781808706,,coingecko:chart
2025-10-21,SUI,crypto,2.576020759112717,,coingecko:chart
2025-10-22,SUI,crypto,2.49024490495096,,coingecko:chart
2025-10-23,SUI,crypto,2.382262782925147,,coingecko:chart
2025-10-24,SUI,crypto,2.428212002327435,,coingecko:chart
2025-10-25,SUI,crypto,2.5233894914259056,,coingecko:chart
2025-10-26,SUI,crypto,2.5333087591476757,,coingecko:chart
2025-10-27,SUI,crypto,2.676069663447413,,coingecko:chart
2025-10-28,SUI,crypto,2.6087776227283297,,coingecko:chart
2025-10-29,SUI,crypto,2.50734757474632,,coingecko:chart
2025-10-30,SUI,crypto,2.511036239896048,,coingecko:chart
2025-10-31,SUI,crypto,2.291518307069912,,coingecko:chart
2025-11-01,SUI,crypto,2.363260032399043,,coingecko:chart
2025-11-02,SUI,crypto,2.3783887052968833,,coingecko:chart
2025-11-03,SUI,crypto,2.3551151543859032,,coingecko:chart
2025-11-04,SUI,crypto,2.06824777284527,,coingecko:chart
2025-11-05,SUI,crypto,1.977334833169365,,coingecko:chart
2025-11-06,SUI,crypto,2.03155355283806,,coingecko:chart
2025-11-07,SUI,crypto,1.9666554799551077,,coingecko:chart
2025-11-08,SUI,crypto,2.150201145690648,,coingecko:chart
2025-11-09,SUI,crypto,2.1163960676405495,,coingecko:chart
2025-11-10,SUI,crypto,2.141592559318558,,coingecko:chart
2025-11-11,SUI,crypto,2.163350326606201,,coingecko:chart
2025-11-12,SUI,crypto,2.0090602313848738,,coingecko:chart
2025-11-13,SUI,crypto,1.9655880263003416,,coingecko:chart
2025-11-14,SUI,crypto,1.869241982044879,,coingecko:chart
2025-11-15,SUI,crypto,1.7414947584843652,,coingecko:chart
2025-11-16,SUI,crypto,1.7662917228457928,,coingecko:chart
2025-11-17,SUI,crypto,1.678636758689989,,coingecko:chart
2025-11-18,SUI,crypto,1.6158495402545483,,coingecko:chart
2025-11-19,SUI,crypto,1.6670593102474554,,coingecko:chart
2025-11-20,SUI,crypto,1.6036778090624604,,coingecko:chart
2025-11-21,SUI,crypto,1.4962441229989902,,coingecko:chart
2025-11-22,SUI,crypto,1.3902241545871532,,coingecko:chart
2025-11-23,SUI,crypto,1.3451604892457256,,coingecko:chart
2025-11-24,SUI,crypto,1.3661138109513884,,coingecko:chart
2025-11-25,SUI,crypto,1.5269083712012774,,coingecko:chart
2025-11-26,SUI,crypto,1.5618073404604258,,coingecko:chart
2025-11-27,SUI,crypto,1.5425630858985715,,coingecko:chart
2025-11-28,SUI,crypto,1.5432424562339788,,coingecko:chart
2025-11-29,SUI,crypto,1.5220582800516749,,coingecko:chart
2025-11-30,SUI,crypto,1.4995722792648567,,coingecko:chart
2025-12-01,SUI,crypto,1.5006804351381684,,coingecko:chart
2025-12-02,SUI,crypto,1.3457910413317826,,coingecko:chart
2025-12-03,SUI,crypto,1.6282765114444495,,coingecko:chart
2025-12-04,SUI,crypto,1.6965056217832395,,coingecko:chart
2025-12-05,SUI,crypto,1.6593055069196647,,coingecko:chart
2025-12-06,SUI,crypto,1.5550887029600893,,coingecko:chart
2025-12-07,SUI,crypto,1.5643607837806277,,coingecko:chart
2025-12-08,SUI,crypto,1.5812154844553314,,coingecko:chart
2025-12-09,SUI,crypto,1.6112234813688089,,coingecko:chart
2025-12-10,SUI,crypto,1.6587227800988238,,coingecko:chart
2025-12-11,SUI,crypto,1.614568485764298,,coingecko:chart
2025-12-12,SUI,crypto,1.6130896265775816,,coingecko:chart
2025-12-13,SUI,crypto,1.5599929984521044,,coingecko:chart
2025-12-14,SUI,crypto,1.605567096507075,,coingecko:chart
2025-12-15,SUI,crypto,1.5558817730497017,,coingecko:chart
2025-12-16,SUI,crypto,1.469489501498063,,coingecko:chart
2025-12-17,SUI,crypto,1.511054784522875,,coingecko:chart
2025-12-18,SUI,crypto,1.4219841134598608,,coingecko:chart
2025-12-19,SUI,crypto,1.3465546259368668,,coingecko:chart
2025-12-20,SUI,crypto,1.4808995989359388,,coingecko:chart
2025-12-21,SUI,crypto,1.4542355461646594,,coingecko:chart
2025-12-22,SUI,crypto,1.4459371743138467,,coingecko:chart
2025-12-23,SUI,crypto,1.460241717231329,,coingecko:chart
2025-12-24,SUI,crypto,1.434870751212438,,coingecko:chart
2025-12-25,SUI,crypto,1.4150006190176414,,coingecko:chart
2025-12-26,SUI,crypto,1.3623614497646344,,coingecko:chart
2025-12-27,SUI,crypto,1.3968161998476758,,coingecko:chart
2025-12-28,SUI,crypto,1.4514140883017814,,coingecko:chart
2025-12-29,SUI,crypto,1.4447547783364327,,coingecko:chart
2025-12-30,SUI,crypto,1.4379009047938285,,coingecko:chart
2025-12-31,SUI,crypto,1.4327377027384252,,coingecko:chart
2026-01-01,SUI,crypto,1.4039399123512217,,coingecko:chart
2026-01-02,SUI,crypto,1.473853533963073,,coingecko:chart
2026-01-03,SUI,crypto,1.6112973111603144,,coingecko:chart
2026-01-04,SUI,crypto,1.6648999987062492,,coingecko:chart
2026-01-05,SUI,crypto,1.697251341719158,,coingecko:chart
2026-01-06,SUI,crypto,1.9065308241606647,,coingecko:chart
2026-01-07,SUI,crypto,1.900345913511011,,coingecko:chart
2026-01-08,SUI,crypto,1.819819727757392,,coingecko:chart
2026-01-09,SUI,crypto,1.8187636334866402,,coingecko:chart
2026-01-10,SUI,crypto,1.8204574464674204,,coingecko:chart
2026-01-11,SUI,crypto,1.8108545108398406,,coingecko:chart
2026-01-12,SUI,crypto,1.8095660527897852,,coingecko:chart
2026-01-13,SUI,crypto,1.7750884979461892,,coingecko:chart
2026-01-14,SUI,crypto,1.8951276308062857,,coingecko:chart
2026-01-15,SUI,crypto,1.8621173412405396,,coingecko:chart
2026-01-16,SUI,crypto,1.7918227327015246,,coingecko:chart
2026-01-17,SUI,crypto,1.8057250789902108,,coingecko:chart
2026-01-18,SUI,crypto,1.7842446510955154,,coingecko:chart
2026-01-19,SUI,crypto,1.6551794122061192,,coingecko:chart
2026-01-20,SUI,crypto,1.5787967028976821,,coingecko:chart
2026-01-21,SUI,crypto,1.493245984726027,,coingecko:chart
2026-01-22,SUI,crypto,1.5277705578348584,,coingecko:chart
2026-01-23,SUI,crypto,1.5199941735292959,,coingecko:chart
2026-01-24,SUI,crypto,1.517477448732371,,coingecko:chart
2026-01-25,SUI,crypto,1.5221710449446881,,coingecko:chart
2026-01-26,SUI,crypto,1.4198396281193946,,coingecko:chart
2026-01-27,SUI,crypto,1.4708549570256886,,coingecko:chart
2026-01-28,SUI,crypto,1.4615278344507168,,coingecko:chart
2026-01-29,SUI,crypto,1.4374366059486816,,coingecko:chart
2026-01-30,SUI,crypto,1.3417467234784906,,coingecko:chart
2026-01-31,SUI,crypto,1.292789671812361,,coingecko:chart
2026-02-01,SUI,crypto,1.1700832455926926,,coingecko:chart
2026-02-02,SUI,crypto,1.125273687560348,,coingecko:chart
2026-02-03,SUI,crypto,1.1710975791974274,,coingecko:chart
2026-02-04,SUI,crypto,1.1311951301081336,,coingecko:chart
2026-02-05,SUI,crypto,1.1025392834766616,,coingecko:chart
2026-02-06,SUI,crypto,0.9010391403769676,,coingecko:chart
2026-02-07,SUI,crypto,1.0248847765977112,,coingecko:chart
2026-02-08,SUI,crypto,1.0248108411007049,,coingecko:chart
2026-02-09,SUI,crypto,1.0038177420103511,,coingecko:chart
2026-02-10,SUI,crypto,0.9638458331035874,,coingecko:chart
2026-02-11,SUI,crypto,0.9310750130407204,,coingecko:chart
2026-02-12,SUI,crypto,0.9252223513398421,,coingecko:chart
2026-02-13,SUI,crypto,0.952059311530827,,coingecko:chart
2026-02-14,SUI,crypto,0.9943682740096594,,coingecko:chart
2026-02-15,SUI,crypto,1.0544730152279431,,coingecko:chart
2026-02-16,SUI,crypto,1.0063478691935133,,coingecko:chart
2026-02-17,SUI,crypto,1.0235721647814273,,coingecko:chart
2026-02-18,SUI,crypto,0.9993820973079977,,coingecko:chart
2026-02-19,SUI,crypto,0.9605246334043853,,coingecko:chart
2026-02-20,SUI,crypto,0.9690179612156146,,coingecko:chart
2026-02-21,SUI,crypto,0.9841640593162118,,coingecko:chart
2026-02-22,SUI,crypto,0.9897625807806042,,coingecko:chart
2026-02-23,SUI,crypto,0.9131944489683156,,coingecko:chart
2026-02-24,SUI,crypto,0.9125183803984199,,coingecko:chart
2026-02-25,SUI,crypto,0.8957314301150383,,coingecko:chart
2026-02-26,SUI,crypto,0.9920636084981181,,coingecko:chart
2026-02-27,SUI,crypto,0.9689350044977947,,coingecko:chart
2026-02-28,SUI,crypto,0.926506530986601,,coingecko:chart
2026-03-01,SUI,crypto,0.9282608683607095,,coingecko:chart
2026-03-02,SUI,crypto,0.917833565165337,,coingecko:chart
2026-03-03,SUI,crypto,0.9425836998400793,,coingecko:chart
2026-03-04,SUI,crypto,0.933998897480974,,coingecko:chart
2026-03-05,SUI,crypto,0.9756431840944256,,coingecko:chart
2026-03-06,SUI,crypto,0.9797924134454995,,coingecko:chart
2026-03-07,SUI,crypto,0.928394757396521,,coingecko:chart
2026-03-08,SUI,crypto,0.9295637019953201,,coingecko:chart
2026-03-09,SUI,crypto,0.9217727865610693,,coingecko:chart
2026-03-10,SUI,crypto,0.9672058553888806,,coingecko:chart
2026-03-11,SUI,crypto,0.9860090590147003,,coingecko:chart
2026-03-12,SUI,crypto,0.9791295437333948,,coingecko:chart
2026-03-13,SUI,crypto,1.0164887563942298,,coingecko:chart
2026-03-14,SUI,crypto,1.0125490700014377,,coingecko:chart
2026-03-15,SUI,crypto,1.046621591928768,,coingecko:chart
2026-03-16,SUI,crypto,1.0570093597405186,,coingecko:chart
2026-03-17,SUI,crypto,1.0866508378116186,,coingecko:chart
2026-03-18,SUI,crypto,1.0615888787528152,,coingecko:chart
2026-03-19,SUI,crypto,1.0076708731357957,,coingecko:chart
2026-03-20,SUI,crypto,0.992026362937598,,coingecko:chart
2026-03-21,SUI,crypto,0.9679530086817747,,coingecko:chart
2026-03-22,SUI,crypto,0.980529309350096,,coingecko:chart
2026-03-23,SUI,crypto,0.940335000375422,,coingecko:chart
2026-03-24,SUI,crypto,0.978959073730554,,coingecko:chart
2026-03-25,SUI,crypto,0.9761152707325275,,coingecko:chart
2026-03-26,SUI,crypto,1.0025188642840441,,coingecko:chart
2026-03-27,SUI,crypto,0.9522848862282758,,coingecko:chart
2026-03-28,SUI,crypto,0.8805916736591878,,coingecko:chart
2026-03-29,SUI,crypto,0.8596691558952924,,coingecko:chart
2026-03-30,SUI,crypto,0.8475572989558414,,coingecko:chart
2026-03-31,SUI,crypto,0.8628036216438217,,coingecko:chart
2026-04-01,SUI,crypto,0.8777468435739777,,coingecko:chart
2026-04-02,SUI,crypto,0.8818402029480527,,coingecko:chart
2026-04-03,SUI,crypto,0.8624749960231295,,coingecko:chart
2026-04-04,SUI,crypto,0.8746453127851751,,coingecko:chart
2026-04-05,SUI,crypto,0.8720845769741401,,coingecko:chart
2026-04-06,SUI,crypto,0.8790878147036301,,coingecko:chart
2026-04-07,SUI,crypto,0.8727683328176696,,coingecko:chart
2026-04-08,SUI,crypto,0.9621826874249653,,coingecko:chart
2026-04-09,SUI,crypto,0.9140549354227536,,coingecko:chart
2026-04-10,SUI,crypto,0.930713819013896,,coingecko:chart
2026-04-11,SUI,crypto,0.9439801942332772,,coingecko:chart
2026-04-12,SUI,crypto,0.9413981732393295,,coingecko:chart
2026-04-13,SUI,crypto,0.901862401350626,,coingecko:chart
2026-04-14,SUI,crypto,0.9609953200381303,,coingecko:chart
2026-04-15,SUI,crypto,0.9347036653985547,,coingecko:chart
2026-04-16,SUI,crypto,0.9607630757978227,,coingecko:chart
2026-04-17,SUI,crypto,1.0002758357501422,,coingecko:chart
2026-04-18,SUI,crypto,0.9981330706677513,,coingecko:chart
2026-04-19,SUI,crypto,0.9574610760080149,,coingecko:chart
2026-04-20,SUI,crypto,0.9235208726933745,,coingecko:chart
2026-04-21,SUI,crypto,0.9447179054817392,,coingecko:chart
2026-04-22,SUI,crypto,0.949481477061011,,coingecko:chart
2026-04-23,SUI,crypto,0.945109778109508,,coingecko:chart
2026-04-24,SUI,crypto,0.9460877682279575,,coingecko:chart
2026-04-25,SUI,crypto,0.9464539543499556,,coingecko:chart
2026-04-26,SUI,crypto,0.9391273538650249,,coingecko:chart
2026-04-27,SUI,crypto,0.9457595720557995,,coingecko:chart
2026-04-28,SUI,crypto,0.9359108057568467,,coingecko:chart
2026-04-29,SUI,crypto,0.9255642215457744,,coingecko:chart
2026-04-30,SUI,crypto,0.9072258869770515,,coingecko:chart
2026-05-01,SUI,crypto,0.9081819084506138,,coingecko:chart
2026-05-02,SUI,crypto,0.9189242594193257,,coingecko:chart
2026-05-03,SUI,crypto,0.9275770139450942,,coingecko:chart
2026-05-04,SUI,crypto,0.9199101766494371,,coingecko:chart
2026-05-05,SUI,crypto,0.9289294208854422,,coingecko:chart
2026-05-06,SUI,crypto,0.9667880243053825,,coingecko:chart
2026-05-07,SUI,crypto,0.9937096877038549,,coingecko:chart
2026-05-08,SUI,crypto,0.9689163410947562,,coingecko:chart
2026-05-09,SUI,crypto,1.0225544061985388,,coingecko:chart
2026-05-10,SUI,crypto,1.0717594793716774,,coingecko:chart
2026-05-11,SUI,crypto,1.331009106508275,,coingecko:chart
2026-05-12,SUI,crypto,1.2890090571857,,coingecko:chart
2026-05-13,SUI,crypto,1.236949787131047,,coingecko:chart
2026-05-14,SUI,crypto,1.2076680954903176,,coingecko:chart
2026-05-15,SUI,crypto,1.186744927051381,,coingecko:chart
2026-05-16,SUI,crypto,1.0988962336563959,,coingecko:chart
2026-05-17,SUI,crypto,1.0608275577338229,,coingecko:chart
2026-05-18,SUI,crypto,1.0438210540545092,,coingecko:chart
2026-05-19,SUI,crypto,1.0633082793227686,,coingecko:chart
2026-05-20,SUI,crypto,1.0507703177308871,,coingecko:chart
2026-05-21,SUI,crypto,1.0779317579260186,,coingecko:chart
2026-05-22,SUI,crypto,1.121836152551723,,coingecko:chart
2026-05-23,SUI,crypto,1.045622915167553,,coingecko:chart
2026-05-24,SUI,crypto,1.0648148127323576,,coingecko:chart
2026-05-25,SUI,crypto,1.0308378964109575,,coingecko:chart
2026-05-26,SUI,crypto,1.0410817423725174,,coingecko:chart
2026-05-27,SUI,crypto,0.9998765328927627,,coingecko:chart
2026-05-28,SUI,crypto,0.9573918371692713,,coingecko:chart
2026-05-29,SUI,crypto,0.9287667954685396,,coingecko:chart
2026-05-30,SUI,crypto,0.9044914513603797,,coingecko:chart
2026-05-31,SUI,crypto,0.9091924388413146,,coingecko:chart
2026-06-01,SUI,crypto,0.8945939328797726,,coingecko:chart
2026-06-02,SUI,crypto,0.8783797499924955,,coingecko:chart
2026-06-03,SUI,crypto,0.8069343864995067,,coingecko:chart
2026-06-04,SUI,crypto,0.8244809763445838,,coingecko:chart
2026-06-05,SUI,crypto,0.7663261504930983,,coingecko:chart
2026-06-06,SUI,crypto,0.702847473595504,,coingecko:chart
2026-06-07,SUI,crypto,0.7175997479212959,,coingecko:chart
2026-06-08,SUI,crypto,0.7572036122552821,,coingecko:chart
2026-06-09,SUI,crypto,0.7549304235477053,,coingecko:chart
2026-06-10,SUI,crypto,0.7489986368644519,,coingecko:chart
2026-06-11,SUI,crypto,0.7265912894096546,,coingecko:chart
2026-06-12,SUI,crypto,0.7540072142031958,,coingecko:chart
2026-06-13,SUI,crypto,0.7507288074291026,,coingecko:chart
2026-06-14,SUI,crypto,0.7676828832474524,,coingecko:chart
2026-06-15,SUI,crypto,0.8026939499307577,,coingecko:chart
2026-06-16,SUI,crypto,0.7929489895368363,,coingecko:chart
2026-06-17,SUI,crypto,0.795880409535037,,coingecko:chart
2026-06-18,SUI,crypto,0.7667801952846582,,coingecko:chart
2026-06-19,SUI,crypto,0.7289376534113025,,coingecko:chart
2026-06-20,SUI,crypto,0.7161603373005885,,coingecko:chart
2026-06-21,SUI,crypto,0.7134255687391093,,coingecko:chart
2026-06-22,SUI,crypto,0.6929331649201093,,coingecko:chart
2026-06-23,SUI,crypto,0.7185937879377159,,coingecko:chart
2026-06-24,SUI,crypto,0.7035532164365659,,coingecko:chart
2026-06-25,SUI,crypto,0.6847861717119289,,coingecko:chart
2026-06-26,SUI,crypto,0.6832257771499617,,coingecko:chart
2026-06-27,SUI,crypto,0.69722134669102,,coingecko:chart
2026-06-28,SUI,crypto,0.6835787041976812,,coingecko:chart
2026-06-29,SUI,crypto,0.6802899741176829,,coingecko:chart
2026-06-30,SUI,crypto,0.7010358253451238,,coingecko:chart
2026-07-01,SUI,crypto,0.6897090308544225,,coingecko:chart
2026-07-02,SUI,crypto,0.7147227325217175,,coingecko:chart
2026-07-03,SUI,crypto,0.7344270608468689,,coingecko:chart
2026-07-04,SUI,crypto,0.769172690075316,,coingecko:chart
2026-07-05,SUI,crypto,0.7612173035049319,,coingecko:chart
2026-07-06,SUI,crypto,0.756154310126445,,coingecko:chart
2026-07-07,SUI,crypto,0.7493146911511985,,coingecko:chart
2026-07-08,SUI,crypto,0.7280022385813356,,coingecko:chart
2026-07-09,SUI,crypto,0.7105600236500882,,coingecko:chart
2026-07-10,SUI,crypto,0.7167334838873745,,coingecko:chart
2026-07-11,SUI,crypto,0.738379928248254,,coingecko:chart
2026-07-12,SUI,crypto,0.728579164257862,,coingecko:chart
2026-07-13,SUI,crypto,0.7357032610857066,,coingecko:chart
2026-07-14,SUI,crypto,0.7213234842558185,,coingecko:chart
2026-07-15,SUI,crypto,0.7618969644676731,,coingecko:chart
2026-07-16,SUI,crypto,0.7547575875716812,,coingecko:chart
2026-07-17,SUI,crypto,0.7384556491190373,,coingecko:chart
2026-07-18,SUI,crypto,0.7396491862899345,,coingecko:chart
2026-07-19,SUI,crypto,0.7428951312152448,,coingecko:chart
2026-07-20,SUI,crypto,0.74910271016561,,coingecko:chart
2026-07-21,SUI,crypto,0.7640787303314444,,coingecko:chart
2026-07-22,SUI,crypto,0.7712572649753445,,coingecko:chart
2026-07-23,SUI,crypto,0.7643976534874457,,coingecko:chart
2026-07-24,SUI,crypto,0.7440253228643733,,coingecko:chart
2026-07-25,SUI,crypto,0.7103819316567506,,coingecko:chart
2026-07-26,SUI,crypto,0.7107370269255773,,coingecko:chart
2026-07-27,SUI,crypto,0.7228707346372998,,coingecko:chart
2026-07-28,SUI,crypto,0.6803838937909304,,coingecko:chart
2026-07-29,SUI,crypto,0.6920508868333849,,coingecko:chart
2026-07-30,SUI,crypto,0.6855496431937829,,coingecko:chart
2026-07-31,SUI,crypto,0.6917914099174752,,coingecko:chart
2026-08-01,SUI,crypto,0.6812706484774024,,coingecko:chart
2026-08-02,SUI,crypto,0.6754944637345237,,coingecko:chart
2026-08-03,SUI,crypto,0.6890317345469436,,coingecko:chart
2026-08-04,SUI,crypto,0.6904908657936741,,coingecko:chart
2026-08-05,SUI,crypto,0.6926317348686977,,coingecko:chart
2026-08-06,SUI,crypto,0.6896619620424508,,coingecko:chart
2026-08-07,SUI,crypto,0.6717771944259464,,coingecko:chart
2026-08-08,SUI,crypto,0.6717907666612895,,coingecko:chart
2026-08-09,SUI,crypto,0.6917922045257809,,coingecko:chart
2026-08-10,SUI,crypto,0.6860489882611247,,coingecko:chart
2026-08-11,SUI,crypto,0.6838453880391431,,coingecko:chart
2026-08-12,SUI,crypto,0.6924280432866591,,coingecko:chart
2026-08-13,SUI,crypto,0.6809026446548164,,coingecko:chart
2026-08-14,SUI,crypto,0.6888354330943383,,coingecko:chart
2026-08-15,SUI,crypto,0.6821136615567389,,coingecko:chart
2026-08-16,SUI,crypto,0.6768918309292614,,coingecko:chart
2026-08-17,SUI,crypto,0.670605277389904,,coingecko:chart
2026-08-18,SUI,crypto,0.6746255838144202,,coingecko:chart
2026-08-19,SUI,crypto,0.6514311908607086,,coingecko:chart
2026-08-20,SUI,crypto,0.705642218178484,,coingecko:chart
2026-08-21,SUI,crypto,0.7334983902408345,,coingecko:chart
2026-08-22,SUI,crypto,0.843762950239338,,coingecko:chart
2026-08-23,SUI,crypto,0.8151322103934538,,coingecko:chart
2026-08-24,SUI,crypto,0.8499161763231283,,coingecko:chart
2026-08-25,SUI,crypto,0.7990201050290299,,coingecko:chart
2026-08-26,SUI,crypto,0.7572263292820862,,coingecko:chart
2026-08-27,SUI,crypto,0.7673709975662557,,coingecko:chart
2026-08-28,SUI,crypto,0.7798053213448664,,coingecko:chart
2026-08-29,SUI,crypto,0.7436632373720079,,coingecko:chart
2026-08-30,SUI,crypto,0.7450063440015169,,coingecko:chart
2026-08-31,SUI,crypto,0.7109485238695851,,coingecko:chart
2026-09-01,SUI,crypto,0.7264899352865174,,coingecko:chart
2026-09-02,SUI,crypto,0.7215565451896321,,coingecko:chart
2026-09-03,SUI,crypto,0.7459193700717149,,coingecko:chart
2026-09-04,SUI,crypto,0.7833044026160485,,coingecko:chart
2026-09-05,SUI,crypto,0.7554269855054555,,coingecko:chart
2026-09-06,SUI,crypto,0.794942181507136,,coingecko:chart
2026-09-07,SUI,crypto,0.8115759896709213,,coingecko:chart
2026-09-08,SUI,crypto,0.8182124691457182,,coingecko:chart
2026-09-09,SUI,crypto,0.8112354526146774,,coingecko:chart
2026-09-10,SUI,crypto,0.7722457260098831,,coingecko:chart
2026-09-11,SUI,crypto,0.7272958021165842,,coingecko:chart
2026-09-12,SUI,crypto,0.7254574074701552,,coingecko:chart
2026-09-13,SUI,crypto,0.7249162127752333,,coingecko:chart
2026-09-13,SUI,crypto,0.7233784686951867,,coingecko:chart
2025-09-14,ONDO,crypto,1.090288043578326,,coingecko:chart
2025-09-15,ONDO,crypto,1.049601159221038,,coingecko:chart
2025-09-16,ONDO,crypto,1.0368383873530111,,coingecko:chart
2025-09-17,ONDO,crypto,1.0209963491299603,,coingecko:chart
2025-09-18,ONDO,crypto,1.066691181280219,,coingecko:chart
2025-09-19,ONDO,crypto,1.0784185125385397,,coingecko:chart
2025-09-20,ONDO,crypto,1.0226726214338204,,coingecko:chart
2025-09-21,ONDO,crypto,1.0159944792605065,,coingecko:chart
2025-09-22,ONDO,crypto,0.9900893803048256,,coingecko:chart
2025-09-23,ONDO,crypto,0.941334844450069,,coingecko:chart
2025-09-24,ONDO,crypto,0.918205982353982,,coingecko:chart
2025-09-25,ONDO,crypto,0.9247213330822148,,coingecko:chart
2025-09-26,ONDO,crypto,0.8763744284464788,,coingecko:chart
2025-09-27,ONDO,crypto,0.8967922053378069,,coingecko:chart
2025-09-28,ONDO,crypto,0.8848936430291914,,coingecko:chart
2025-09-29,ONDO,crypto,0.9054089480825398,,coingecko:chart
2025-09-30,ONDO,crypto,0.8934571765044117,,coingecko:chart
2025-10-01,ONDO,crypto,0.8843172729088373,,coingecko:chart
2025-10-02,ONDO,crypto,0.9371033792783288,,coingecko:chart
2025-10-03,ONDO,crypto,0.9584065593023124,,coingecko:chart
2025-10-04,ONDO,crypto,0.9444716331038872,,coingecko:chart
2025-10-05,ONDO,crypto,0.9228730823134584,,coingecko:chart
2025-10-06,ONDO,crypto,0.917145042285794,,coingecko:chart
2025-10-07,ONDO,crypto,0.9677914608407864,,coingecko:chart
2025-10-08,ONDO,crypto,0.9096235531834216,,coingecko:chart
2025-10-09,ONDO,crypto,0.9238126558841788,,coingecko:chart
2025-10-10,ONDO,crypto,0.8841669200468201,,coingecko:chart
2025-10-11,ONDO,crypto,0.6974570291365036,,coingecko:chart
2025-10-12,ONDO,crypto,0.7178818579808559,,coingecko:chart
2025-10-13,ONDO,crypto,0.8166166396800916,,coingecko:chart
2025-10-14,ONDO,crypto,0.8337173000161824,,coingecko:chart
2025-10-15,ONDO,crypto,0.8003075001862624,,coingecko:chart
2025-10-16,ONDO,crypto,0.7638102251112027,,coingecko:chart
2025-10-17,ONDO,crypto,0.7272293661593279,,coingecko:chart
2025-10-18,ONDO,crypto,0.7047826814853947,,coingecko:chart
2025-10-19,ONDO,crypto,0.71400860672223,,coingecko:chart
2025-10-20,ONDO,crypto,0.7316491746502809,,coingecko:chart
2025-10-21,ONDO,crypto,0.7524128539272892,,coingecko:chart
2025-10-22,ONDO,crypto,0.7242754921244273,,coingecko:chart
2025-10-23,ONDO,crypto,0.7037408512104567,,coingecko:chart
2025-10-24,ONDO,crypto,0.7222859634665261,,coingecko:chart
2025-10-25,ONDO,crypto,0.7443438275610268,,coingecko:chart
2025-10-26,ONDO,crypto,0.735109602864482,,coingecko:chart
2025-10-27,ONDO,crypto,0.7655726509326719,,coingecko:chart
2025-10-28,ONDO,crypto,0.7460165976215792,,coingecko:chart
2025-10-29,ONDO,crypto,0.7293661898905226,,coingecko:chart
2025-10-30,ONDO,crypto,0.7283038296511241,,coingecko:chart
2025-10-31,ONDO,crypto,0.6882773631624949,,coingecko:chart
2025-11-01,ONDO,crypto,0.6868303031682609,,coingecko:chart
2025-11-02,ONDO,crypto,0.702578711803603,,coingecko:chart
2025-11-03,ONDO,crypto,0.6978127220074924,,coingecko:chart
2025-11-04,ONDO,crypto,0.6139980385277004,,coingecko:chart
2025-11-05,ONDO,crypto,0.5938606683785042,,coingecko:chart
2025-11-06,ONDO,crypto,0.6162862436605747,,coingecko:chart
2025-11-07,ONDO,crypto,0.5953242203234373,,coingecko:chart
2025-11-08,ONDO,crypto,0.6698836961755299,,coingecko:chart
2025-11-09,ONDO,crypto,0.6595247382559404,,coingecko:chart
2025-11-10,ONDO,crypto,0.6712630104750734,,coingecko:chart
2025-11-11,ONDO,crypto,0.6925274778137412,,coingecko:chart
2025-11-12,ONDO,crypto,0.6491580796091798,,coingecko:chart
2025-11-13,ONDO,crypto,0.637626080223701,,coingecko:chart
2025-11-14,ONDO,crypto,0.6134058473801716,,coingecko:chart
2025-11-15,ONDO,crypto,0.5765827133586506,,coingecko:chart
2025-11-16,ONDO,crypto,0.5827922864890948,,coingecko:chart
2025-11-17,ONDO,crypto,0.5580561512660613,,coingecko:chart
2025-11-18,ONDO,crypto,0.5306540606858836,,coingecko:chart
2025-11-19,ONDO,crypto,0.5454795351407544,,coingecko:chart
2025-11-20,ONDO,crypto,0.5287611071732358,,coingecko:chart
2025-11-21,ONDO,crypto,0.502290982158411,,coingecko:chart
2025-11-22,ONDO,crypto,0.4661246752541864,,coingecko:chart
2025-11-23,ONDO,crypto,0.4626203188586146,,coingecko:chart
2025-11-24,ONDO,crypto,0.47534754926120665,,coingecko:chart
2025-11-25,ONDO,crypto,0.4997370904631043,,coingecko:chart
2025-11-26,ONDO,crypto,0.5057035801247352,,coingecko:chart
2025-11-27,ONDO,crypto,0.5172541434769634,,coingecko:chart
2025-11-28,ONDO,crypto,0.5217981862349648,,coingecko:chart
2025-11-29,ONDO,crypto,0.516097878696765,,coingecko:chart
2025-11-30,ONDO,crypto,0.5100818204963836,,coingecko:chart
2025-12-01,ONDO,crypto,0.5048204116143197,,coingecko:chart
2025-12-02,ONDO,crypto,0.4630936088455725,,coingecko:chart
2025-12-03,ONDO,crypto,0.502179050573149,,coingecko:chart
2025-12-04,ONDO,crypto,0.5140050455184324,,coingecko:chart
2025-12-05,ONDO,crypto,0.4910807603108914,,coingecko:chart
2025-12-06,ONDO,crypto,0.463428684686365,,coingecko:chart
2025-12-07,ONDO,crypto,0.4678933821295407,,coingecko:chart
2025-12-08,ONDO,crypto,0.4553100154651723,,coingecko:chart
2025-12-09,ONDO,crypto,0.4844407464826294,,coingecko:chart
2025-12-10,ONDO,crypto,0.49927906666189026,,coingecko:chart
2025-12-11,ONDO,crypto,0.4899537109794389,,coingecko:chart
2025-12-12,ONDO,crypto,0.47405212446443207,,coingecko:chart
2025-12-13,ONDO,crypto,0.45894119403322525,,coingecko:chart
2025-12-14,ONDO,crypto,0.4635719005952794,,coingecko:chart
2025-12-15,ONDO,crypto,0.441566953216293,,coingecko:chart
2025-12-16,ONDO,crypto,0.4166651280543436,,coingecko:chart
2025-12-17,ONDO,crypto,0.4149029601134713,,coingecko:chart
2025-12-18,ONDO,crypto,0.3900260929512479,,coingecko:chart
2025-12-19,ONDO,crypto,0.3687012812117611,,coingecko:chart
2025-12-20,ONDO,crypto,0.3975421523778138,,coingecko:chart
2025-12-21,ONDO,crypto,0.3989574771000656,,coingecko:chart
2025-12-22,ONDO,crypto,0.39031748254603327,,coingecko:chart
2025-12-23,ONDO,crypto,0.3931415851522247,,coingecko:chart
2025-12-24,ONDO,crypto,0.38644406623193134,,coingecko:chart
2025-12-25,ONDO,crypto,0.37611025985724467,,coingecko:chart
2025-12-26,ONDO,crypto,0.36821822424273737,,coingecko:chart
2025-12-27,ONDO,crypto,0.37539373388379765,,coingecko:chart
2025-12-28,ONDO,crypto,0.3875417419995973,,coingecko:chart
2025-12-29,ONDO,crypto,0.3872884216645417,,coingecko:chart
2025-12-30,ONDO,crypto,0.3765857465440072,,coingecko:chart
2025-12-31,ONDO,crypto,0.3739781777698626,,coingecko:chart
2026-01-01,ONDO,crypto,0.3595020733959088,,coingecko:chart
2026-01-02,ONDO,crypto,0.38752325958511397,,coingecko:chart
2026-01-03,ONDO,crypto,0.4242482377211614,,coingecko:chart
2026-01-04,ONDO,crypto,0.42706092620588804,,coingecko:chart
2026-01-05,ONDO,crypto,0.44038563317931884,,coingecko:chart
2026-01-06,ONDO,crypto,0.45531487826445427,,coingecko:chart
2026-01-07,ONDO,crypto,0.4565032984737483,,coingecko:chart
2026-01-08,ONDO,crypto,0.4229784427458398,,coingecko:chart
2026-01-09,ONDO,crypto,0.40795557047109904,,coingecko:chart
2026-01-10,ONDO,crypto,0.4037384580813954,,coingecko:chart
2026-01-11,ONDO,crypto,0.40189052615078596,,coingecko:chart
2026-01-12,ONDO,crypto,0.4003764278139788,,coingecko:chart
2026-01-13,ONDO,crypto,0.4775736145160525,,coingecko:chart
2026-01-14,ONDO,crypto,0.4744853102438972,,coingecko:chart
2026-01-15,ONDO,crypto,0.4535040834111462,,coingecko:chart
2026-01-16,ONDO,crypto,0.44229438144185085,,coingecko:chart
2026-01-17,ONDO,crypto,0.38529917332025465,,coingecko:chart
2026-01-18,ONDO,crypto,0.3851131823182541,,coingecko:chart
2026-01-19,ONDO,crypto,0.34884919667986236,,coingecko:chart
2026-01-20,ONDO,crypto,0.39673634552079473,,coingecko:chart
2026-01-21,ONDO,crypto,0.4088019293885457,,coingecko:chart
2026-01-22,ONDO,crypto,0.4208248054212292,,coingecko:chart
2026-01-23,ONDO,crypto,0.4494635795431684,,coingecko:chart
2026-01-24,ONDO,crypto,0.34914647260181986,,coingecko:chart
2026-01-25,ONDO,crypto,0.34630459088728527,,coingecko:chart
2026-01-26,ONDO,crypto,0.3244774002518324,,coingecko:chart
2026-01-27,ONDO,crypto,0.33384437608210804,,coingecko:chart
2026-01-28,ONDO,crypto,0.34226810996957274,,coingecko:chart
2026-01-29,ONDO,crypto,0.3477835146345407,,coingecko:chart
2026-01-30,ONDO,crypto,0.38939220922301077,,coingecko:chart
2026-01-31,ONDO,crypto,0.38325740693456345,,coingecko:chart
2026-02-01,ONDO,crypto,0.34916094014500504,,coingecko:chart
2026-02-02,ONDO,crypto,0.36554907151594146,,coingecko:chart
2026-02-03,ONDO,crypto,0.3581013000314044,,coingecko:chart
2026-02-04,ONDO,crypto,0.3410156927358098,,coingecko:chart
2026-02-05,ONDO,crypto,0.3521213980471143,,coingecko:chart
2026-02-06,ONDO,crypto,0.27891574560308224,,coingecko:chart
2026-02-07,ONDO,crypto,0.2990045412906342,,coingecko:chart
2026-02-08,ONDO,crypto,0.3396783462607311,,coingecko:chart
2026-02-09,ONDO,crypto,0.2596977610220546,,coingecko:chart
2026-02-10,ONDO,crypto,0.25125441004428073,,coingecko:chart
2026-02-11,ONDO,crypto,0.24852164205279256,,coingecko:chart
2026-02-12,ONDO,crypto,0.2436632052750226,,coingecko:chart
2026-02-13,ONDO,crypto,0.25346819569186063,,coingecko:chart
2026-02-14,ONDO,crypto,0.26608397949250184,,coingecko:chart
2026-02-15,ONDO,crypto,0.295930301856309,,coingecko:chart
2026-02-16,ONDO,crypto,0.27861594119342104,,coingecko:chart
2026-02-17,ONDO,crypto,0.28080962178994795,,coingecko:chart
2026-02-18,ONDO,crypto,0.2776228568655976,,coingecko:chart
2026-02-19,ONDO,crypto,0.2674047364090542,,coingecko:chart
2026-02-20,ONDO,crypto,0.2645730257284888,,coingecko:chart
2026-02-21,ONDO,crypto,0.26964274734447596,,coingecko:chart
2026-02-22,ONDO,crypto,0.2698993804445402,,coingecko:chart
2026-02-23,ONDO,crypto,0.2528061813738301,,coingecko:chart
2026-02-24,ONDO,crypto,0.25116461820288977,,coingecko:chart
2026-02-25,ONDO,crypto,0.2485473365144365,,coingecko:chart
2026-02-26,ONDO,crypto,0.2761755904353395,,coingecko:chart
2026-02-27,ONDO,crypto,0.26768144744474065,,coingecko:chart
2026-02-28,ONDO,crypto,0.2590305494948295,,coingecko:chart
2026-03-01,ONDO,crypto,0.263878009756881,,coingecko:chart
2026-03-02,ONDO,crypto,0.2539940690105157,,coingecko:chart
2026-03-03,ONDO,crypto,0.25944792710413833,,coingecko:chart
2026-03-04,ONDO,crypto,0.257485193828678,,coingecko:chart
2026-03-05,ONDO,crypto,0.27009672323002737,,coingecko:chart
2026-03-06,ONDO,crypto,0.2663736909485783,,coingecko:chart
2026-03-07,ONDO,crypto,0.2573659975457199,,coingecko:chart
2026-03-08,ONDO,crypto,0.2517275190122237,,coingecko:chart
2026-03-09,ONDO,crypto,0.24634290592638808,,coingecko:chart
2026-03-10,ONDO,crypto,0.25276005629287857,,coingecko:chart
2026-03-11,ONDO,crypto,0.2565972604886187,,coingecko:chart
2026-03-12,ONDO,crypto,0.25573850954676597,,coingecko:chart
2026-03-13,ONDO,crypto,0.26095261173298895,,coingecko:chart
2026-03-14,ONDO,crypto,0.2636387501300643,,coingecko:chart
2026-03-15,ONDO,crypto,0.26492405155039295,,coingecko:chart
2026-03-16,ONDO,crypto,0.27275555154114584,,coingecko:chart
2026-03-17,ONDO,crypto,0.2891409615591573,,coingecko:chart
2026-03-18,ONDO,crypto,0.2828348723583321,,coingecko:chart
2026-03-19,ONDO,crypto,0.26794820321112917,,coingecko:chart
2026-03-20,ONDO,crypto,0.25969609922854703,,coingecko:chart
2026-03-21,ONDO,crypto,0.2623266974181956,,coingecko:chart
2026-03-22,ONDO,crypto,0.2536351650760789,,coingecko:chart
2026-03-23,ONDO,crypto,0.2486127226768415,,coingecko:chart
2026-03-24,ONDO,crypto,0.25584053782763644,,coingecko:chart
2026-03-25,ONDO,crypto,0.2575203779994072,,coingecko:chart
2026-03-26,ONDO,crypto,0.26688744207496845,,coingecko:chart
2026-03-27,ONDO,crypto,0.26977746501924127,,coingecko:chart
2026-03-28,ONDO,crypto,0.27056620022484723,,coingecko:chart
2026-03-29,ONDO,crypto,0.26885712276038526,,coingecko:chart
2026-03-30,ONDO,crypto,0.25821403820004235,,coingecko:chart
2026-03-31,ONDO,crypto,0.2619172347964395,,coingecko:chart
2026-04-01,ONDO,crypto,0.27249258509142926,,coingecko:chart
2026-04-02,ONDO,crypto,0.27029924502507435,,coingecko:chart
2026-04-03,ONDO,crypto,0.2581182619896245,,coingecko:chart
2026-04-04,ONDO,crypto,0.2598858252577136,,coingecko:chart
2026-04-05,ONDO,crypto,0.25579436618449897,,coingecko:chart
2026-04-06,ONDO,crypto,0.26061336890041875,,coingecko:chart
2026-04-07,ONDO,crypto,0.25629752883363716,,coingecko:chart
2026-04-08,ONDO,crypto,0.26959160445149516,,coingecko:chart
2026-04-09,ONDO,crypto,0.255967434020465,,coingecko:chart
2026-04-10,ONDO,crypto,0.25490903471101495,,coingecko:chart
2026-04-11,ONDO,crypto,0.25661817075410126,,coingecko:chart
2026-04-12,ONDO,crypto,0.2564720248350315,,coingecko:chart
2026-04-13,ONDO,crypto,0.2427684935257279,,coingecko:chart
2026-04-14,ONDO,crypto,0.2577731961978646,,coingecko:chart
2026-04-15,ONDO,crypto,0.25186589397461207,,coingecko:chart
2026-04-16,ONDO,crypto,0.25906536817614895,,coingecko:chart
2026-04-17,ONDO,crypto,0.26967740576960814,,coingecko:chart
2026-04-18,ONDO,crypto,0.2708355494947915,,coingecko:chart
2026-04-19,ONDO,crypto,0.2585444616797532,,coingecko:chart
2026-04-20,ONDO,crypto,0.25071391102185897,,coingecko:chart
2026-04-21,ONDO,crypto,0.2554592904933411,,coingecko:chart
2026-04-22,ONDO,crypto,0.258110785791695,,coingecko:chart
2026-04-23,ONDO,crypto,0.2611876669671447,,coingecko:chart
2026-04-24,ONDO,crypto,0.2624259002203765,,coingecko:chart
2026-04-25,ONDO,crypto,0.26244500203030363,,coingecko:chart
2026-04-26,ONDO,crypto,0.2612706919543469,,coingecko:chart
2026-04-27,ONDO,crypto,0.26718954829197294,,coingecko:chart
2026-04-28,ONDO,crypto,0.26670781598497284,,coingecko:chart
2026-04-29,ONDO,crypto,0.2645912360245475,,coingecko:chart
2026-04-30,ONDO,crypto,0.26374736809557203,,coingecko:chart
2026-05-01,ONDO,crypto,0.26286398463780697,,coingecko:chart
2026-05-02,ONDO,crypto,0.2680346472472632,,coingecko:chart
2026-05-03,ONDO,crypto,0.283581816504682,,coingecko:chart
2026-05-04,ONDO,crypto,0.28711619044947095,,coingecko:chart
2026-05-05,ONDO,crypto,0.3154786032758815,,coingecko:chart
2026-05-06,ONDO,crypto,0.3216052651442534,,coingecko:chart
2026-05-07,ONDO,crypto,0.3242517563784458,,coingecko:chart
2026-05-08,ONDO,crypto,0.3535346945614979,,coingecko:chart
2026-05-09,ONDO,crypto,0.45013202417762144,,coingecko:chart
2026-05-10,ONDO,crypto,0.4196846718462373,,coingecko:chart
2026-05-11,ONDO,crypto,0.4249862666035665,,coingecko:chart
2026-05-12,ONDO,crypto,0.428221667967417,,coingecko:chart
2026-05-13,ONDO,crypto,0.38903371750742927,,coingecko:chart
2026-05-14,ONDO,crypto,0.38508461584618014,,coingecko:chart
2026-05-15,ONDO,crypto,0.3873592832538324,,coingecko:chart
2026-05-16,ONDO,crypto,0.3628228054499097,,coingecko:chart
2026-05-17,ONDO,crypto,0.3441322336832529,,coingecko:chart
2026-05-18,ONDO,crypto,0.34571560042566846,,coingecko:chart
2026-05-19,ONDO,crypto,0.3862164401935661,,coingecko:chart
2026-05-20,ONDO,crypto,0.3680489062608916,,coingecko:chart
2026-05-21,ONDO,crypto,0.40072420028052347,,coingecko:chart
2026-05-22,ONDO,crypto,0.4128483401815626,,coingecko:chart
2026-05-23,ONDO,crypto,0.38314712016833263,,coingecko:chart
2026-05-24,ONDO,crypto,0.42456427062006813,,coingecko:chart
2026-05-25,ONDO,crypto,0.4378149966343965,,coingecko:chart
2026-05-26,ONDO,crypto,0.4259036635945125,,coingecko:chart
2026-05-27,ONDO,crypto,0.4042166659150735,,coingecko:chart
2026-05-28,ONDO,crypto,0.38224188692046596,,coingecko:chart
2026-05-29,ONDO,crypto,0.36896153927420305,,coingecko:chart
2026-05-30,ONDO,crypto,0.3533312533713228,,coingecko:chart
2026-05-31,ONDO,crypto,0.375232470000667,,coingecko:chart
2026-06-01,ONDO,crypto,0.36375782812895685,,coingecko:chart
2026-06-02,ONDO,crypto,0.35612055148638966,,coingecko:chart
2026-06-03,ONDO,crypto,0.3880054877552196,,coingecko:chart
2026-06-04,ONDO,crypto,0.41370400708467053,,coingecko:chart
2026-06-05,ONDO,crypto,0.3702218163809316,,coingecko:chart
2026-06-06,ONDO,crypto,0.344024926917368,,coingecko:chart
2026-06-07,ONDO,crypto,0.3245485511654647,,coingecko:chart
2026-06-08,ONDO,crypto,0.3496000625445312,,coingecko:chart
2026-06-09,ONDO,crypto,0.3646309110020678,,coingecko:chart
2026-06-10,ONDO,crypto,0.35737440125069697,,coingecko:chart
2026-06-11,ONDO,crypto,0.3333129823256606,,coingecko:chart
2026-06-12,ONDO,crypto,0.3653769113083043,,coingecko:chart
2026-06-13,ONDO,crypto,0.35369244926503113,,coingecko:chart
2026-06-14,ONDO,crypto,0.36455728829816886,,coingecko:chart
2026-06-15,ONDO,crypto,0.367544145084212,,coingecko:chart
2026-06-16,ONDO,crypto,0.36999372741619063,,coingecko:chart
2026-06-17,ONDO,crypto,0.36946989967539756,,coingecko:chart
2026-06-18,ONDO,crypto,0.3646277003873262,,coingecko:chart
2026-06-19,ONDO,crypto,0.36602043212608226,,coingecko:chart
2026-06-20,ONDO,crypto,0.3548072184174997,,coingecko:chart
2026-06-21,ONDO,crypto,0.34283383908439385,,coingecko:chart
2026-06-22,ONDO,crypto,0.3295674558568148,,coingecko:chart
2026-06-23,ONDO,crypto,0.3286504756446573,,coingecko:chart
2026-06-24,ONDO,crypto,0.3144798130235653,,coingecko:chart
2026-06-25,ONDO,crypto,0.3142993378641684,,coingecko:chart
2026-06-26,ONDO,crypto,0.31378165572273337,,coingecko:chart
2026-06-27,ONDO,crypto,0.31611091864219115,,coingecko:chart
2026-06-28,ONDO,crypto,0.3102693389096099,,coingecko:chart
2026-06-29,ONDO,crypto,0.30894983818881283,,coingecko:chart
2026-06-30,ONDO,crypto,0.31585429003895943,,coingecko:chart
2026-07-01,ONDO,crypto,0.3075624255707062,,coingecko:chart
2026-07-02,ONDO,crypto,0.3232418599158304,,coingecko:chart
2026-07-03,ONDO,crypto,0.3282382745163323,,coingecko:chart
2026-07-04,ONDO,crypto,0.3337629168690533,,coingecko:chart
2026-07-05,ONDO,crypto,0.3356730233483644,,coingecko:chart
2026-07-06,ONDO,crypto,0.3325389560908827,,coingecko:chart
2026-07-07,ONDO,crypto,0.33290310572242426,,coingecko:chart
2026-07-08,ONDO,crypto,0.3278749916942764,,coingecko:chart
2026-07-09,ONDO,crypto,0.31540791966700527,,coingecko:chart
2026-07-10,ONDO,crypto,0.31648182255970797,,coingecko:chart
2026-07-11,ONDO,crypto,0.3279956215604535,,coingecko:chart
2026-07-12,ONDO,crypto,0.32398405837178157,,coingecko:chart
2026-07-13,ONDO,crypto,0.3227190381473598,,coingecko:chart
2026-07-14,ONDO,crypto,0.31069772939450174,,coingecko:chart
2026-07-15,ONDO,crypto,0.31477206535562535,,coingecko:chart
2026-07-16,ONDO,crypto,0.3653528184497429,,coingecko:chart
2026-07-17,ONDO,crypto,0.36349197361555763,,coingecko:chart
2026-07-18,ONDO,crypto,0.37253435905844,,coingecko:chart
2026-07-19,ONDO,crypto,0.3467778751535215,,coingecko:chart
2026-07-20,ONDO,crypto,0.34532516693031945,,coingecko:chart
2026-07-21,ONDO,crypto,0.3575589927768883,,coingecko:chart
2026-07-22,ONDO,crypto,0.40095214213736796,,coingecko:chart
2026-07-23,ONDO,crypto,0.41275345651163164,,coingecko:chart
2026-07-24,ONDO,crypto,0.4011844555935161,,coingecko:chart
2026-07-25,ONDO,crypto,0.3837466363506232,,coingecko:chart
2026-07-26,ONDO,crypto,0.37819324850246644,,coingecko:chart
2026-07-27,ONDO,crypto,0.4044461410476814,,coingecko:chart
2026-07-28,ONDO,crypto,0.3938765696515707,,coingecko:chart
2026-07-29,ONDO,crypto,0.40590124506182035,,coingecko:chart
2026-07-30,ONDO,crypto,0.4030735059238614,,coingecko:chart
2026-07-31,ONDO,crypto,0.4155973351765416,,coingecko:chart
2026-08-01,ONDO,crypto,0.3896302814987189,,coingecko:chart
2026-08-02,ONDO,crypto,0.37981758393076637,,coingecko:chart
2026-08-03,ONDO,crypto,0.3789862560785269,,coingecko:chart
2026-08-04,ONDO,crypto,0.37146558147216285,,coingecko:chart
2026-08-05,ONDO,crypto,0.3736347093793997,,coingecko:chart
2026-08-06,ONDO,crypto,0.37347476380256084,,coingecko:chart
2026-08-07,ONDO,crypto,0.3586523264269941,,coingecko:chart
2026-08-08,ONDO,crypto,0.3477044183657027,,coingecko:chart
2026-08-09,ONDO,crypto,0.35177310700965503,,coingecko:chart
2026-08-10,ONDO,crypto,0.3479837104265316,,coingecko:chart
2026-08-11,ONDO,crypto,0.33955955852076086,,coingecko:chart
2026-08-12,ONDO,crypto,0.3354116684277927,,coingecko:chart
2026-08-13,ONDO,crypto,0.33017330370961523,,coingecko:chart
2026-08-14,ONDO,crypto,0.3345125389177763,,coingecko:chart
2026-08-15,ONDO,crypto,0.3271727255953029,,coingecko:chart
2026-08-16,ONDO,crypto,0.32338181384146436,,coingecko:chart
2026-08-17,ONDO,crypto,0.3303558110470325,,coingecko:chart
2026-08-18,ONDO,crypto,0.33607955110174786,,coingecko:chart
2026-08-19,ONDO,crypto,0.32601458799099026,,coingecko:chart
2026-08-20,ONDO,crypto,0.34703603323392274,,coingecko:chart
2026-08-21,ONDO,crypto,0.35566276690686405,,coingecko:chart
2026-08-22,ONDO,crypto,0.3969475338902824,,coingecko:chart
2026-08-23,ONDO,crypto,0.3639951454721649,,coingecko:chart
2026-08-24,ONDO,crypto,0.3827190790161709,,coingecko:chart
2026-08-25,ONDO,crypto,0.3816498968980179,,coingecko:chart
2026-08-26,ONDO,crypto,0.36390551916824304,,coingecko:chart
2026-08-27,ONDO,crypto,0.3750132684737065,,coingecko:chart
2026-08-28,ONDO,crypto,0.3771729121540857,,coingecko:chart
2026-08-29,ONDO,crypto,0.35624206948331594,,coingecko:chart
2026-08-30,ONDO,crypto,0.35308385166361944,,coingecko:chart
2026-08-31,ONDO,crypto,0.34436481657098905,,coingecko:chart
2026-09-01,ONDO,crypto,0.34588801742787245,,coingecko:chart
2026-09-02,ONDO,crypto,0.34043427943469434,,coingecko:chart
2026-09-03,ONDO,crypto,0.34822006065512945,,coingecko:chart
2026-09-04,ONDO,crypto,0.3629064957420542,,coingecko:chart
2026-09-05,ONDO,crypto,0.3575150740778122,,coingecko:chart
2026-09-06,ONDO,crypto,0.3703100911476005,,coingecko:chart
2026-09-07,ONDO,crypto,0.38720751565866973,,coingecko:chart
2026-09-08,ONDO,crypto,0.38336025348016983,,coingecko:chart
2026-09-09,ONDO,crypto,0.37486225517696703,,coingecko:chart
2026-09-10,ONDO,crypto,0.35953599638750827,,coingecko:chart
2026-09-11,ONDO,crypto,0.3425407605326032,,coingecko:chart
2026-09-12,ONDO,crypto,0.35057480017802267,,coingecko:chart
2026-09-13,ONDO,crypto,0.3487204185919781,,coingecko:chart
2026-09-13,ONDO,crypto,0.3498475197734594,,coingecko:chart
2025-09-14,ENA,crypto,0.7617348810772061,,coingecko:chart
2025-09-15,ENA,crypto,0.743432047460911,,coingecko:chart
2025-09-16,ENA,crypto,0.7028762808402143,,coingecko:chart
2025-09-17,ENA,crypto,0.6984452109550371,,coingecko:chart
2025-09-18,ENA,crypto,0.7109161259455542,,coingecko:chart
2025-09-19,ENA,crypto,0.6989645867839965,,coingecko:chart
2025-09-20,ENA,crypto,0.67314817326291,,coingecko:chart
2025-09-21,ENA,crypto,0.666496512230947,,coingecko:chart
2025-09-22,ENA,crypto,0.6430029873195836,,coingecko:chart
2025-09-23,ENA,crypto,0.6004264000948298,,coingecko:chart
2025-09-24,ENA,crypto,0.6035991371691707,,coingecko:chart
2025-09-25,ENA,crypto,0.594394407842737,,coingecko:chart
2025-09-26,ENA,crypto,0.5710008186309986,,coingecko:chart
2025-09-27,ENA,crypto,0.5971131109563251,,coingecko:chart
2025-09-28,ENA,crypto,0.57864285248775,,coingecko:chart
2025-09-29,ENA,crypto,0.5996642070901949,,coingecko:chart
2025-09-30,ENA,crypto,0.5645072919168,,coingecko:chart
2025-10-01,ENA,crypto,0.5589568876875394,,coingecko:chart
2025-10-02,ENA,crypto,0.5800741291384296,,coingecko:chart
2025-10-03,ENA,crypto,0.6309902273309768,,coingecko:chart
2025-10-04,ENA,crypto,0.6173880514803897,,coingecko:chart
2025-10-05,ENA,crypto,0.5889682933028972,,coingecko:chart
2025-10-06,ENA,crypto,0.5846195829069205,,coingecko:chart
2025-10-07,ENA,crypto,0.6045016553809974,,coingecko:chart
2025-10-08,ENA,crypto,0.545560551320109,,coingecko:chart
2025-10-09,ENA,crypto,0.577115462586431,,coingecko:chart
2025-10-10,ENA,crypto,0.5468496759950191,,coingecko:chart
2025-10-11,ENA,crypto,0.4374004377619059,,coingecko:chart
2025-10-12,ENA,crypto,0.3692769473788467,,coingecko:chart
2025-10-13,ENA,crypto,0.4114490371522028,,coingecko:chart
2025-10-14,ENA,crypto,0.46777839051750136,,coingecko:chart
2025-10-15,ENA,crypto,0.4373526407328535,,coingecko:chart
2025-10-16,ENA,crypto,0.4198401407576878,,coingecko:chart
2025-10-17,ENA,crypto,0.40282911541861177,,coingecko:chart
2025-10-18,ENA,crypto,0.43635660685541866,,coingecko:chart
2025-10-19,ENA,crypto,0.4627112625887705,,coingecko:chart
2025-10-20,ENA,crypto,0.48190312791249246,,coingecko:chart
2025-10-21,ENA,crypto,0.4521063972640034,,coingecko:chart
2025-10-22,ENA,crypto,0.45455016363325473,,coingecko:chart
2025-10-23,ENA,crypto,0.4341580691278366,,coingecko:chart
2025-10-24,ENA,crypto,0.45522389592066753,,coingecko:chart
2025-10-25,ENA,crypto,0.4817336782553024,,coingecko:chart
2025-10-26,ENA,crypto,0.4715466315143022,,coingecko:chart
2025-10-27,ENA,crypto,0.5090098559909247,,coingecko:chart
2025-10-28,ENA,crypto,0.5010810298168832,,coingecko:chart
2025-10-29,ENA,crypto,0.460902953429245,,coingecko:chart
2025-10-30,ENA,crypto,0.4428036142206676,,coingecko:chart
2025-10-31,ENA,crypto,0.394277519773313,,coingecko:chart
2025-11-01,ENA,crypto,0.3913545657942904,,coingecko:chart
2025-11-02,ENA,crypto,0.38750371075447104,,coingecko:chart
2025-11-03,ENA,crypto,0.3738912626266148,,coingecko:chart
2025-11-04,ENA,crypto,0.3323212211591775,,coingecko:chart
2025-11-05,ENA,crypto,0.3188548893572766,,coingecko:chart
2025-11-06,ENA,crypto,0.3321091218828886,,coingecko:chart
2025-11-07,ENA,crypto,0.30942099553823577,,coingecko:chart
2025-11-08,ENA,crypto,0.33510971227691444,,coingecko:chart
2025-11-09,ENA,crypto,0.32009216611155356,,coingecko:chart
2025-11-10,ENA,crypto,0.32693444115038106,,coingecko:chart
2025-11-11,ENA,crypto,0.3396494074811837,,coingecko:chart
2025-11-12,ENA,crypto,0.3099992529745003,,coingecko:chart
2025-11-13,ENA,crypto,0.307176383938848,,coingecko:chart
2025-11-14,ENA,crypto,0.29128145221990237,,coingecko:chart
2025-11-15,ENA,crypto,0.2764706074326446,,coingecko:chart
2025-11-16,ENA,crypto,0.27579084567441353,,coingecko:chart
2025-11-17,ENA,crypto,0.2749280887491581,,coingecko:chart
2025-11-18,ENA,crypto,0.25931887760588,,coingecko:chart
2025-11-19,ENA,crypto,0.2771761204784202,,coingecko:chart
2025-11-20,ENA,crypto,0.2683365823976673,,coingecko:chart
2025-11-21,ENA,crypto,0.25369546219589467,,coingecko:chart
2025-11-22,ENA,crypto,0.23705200416477848,,coingecko:chart
2025-11-23,ENA,crypto,0.23297949753930927,,coingecko:chart
2025-11-24,ENA,crypto,0.2366096154909465,,coingecko:chart
2025-11-25,ENA,crypto,0.2633765539671806,,coingecko:chart
2025-11-26,ENA,crypto,0.28383447832063946,,coingecko:chart
2025-11-27,ENA,crypto,0.2803484179815392,,coingecko:chart
2025-11-28,ENA,crypto,0.28627410651926727,,coingecko:chart
2025-11-29,ENA,crypto,0.28215688998826627,,coingecko:chart
2025-11-30,ENA,crypto,0.2836066802731598,,coingecko:chart
2025-12-01,ENA,crypto,0.25885978793365316,,coingecko:chart
2025-12-02,ENA,crypto,0.2429564193066576,,coingecko:chart
2025-12-03,ENA,crypto,0.2697956533846806,,coingecko:chart
2025-12-04,ENA,crypto,0.2981253016783308,,coingecko:chart
2025-12-05,ENA,crypto,0.28369770413177314,,coingecko:chart
2025-12-06,ENA,crypto,0.2600548811385046,,coingecko:chart
2025-12-07,ENA,crypto,0.26194711576361135,,coingecko:chart
2025-12-08,ENA,crypto,0.2670787537520279,,coingecko:chart
2025-12-09,ENA,crypto,0.27247059424294595,,coingecko:chart
2025-12-10,ENA,crypto,0.2796398950054702,,coingecko:chart
2025-12-11,ENA,crypto,0.25982336694999286,,coingecko:chart
2025-12-12,ENA,crypto,0.26556532164212826,,coingecko:chart
2025-12-13,ENA,crypto,0.24821716719128395,,coingecko:chart
2025-12-14,ENA,crypto,0.2471837074668209,,coingecko:chart
2025-12-15,ENA,crypto,0.23481985086169568,,coingecko:chart
2025-12-16,ENA,crypto,0.21863885852695675,,coingecko:chart
2025-12-17,ENA,crypto,0.2182564714477878,,coingecko:chart
2025-12-18,ENA,crypto,0.20391754079124205,,coingecko:chart
2025-12-19,ENA,crypto,0.19751650688001865,,coingecko:chart
2025-12-20,ENA,crypto,0.2088455653351965,,coingecko:chart
2025-12-21,ENA,crypto,0.2125140508299969,,coingecko:chart
2025-12-22,ENA,crypto,0.21054772316669995,,coingecko:chart
2025-12-23,ENA,crypto,0.20641758711743852,,coingecko:chart
2025-12-24,ENA,crypto,0.1998578268022028,,coingecko:chart
2025-12-25,ENA,crypto,0.2008639349364889,,coingecko:chart
2025-12-26,ENA,crypto,0.1993427852545648,,coingecko:chart
2025-12-27,ENA,crypto,0.2100040346672432,,coingecko:chart
2025-12-28,ENA,crypto,0.2166683963514647,,coingecko:chart
2025-12-29,ENA,crypto,0.2079061547911326,,coingecko:chart
2025-12-30,ENA,crypto,0.21027241985656336,,coingecko:chart
2025-12-31,ENA,crypto,0.20334365888130815,,coingecko:chart
2026-01-01,ENA,crypto,0.20001152223398835,,coingecko:chart
2026-01-02,ENA,crypto,0.21788855505202906,,coingecko:chart
2026-01-03,ENA,crypto,0.23719452200736177,,coingecko:chart
2026-01-04,ENA,crypto,0.2386221441287136,,coingecko:chart
2026-01-05,ENA,crypto,0.25174875756182064,,coingecko:chart
2026-01-06,ENA,crypto,0.25277965631204646,,coingecko:chart
2026-01-07,ENA,crypto,0.25613041501064654,,coingecko:chart
2026-01-08,ENA,crypto,0.23754352073771595,,coingecko:chart
2026-01-09,ENA,crypto,0.2335098155286045,,coingecko:chart
2026-01-10,ENA,crypto,0.232660450131836,,coingecko:chart
2026-01-11,ENA,crypto,0.22696507410904718,,coingecko:chart
2026-01-12,ENA,crypto,0.22769710859015804,,coingecko:chart
2026-01-13,ENA,crypto,0.2138402532526041,,coingecko:chart
2026-01-14,ENA,crypto,0.24165000112469723,,coingecko:chart
2026-01-15,ENA,crypto,0.23730959442239807,,coingecko:chart
2026-01-16,ENA,crypto,0.22410420168991496,,coingecko:chart
2026-01-17,ENA,crypto,0.22119342155393665,,coingecko:chart
2026-01-18,ENA,crypto,0.21918267235396027,,coingecko:chart
2026-01-19,ENA,crypto,0.19849538616239193,,coingecko:chart
2026-01-20,ENA,crypto,0.19438281051538708,,coingecko:chart
2026-01-21,ENA,crypto,0.1801594745457645,,coingecko:chart
2026-01-22,ENA,crypto,0.17980225345342113,,coingecko:chart
2026-01-23,ENA,crypto,0.17517520875188863,,coingecko:chart
2026-01-24,ENA,crypto,0.17547446696512817,,coingecko:chart
2026-01-25,ENA,crypto,0.17418463392731362,,coingecko:chart
2026-01-26,ENA,crypto,0.1631129233356953,,coingecko:chart
2026-01-27,ENA,crypto,0.1690522700959929,,coingecko:chart
2026-01-28,ENA,crypto,0.17460148606131914,,coingecko:chart
2026-01-29,ENA,crypto,0.17292119902866965,,coingecko:chart
2026-01-30,ENA,crypto,0.15762395264602164,,coingecko:chart
2026-01-31,ENA,crypto,0.15377216284806366,,coingecko:chart
2026-02-01,ENA,crypto,0.13865438671850835,,coingecko:chart
2026-02-02,ENA,crypto,0.13644141560165882,,coingecko:chart
2026-02-03,ENA,crypto,0.14011689803131003,,coingecko:chart
2026-02-04,ENA,crypto,0.13687533256186774,,coingecko:chart
2026-02-05,ENA,crypto,0.13366653503400963,,coingecko:chart
2026-02-06,ENA,crypto,0.11939010282449423,,coingecko:chart
2026-02-07,ENA,crypto,0.12680637840984332,,coingecko:chart
2026-02-08,ENA,crypto,0.12607074491520265,,coingecko:chart
2026-02-09,ENA,crypto,0.1202657454061599,,coingecko:chart
2026-02-10,ENA,crypto,0.12060688820030528,,coingecko:chart
2026-02-11,ENA,crypto,0.11497709915932136,,coingecko:chart
2026-02-12,ENA,crypto,0.11187343410045189,,coingecko:chart
2026-02-13,ENA,crypto,0.11895447194776561,,coingecko:chart
2026-02-14,ENA,crypto,0.12102036015610917,,coingecko:chart
2026-02-15,ENA,crypto,0.1285006261605203,,coingecko:chart
2026-02-16,ENA,crypto,0.12166068851975512,,coingecko:chart
2026-02-17,ENA,crypto,0.12315496191730542,,coingecko:chart
2026-02-18,ENA,crypto,0.12050484293600361,,coingecko:chart
2026-02-19,ENA,crypto,0.11496977617566392,,coingecko:chart
2026-02-20,ENA,crypto,0.1109412712986947,,coingecko:chart
2026-02-21,ENA,crypto,0.1114048229772706,,coingecko:chart
2026-02-22,ENA,crypto,0.10795163026404271,,coingecko:chart
2026-02-23,ENA,crypto,0.09644213055696363,,coingecko:chart
2026-02-24,ENA,crypto,0.09890846737847554,,coingecko:chart
2026-02-25,ENA,crypto,0.0979810569234072,,coingecko:chart
2026-02-26,ENA,crypto,0.10932728948549209,,coingecko:chart
2026-02-27,ENA,crypto,0.10527196566509466,,coingecko:chart
2026-02-28,ENA,crypto,0.1027638135408836,,coingecko:chart
2026-03-01,ENA,crypto,0.10447081191926201,,coingecko:chart
2026-03-02,ENA,crypto,0.10369285756916394,,coingecko:chart
2026-03-03,ENA,crypto,0.11399360907836567,,coingecko:chart
2026-03-04,ENA,crypto,0.11124990295456079,,coingecko:chart
2026-03-05,ENA,crypto,0.11746528729250062,,coingecko:chart
2026-03-06,ENA,crypto,0.11512048729206154,,coingecko:chart
2026-03-07,ENA,crypto,0.1048278970165676,,coingecko:chart
2026-03-08,ENA,crypto,0.10092238528137978,,coingecko:chart
2026-03-09,ENA,crypto,0.0989036717214609,,coingecko:chart
2026-03-10,ENA,crypto,0.10098899417385554,,coingecko:chart
2026-03-11,ENA,crypto,0.10293116890826202,,coingecko:chart
2026-03-12,ENA,crypto,0.10495255555280796,,coingecko:chart
2026-03-13,ENA,crypto,0.10629984940232284,,coingecko:chart
2026-03-14,ENA,crypto,0.10838469532606619,,coingecko:chart
2026-03-15,ENA,crypto,0.1078447174606838,,coingecko:chart
2026-03-16,ENA,crypto,0.11072430377446815,,coingecko:chart
2026-03-17,ENA,crypto,0.11908759913079882,,coingecko:chart
2026-03-18,ENA,crypto,0.11690411942170634,,coingecko:chart
2026-03-19,ENA,crypto,0.10816224240792038,,coingecko:chart
2026-03-20,ENA,crypto,0.10306686545179147,,coingecko:chart
2026-03-21,ENA,crypto,0.10199529413465146,,coingecko:chart
2026-03-22,ENA,crypto,0.09746007086627705,,coingecko:chart
2026-03-23,ENA,crypto,0.09578845893016856,,coingecko:chart
2026-03-24,ENA,crypto,0.09382600723113359,,coingecko:chart
2026-03-25,ENA,crypto,0.0953354591065224,,coingecko:chart
2026-03-26,ENA,crypto,0.10432875954782245,,coingecko:chart
2026-03-27,ENA,crypto,0.0967882421348318,,coingecko:chart
2026-03-28,ENA,crypto,0.08917613181244527,,coingecko:chart
2026-03-29,ENA,crypto,0.09058998346714436,,coingecko:chart
2026-03-30,ENA,crypto,0.08993499760353253,,coingecko:chart
2026-03-31,ENA,crypto,0.09107574817947328,,coingecko:chart
2026-04-01,ENA,crypto,0.09080600281050874,,coingecko:chart
2026-04-02,ENA,crypto,0.09017761750457703,,coingecko:chart
2026-04-03,ENA,crypto,0.08127929729899916,,coingecko:chart
2026-04-04,ENA,crypto,0.07994937278655653,,coingecko:chart
2026-04-05,ENA,crypto,0.0801554382739352,,coingecko:chart
2026-04-06,ENA,crypto,0.08121686855260399,,coingecko:chart
2026-04-07,ENA,crypto,0.08186620393682992,,coingecko:chart
2026-04-08,ENA,crypto,0.09103309338896295,,coingecko:chart
2026-04-09,ENA,crypto,0.08812541465015523,,coingecko:chart
2026-04-10,ENA,crypto,0.0907117945299249,,coingecko:chart
2026-04-11,ENA,crypto,0.09429840556421394,,coingecko:chart
2026-04-12,ENA,crypto,0.09610413316161802,,coingecko:chart
2026-04-13,ENA,crypto,0.09110336410511685,,coingecko:chart
2026-04-14,ENA,crypto,0.10093995307952326,,coingecko:chart
2026-04-15,ENA,crypto,0.09648751251613756,,coingecko:chart
2026-04-16,ENA,crypto,0.09955815309279611,,coingecko:chart
2026-04-17,ENA,crypto,0.11332542076602595,,coingecko:chart
2026-04-18,ENA,crypto,0.12527985224044036,,coingecko:chart
2026-04-19,ENA,crypto,0.12002525938896763,,coingecko:chart
2026-04-20,ENA,crypto,0.11256034351935737,,coingecko:chart
2026-04-21,ENA,crypto,0.11211340207678407,,coingecko:chart
2026-04-22,ENA,crypto,0.11197287821771512,,coingecko:chart
2026-04-23,ENA,crypto,0.10662010025407016,,coingecko:chart
2026-04-24,ENA,crypto,0.10987008118929471,,coingecko:chart
2026-04-25,ENA,crypto,0.10868106571558689,,coingecko:chart
2026-04-26,ENA,crypto,0.10742960489265894,,coingecko:chart
2026-04-27,ENA,crypto,0.10947366007786888,,coingecko:chart
2026-04-28,ENA,crypto,0.10713529149246388,,coingecko:chart
2026-04-29,ENA,crypto,0.10619239836577846,,coingecko:chart
2026-04-30,ENA,crypto,0.10391009878444338,,coingecko:chart
2026-05-01,ENA,crypto,0.10269892965175123,,coingecko:chart
2026-05-02,ENA,crypto,0.10200970804837274,,coingecko:chart
2026-05-03,ENA,crypto,0.10257899337298354,,coingecko:chart
2026-05-04,ENA,crypto,0.10045542286281015,,coingecko:chart
2026-05-05,ENA,crypto,0.10034067568747022,,coingecko:chart
2026-05-06,ENA,crypto,0.10965804578630226,,coingecko:chart
2026-05-07,ENA,crypto,0.12097898035836957,,coingecko:chart
2026-05-08,ENA,crypto,0.1197236576484788,,coingecko:chart
2026-05-09,ENA,crypto,0.13162142197890664,,coingecko:chart
2026-05-10,ENA,crypto,0.13003934474271908,,coingecko:chart
2026-05-11,ENA,crypto,0.1320153806389474,,coingecko:chart
2026-05-12,ENA,crypto,0.1286906387591754,,coingecko:chart
2026-05-13,ENA,crypto,0.12164814301459305,,coingecko:chart
2026-05-14,ENA,crypto,0.11665796349142343,,coingecko:chart
2026-05-15,ENA,crypto,0.12062490912580791,,coingecko:chart
2026-05-16,ENA,crypto,0.11094376423807945,,coingecko:chart
2026-05-17,ENA,crypto,0.1069339694963527,,coingecko:chart
2026-05-18,ENA,crypto,0.10443134623298585,,coingecko:chart
2026-05-19,ENA,crypto,0.10542327312708924,,coingecko:chart
2026-05-20,ENA,crypto,0.10276679425327141,,coingecko:chart
2026-05-21,ENA,crypto,0.10566174439470766,,coingecko:chart
2026-05-22,ENA,crypto,0.10667922400133256,,coingecko:chart
2026-05-23,ENA,crypto,0.09999241873456531,,coingecko:chart
2026-05-24,ENA,crypto,0.10192533150275554,,coingecko:chart
2026-05-25,ENA,crypto,0.09868399102096721,,coingecko:chart
2026-05-26,ENA,crypto,0.09998115300423835,,coingecko:chart
2026-05-27,ENA,crypto,0.09670600819494549,,coingecko:chart
2026-05-28,ENA,crypto,0.0931218219499636,,coingecko:chart
2026-05-29,ENA,crypto,0.08821215932878046,,coingecko:chart
2026-05-30,ENA,crypto,0.08672952340739941,,coingecko:chart
2026-05-31,ENA,crypto,0.08844097888057265,,coingecko:chart
2026-06-01,ENA,crypto,0.08809806135753458,,coingecko:chart
2026-06-02,ENA,crypto,0.0886422173302141,,coingecko:chart
2026-06-03,ENA,crypto,0.09415683146058228,,coingecko:chart
2026-06-04,ENA,crypto,0.11250842381229498,,coingecko:chart
2026-06-05,ENA,crypto,0.09444093111976493,,coingecko:chart
2026-06-06,ENA,crypto,0.0946147554888115,,coingecko:chart
2026-06-07,ENA,crypto,0.08967057162796985,,coingecko:chart
2026-06-08,ENA,crypto,0.08970819869388792,,coingecko:chart
2026-06-09,ENA,crypto,0.08531220156721082,,coingecko:chart
2026-06-10,ENA,crypto,0.0802822946687191,,coingecko:chart
2026-06-11,ENA,crypto,0.07197417618817113,,coingecko:chart
2026-06-12,ENA,crypto,0.07966518731383522,,coingecko:chart
2026-06-13,ENA,crypto,0.0783533657621759,,coingecko:chart
2026-06-14,ENA,crypto,0.08384091090411085,,coingecko:chart
2026-06-15,ENA,crypto,0.08403007881787862,,coingecko:chart
2026-06-16,ENA,crypto,0.08546156755198146,,coingecko:chart
2026-06-17,ENA,crypto,0.08596606721660766,,coingecko:chart
2026-06-18,ENA,crypto,0.09501151349851163,,coingecko:chart
2026-06-19,ENA,crypto,0.09551983755669173,,coingecko:chart
2026-06-20,ENA,crypto,0.08794204848610794,,coingecko:chart
2026-06-21,ENA,crypto,0.08927845273275228,,coingecko:chart
2026-06-22,ENA,crypto,0.08691911785710527,,coingecko:chart
2026-06-23,ENA,crypto,0.09085678869607942,,coingecko:chart
2026-06-24,ENA,crypto,0.08623375728634831,,coingecko:chart
2026-06-25,ENA,crypto,0.08485664432169653,,coingecko:chart
2026-06-26,ENA,crypto,0.08229526756304177,,coingecko:chart
2026-06-27,ENA,crypto,0.07932779435231878,,coingecko:chart
2026-06-28,ENA,crypto,0.07677633764958137,,coingecko:chart
2026-06-29,ENA,crypto,0.07671252719596078,,coingecko:chart
2026-06-30,ENA,crypto,0.0786024911103189,,coingecko:chart
2026-07-01,ENA,crypto,0.07204901380950131,,coingecko:chart
2026-07-02,ENA,crypto,0.07122086933927135,,coingecko:chart
2026-07-03,ENA,crypto,0.07654788099547996,,coingecko:chart
2026-07-04,ENA,crypto,0.07936579940061932,,coingecko:chart
2026-07-05,ENA,crypto,0.07880605544699255,,coingecko:chart
2026-07-06,ENA,crypto,0.08056376406854175,,coingecko:chart
2026-07-07,ENA,crypto,0.07829443402703826,,coingecko:chart
2026-07-08,ENA,crypto,0.07587895571193883,,coingecko:chart
2026-07-09,ENA,crypto,0.0746805114617863,,coingecko:chart
2026-07-10,ENA,crypto,0.0763864746947405,,coingecko:chart
2026-07-11,ENA,crypto,0.0810412742029684,,coingecko:chart
2026-07-12,ENA,crypto,0.07999095214056834,,coingecko:chart
2026-07-13,ENA,crypto,0.07987786969823014,,coingecko:chart
2026-07-14,ENA,crypto,0.07850390401946768,,coingecko:chart
2026-07-15,ENA,crypto,0.08399865153279873,,coingecko:chart
2026-07-16,ENA,crypto,0.0834812408627921,,coingecko:chart
2026-07-17,ENA,crypto,0.08225077302704197,,coingecko:chart
2026-07-18,ENA,crypto,0.08193565190170203,,coingecko:chart
2026-07-19,ENA,crypto,0.08064576190501462,,coingecko:chart
2026-07-20,ENA,crypto,0.07979679969100974,,coingecko:chart
2026-07-21,ENA,crypto,0.08280187232677864,,coingecko:chart
2026-07-22,ENA,crypto,0.08664737394798466,,coingecko:chart
2026-07-23,ENA,crypto,0.09012073816818678,,coingecko:chart
2026-07-24,ENA,crypto,0.08879535870342622,,coingecko:chart
2026-07-25,ENA,crypto,0.087168848812473,,coingecko:chart
2026-07-26,ENA,crypto,0.08597992280188381,,coingecko:chart
2026-07-27,ENA,crypto,0.09021335519622024,,coingecko:chart
2026-07-28,ENA,crypto,0.08212534950125666,,coingecko:chart
2026-07-29,ENA,crypto,0.08338346235866588,,coingecko:chart
2026-07-30,ENA,crypto,0.0780469515853426,,coingecko:chart
2026-07-31,ENA,crypto,0.08106264587239523,,coingecko:chart
2026-08-01,ENA,crypto,0.08029738546835226,,coingecko:chart
2026-08-02,ENA,crypto,0.07917494620394785,,coingecko:chart
2026-08-03,ENA,crypto,0.08925806411628377,,coingecko:chart
2026-08-04,ENA,crypto,0.0928693249600061,,coingecko:chart
2026-08-05,ENA,crypto,0.09226203180175445,,coingecko:chart
2026-08-06,ENA,crypto,0.09229237998382742,,coingecko:chart
2026-08-07,ENA,crypto,0.09267816788503981,,coingecko:chart
2026-08-08,ENA,crypto,0.09136128676130217,,coingecko:chart
2026-08-09,ENA,crypto,0.09021501861419184,,coingecko:chart
2026-08-10,ENA,crypto,0.08649195247855629,,coingecko:chart
2026-08-11,ENA,crypto,0.08789408183880279,,coingecko:chart
2026-08-12,ENA,crypto,0.09006065046763016,,coingecko:chart
2026-08-13,ENA,crypto,0.08671056902116711,,coingecko:chart
2026-08-14,ENA,crypto,0.08592052812728422,,coingecko:chart
2026-08-15,ENA,crypto,0.08458250661701265,,coingecko:chart
2026-08-16,ENA,crypto,0.0838974377459994,,coingecko:chart
2026-08-17,ENA,crypto,0.08231050586125944,,coingecko:chart
2026-08-18,ENA,crypto,0.0831442905728637,,coingecko:chart
2026-08-19,ENA,crypto,0.08269090736599788,,coingecko:chart
2026-08-20,ENA,crypto,0.09330779251035991,,coingecko:chart
2026-08-21,ENA,crypto,0.11681764971753443,,coingecko:chart
2026-08-22,ENA,crypto,0.1421804262585641,,coingecko:chart
2026-08-23,ENA,crypto,0.15822037630987432,,coingecko:chart
2026-08-24,ENA,crypto,0.1613523076063874,,coingecko:chart
2026-08-25,ENA,crypto,0.1526906647709,,coingecko:chart
2026-08-26,ENA,crypto,0.14290361191895998,,coingecko:chart
2026-08-27,ENA,crypto,0.14768379449900956,,coingecko:chart
2026-08-28,ENA,crypto,0.17000615068266245,,coingecko:chart
2026-08-29,ENA,crypto,0.16257596115034192,,coingecko:chart
2026-08-30,ENA,crypto,0.15947156146485272,,coingecko:chart
2026-08-31,ENA,crypto,0.1481132697797233,,coingecko:chart
2026-09-01,ENA,crypto,0.14948383560620904,,coingecko:chart
2026-09-02,ENA,crypto,0.15931795974490448,,coingecko:chart
2026-09-03,ENA,crypto,0.14910636592243262,,coingecko:chart
2026-09-04,ENA,crypto,0.16841290154093247,,coingecko:chart
2026-09-05,ENA,crypto,0.1627970751076345,,coingecko:chart
2026-09-06,ENA,crypto,0.17193292376015662,,coingecko:chart
2026-09-07,ENA,crypto,0.17616469272611565,,coingecko:chart
2026-09-08,ENA,crypto,0.16403690003492655,,coingecko:chart
2026-09-09,ENA,crypto,0.15929045419730029,,coingecko:chart
2026-09-10,ENA,crypto,0.1520837563306093,,coingecko:chart
2026-09-11,ENA,crypto,0.14289204926920415,,coingecko:chart
2026-09-12,ENA,crypto,0.1403233235870782,,coingecko:chart
2026-09-13,ENA,crypto,0.14237436516719906,,coingecko:chart
2026-09-13,ENA,crypto,0.14072267499457267,,coingecko:chart
2025-09-14,WLD,crypto,1.6539900406874402,,coingecko:chart
2025-09-15,WLD,crypto,1.576117912638518,,coingecko:chart
2025-09-16,WLD,crypto,1.512638940588602,,coingecko:chart
2025-09-17,WLD,crypto,1.5130499060392757,,coingecko:chart
2025-09-18,WLD,crypto,1.602859110989781,,coingecko:chart
2025-09-19,WLD,crypto,1.6039174954188191,,coingecko:chart
2025-09-20,WLD,crypto,1.512347687472709,,coingecko:chart
2025-09-21,WLD,crypto,1.504596102114766,,coingecko:chart
2025-09-22,WLD,crypto,1.4682060710591274,,coingecko:chart
2025-09-23,WLD,crypto,1.3942034545572672,,coingecko:chart
2025-09-24,WLD,crypto,1.30568450537143,,coingecko:chart
2025-09-25,WLD,crypto,1.354079833368124,,coingecko:chart
2025-09-26,WLD,crypto,1.2674907035291243,,coingecko:chart
2025-09-27,WLD,crypto,1.2852810046169352,,coingecko:chart
2025-09-28,WLD,crypto,1.2753639892973858,,coingecko:chart
2025-09-29,WLD,crypto,1.3304292316171873,,coingecko:chart
2025-09-30,WLD,crypto,1.2805926671444734,,coingecko:chart
2025-10-01,WLD,crypto,1.2444005142012664,,coingecko:chart
2025-10-02,WLD,crypto,1.3180747026645867,,coingecko:chart
2025-10-03,WLD,crypto,1.355477845385866,,coingecko:chart
2025-10-04,WLD,crypto,1.3393691866500728,,coingecko:chart
2025-10-05,WLD,crypto,1.2707115226260028,,coingecko:chart
2025-10-06,WLD,crypto,1.2552083245049892,,coingecko:chart
2025-10-07,WLD,crypto,1.3131216980777352,,coingecko:chart
2025-10-08,WLD,crypto,1.1930101112464826,,coingecko:chart
2025-10-09,WLD,crypto,1.2771218267892743,,coingecko:chart
2025-10-10,WLD,crypto,1.1991789648399205,,coingecko:chart
2025-10-11,WLD,crypto,0.8780786233925107,,coingecko:chart
2025-10-12,WLD,crypto,0.9178004794658848,,coingecko:chart
2025-10-13,WLD,crypto,1.0018108328208717,,coingecko:chart
2025-10-14,WLD,crypto,1.0105573311218947,,coingecko:chart
2025-10-15,WLD,crypto,0.9590249955632266,,coingecko:chart
2025-10-16,WLD,crypto,0.932534428326564,,coingecko:chart
2025-10-17,WLD,crypto,0.897231626242501,,coingecko:chart
2025-10-18,WLD,crypto,0.8726771519105697,,coingecko:chart
2025-10-19,WLD,crypto,0.8863072897055264,,coingecko:chart
2025-10-20,WLD,crypto,0.9120653786765186,,coingecko:chart
2025-10-21,WLD,crypto,0.9174464491888266,,coingecko:chart
2025-10-22,WLD,crypto,0.8880127073779077,,coingecko:chart
2025-10-23,WLD,crypto,0.8429396800224901,,coingecko:chart
2025-10-24,WLD,crypto,0.863805986198289,,coingecko:chart
2025-10-25,WLD,crypto,0.8962129735299005,,coingecko:chart
2025-10-26,WLD,crypto,0.89458209707152,,coingecko:chart
2025-10-27,WLD,crypto,0.9476833201003632,,coingecko:chart
2025-10-28,WLD,crypto,0.9043857583081772,,coingecko:chart
2025-10-29,WLD,crypto,0.8696847226917214,,coingecko:chart
2025-10-30,WLD,crypto,0.861081015624656,,coingecko:chart
2025-10-31,WLD,crypto,0.797295417619497,,coingecko:chart
2025-11-01,WLD,crypto,0.7989705463742802,,coingecko:chart
2025-11-02,WLD,crypto,0.8716851148683812,,coingecko:chart
2025-11-03,WLD,crypto,0.8427495712425033,,coingecko:chart
2025-11-04,WLD,crypto,0.7278340122603648,,coingecko:chart
2025-11-05,WLD,crypto,0.7040188628341087,,coingecko:chart
2025-11-06,WLD,crypto,0.7393714013737599,,coingecko:chart
2025-11-07,WLD,crypto,0.7039515533901552,,coingecko:chart
2025-11-08,WLD,crypto,0.8411566218505383,,coingecko:chart
2025-11-09,WLD,crypto,0.8163943801371936,,coingecko:chart
2025-11-10,WLD,crypto,0.8165095685869999,,coingecko:chart
2025-11-11,WLD,crypto,0.8301918368690502,,coingecko:chart
2025-11-12,WLD,crypto,0.771283828889969,,coingecko:chart
2025-11-13,WLD,crypto,0.7607300421691238,,coingecko:chart
2025-11-14,WLD,crypto,0.7437052644521205,,coingecko:chart
2025-11-15,WLD,crypto,0.7052536387737646,,coingecko:chart
2025-11-16,WLD,crypto,0.6993024038396513,,coingecko:chart
2025-11-17,WLD,crypto,0.673235284755824,,coingecko:chart
2025-11-18,WLD,crypto,0.6511114539937972,,coingecko:chart
2025-11-19,WLD,crypto,0.6858652191662249,,coingecko:chart
2025-11-20,WLD,crypto,0.666480587029465,,coingecko:chart
2025-11-21,WLD,crypto,0.6543000738630607,,coingecko:chart
2025-11-22,WLD,crypto,0.5926735280303826,,coingecko:chart
2025-11-23,WLD,crypto,0.6050327114911489,,coingecko:chart
2025-11-24,WLD,crypto,0.6089101890853852,,coingecko:chart
2025-11-25,WLD,crypto,0.6360864740683135,,coingecko:chart
2025-11-26,WLD,crypto,0.641005128200481,,coingecko:chart
2025-11-27,WLD,crypto,0.6562224943963173,,coingecko:chart
2025-11-28,WLD,crypto,0.6532554330196854,,coingecko:chart
2025-11-29,WLD,crypto,0.6494209695188305,,coingecko:chart
2025-11-30,WLD,crypto,0.6315568000722415,,coingecko:chart
2025-12-01,WLD,crypto,0.6235904040508906,,coingecko:chart
2025-12-02,WLD,crypto,0.5752187237510289,,coingecko:chart
2025-12-03,WLD,crypto,0.6289055306011813,,coingecko:chart
2025-12-04,WLD,crypto,0.6353964362047072,,coingecko:chart
2025-12-05,WLD,crypto,0.6194057466692034,,coingecko:chart
2025-12-06,WLD,crypto,0.5742525010856917,,coingecko:chart
2025-12-07,WLD,crypto,0.577497555096173,,coingecko:chart
2025-12-08,WLD,crypto,0.5665718380144513,,coingecko:chart
2025-12-09,WLD,crypto,0.6145353711725018,,coingecko:chart
2025-12-10,WLD,crypto,0.6436246808614571,,coingecko:chart
2025-12-11,WLD,crypto,0.6172674835946164,,coingecko:chart
2025-12-12,WLD,crypto,0.5963704902977081,,coingecko:chart
2025-12-13,WLD,crypto,0.580136735200788,,coingecko:chart
2025-12-14,WLD,crypto,0.5938753818566513,,coingecko:chart
2025-12-15,WLD,crypto,0.5639668615686727,,coingecko:chart
2025-12-16,WLD,crypto,0.5389977123713591,,coingecko:chart
2025-12-17,WLD,crypto,0.5275674060385505,,coingecko:chart
2025-12-18,WLD,crypto,0.4961919286483291,,coingecko:chart
2025-12-19,WLD,crypto,0.4792616631956075,,coingecko:chart
2025-12-20,WLD,crypto,0.5222451336492355,,coingecko:chart
2025-12-21,WLD,crypto,0.5232317803371194,,coingecko:chart
2025-12-22,WLD,crypto,0.5117233381044645,,coingecko:chart
2025-12-23,WLD,crypto,0.503687764751527,,coingecko:chart
2025-12-24,WLD,crypto,0.49272685436048586,,coingecko:chart
2025-12-25,WLD,crypto,0.4887314277708308,,coingecko:chart
2025-12-26,WLD,crypto,0.4792376173355928,,coingecko:chart
2025-12-27,WLD,crypto,0.4919005885484773,,coingecko:chart
2025-12-28,WLD,crypto,0.5133287029656116,,coingecko:chart
2025-12-29,WLD,crypto,0.5048338811522116,,coingecko:chart
2025-12-30,WLD,crypto,0.49288716600240307,,coingecko:chart
2025-12-31,WLD,crypto,0.49068274564704706,,coingecko:chart
2026-01-01,WLD,crypto,0.48160775541144635,,coingecko:chart
2026-01-02,WLD,crypto,0.5141343006887791,,coingecko:chart
2026-01-03,WLD,crypto,0.5509402738924445,,coingecko:chart
2026-01-04,WLD,crypto,0.5781966623714315,,coingecko:chart
2026-01-05,WLD,crypto,0.5977341717311901,,coingecko:chart
2026-01-06,WLD,crypto,0.6304224941564235,,coingecko:chart
2026-01-07,WLD,crypto,0.6295943080144368,,coingecko:chart
2026-01-08,WLD,crypto,0.5885855309142612,,coingecko:chart
2026-01-09,WLD,crypto,0.5776108827453551,,coingecko:chart
2026-01-10,WLD,crypto,0.572579678284341,,coingecko:chart
2026-01-11,WLD,crypto,0.5642535225701621,,coingecko:chart
2026-01-12,WLD,crypto,0.5592207141390805,,coingecko:chart
2026-01-13,WLD,crypto,0.5485366097614175,,coingecko:chart
2026-01-14,WLD,crypto,0.6134370811153768,,coingecko:chart
2026-01-15,WLD,crypto,0.593065687283476,,coingecko:chart
2026-01-16,WLD,crypto,0.55625321120528,,coingecko:chart
2026-01-17,WLD,crypto,0.547329485138566,,coingecko:chart
2026-01-18,WLD,crypto,0.5501548799427831,,coingecko:chart
2026-01-19,WLD,crypto,0.49131802296593513,,coingecko:chart
2026-01-20,WLD,crypto,0.4992820436557661,,coingecko:chart
2026-01-21,WLD,crypto,0.4630853940207675,,coingecko:chart
2026-01-22,WLD,crypto,0.47128181740260283,,coingecko:chart
2026-01-23,WLD,crypto,0.4668474198281089,,coingecko:chart
2026-01-24,WLD,crypto,0.4641129806999113,,coingecko:chart
2026-01-25,WLD,crypto,0.4656080981898539,,coingecko:chart
2026-01-26,WLD,crypto,0.43893280749718677,,coingecko:chart
2026-01-27,WLD,crypto,0.45215059312788275,,coingecko:chart
2026-01-28,WLD,crypto,0.4573722450078937,,coingecko:chart
2026-01-29,WLD,crypto,0.581033018549616,,coingecko:chart
2026-01-30,WLD,crypto,0.4766441281814355,,coingecko:chart
2026-01-31,WLD,crypto,0.4666147705702286,,coingecko:chart
2026-02-01,WLD,crypto,0.41407045036102064,,coingecko:chart
2026-02-02,WLD,crypto,0.3890236031884724,,coingecko:chart
2026-02-03,WLD,crypto,0.404817210786919,,coingecko:chart
2026-02-04,WLD,crypto,0.40473788651956094,,coingecko:chart
2026-02-05,WLD,crypto,0.40259844582497495,,coingecko:chart
2026-02-06,WLD,crypto,0.40037292529796514,,coingecko:chart
2026-02-07,WLD,crypto,0.4354447217359165,,coingecko:chart
2026-02-08,WLD,crypto,0.39329558366666245,,coingecko:chart
2026-02-09,WLD,crypto,0.38481366210957263,,coingecko:chart
2026-02-10,WLD,crypto,0.38964547038264047,,coingecko:chart
2026-02-11,WLD,crypto,0.38042570733100006,,coingecko:chart
2026-02-12,WLD,crypto,0.36501469276516585,,coingecko:chart
2026-02-13,WLD,crypto,0.376422815580393,,coingecko:chart
2026-02-14,WLD,crypto,0.39068886080468784,,coingecko:chart
2026-02-15,WLD,crypto,0.4232013983317029,,coingecko:chart
2026-02-16,WLD,crypto,0.4018146499758607,,coingecko:chart
2026-02-17,WLD,crypto,0.39920953736993253,,coingecko:chart
2026-02-18,WLD,crypto,0.39316432575521776,,coingecko:chart
2026-02-19,WLD,crypto,0.37434014167426727,,coingecko:chart
2026-02-20,WLD,crypto,0.3685212972394852,,coingecko:chart
2026-02-21,WLD,crypto,0.38530203224719034,,coingecko:chart
2026-02-22,WLD,crypto,0.3812933013252512,,coingecko:chart
2026-02-23,WLD,crypto,0.3629683768771424,,coingecko:chart
2026-02-24,WLD,crypto,0.3697285543125129,,coingecko:chart
2026-02-25,WLD,crypto,0.3706345491772651,,coingecko:chart
2026-02-26,WLD,crypto,0.40923226870436064,,coingecko:chart
2026-02-27,WLD,crypto,0.39516645077048523,,coingecko:chart
2026-02-28,WLD,crypto,0.3845986214121345,,coingecko:chart
2026-03-01,WLD,crypto,0.39419657829934607,,coingecko:chart
2026-03-02,WLD,crypto,0.3795302335121241,,coingecko:chart
2026-03-03,WLD,crypto,0.40044052649158607,,coingecko:chart
2026-03-04,WLD,crypto,0.3870948587357875,,coingecko:chart
2026-03-05,WLD,crypto,0.4149389782508377,,coingecko:chart
2026-03-06,WLD,crypto,0.40176910850262987,,coingecko:chart
2026-03-07,WLD,crypto,0.38376134067460665,,coingecko:chart
2026-03-08,WLD,crypto,0.3721315080378608,,coingecko:chart
2026-03-09,WLD,crypto,0.3560418829144028,,coingecko:chart
2026-03-10,WLD,crypto,0.3589195904352592,,coingecko:chart
2026-03-11,WLD,crypto,0.35181428425836725,,coingecko:chart
2026-03-12,WLD,crypto,0.35572387933931515,,coingecko:chart
2026-03-13,WLD,crypto,0.3539832664975156,,coingecko:chart
2026-03-14,WLD,crypto,0.35055250008120553,,coingecko:chart
2026-03-15,WLD,crypto,0.34863790475764306,,coingecko:chart
2026-03-16,WLD,crypto,0.35990824146023176,,coingecko:chart
2026-03-17,WLD,crypto,0.3935360062533752,,coingecko:chart
2026-03-18,WLD,crypto,0.38936522781091815,,coingecko:chart
2026-03-19,WLD,crypto,0.3645475828836189,,coingecko:chart
2026-03-20,WLD,crypto,0.32889597721796016,,coingecko:chart
2026-03-21,WLD,crypto,0.32057542510468273,,coingecko:chart
2026-03-22,WLD,crypto,0.3082843821317682,,coingecko:chart
2026-03-23,WLD,crypto,0.30568152426628803,,coingecko:chart
2026-03-24,WLD,crypto,0.32270041646568354,,coingecko:chart
2026-03-25,WLD,crypto,0.3184190890022669,,coingecko:chart
2026-03-26,WLD,crypto,0.3216089380584157,,coingecko:chart
2026-03-27,WLD,crypto,0.2901526399541902,,coingecko:chart
2026-03-28,WLD,crypto,0.24913085480518532,,coingecko:chart
2026-03-29,WLD,crypto,0.2668760405884383,,coingecko:chart
2026-03-30,WLD,crypto,0.2692343053307359,,coingecko:chart
2026-03-31,WLD,crypto,0.2696372089713482,,coingecko:chart
2026-04-01,WLD,crypto,0.273110248322398,,coingecko:chart
2026-04-02,WLD,crypto,0.2854458917122248,,coingecko:chart
2026-04-03,WLD,crypto,0.2748678939846286,,coingecko:chart
2026-04-04,WLD,crypto,0.2747235021256153,,coingecko:chart
2026-04-05,WLD,crypto,0.26333403263765565,,coingecko:chart
2026-04-06,WLD,crypto,0.2555658051876251,,coingecko:chart
2026-04-07,WLD,crypto,0.24782303132525882,,coingecko:chart
2026-04-08,WLD,crypto,0.2756577805246711,,coingecko:chart
2026-04-09,WLD,crypto,0.2637661818427444,,coingecko:chart
2026-04-10,WLD,crypto,0.2731884747320566,,coingecko:chart
2026-04-11,WLD,crypto,0.2769042758149192,,coingecko:chart
2026-04-12,WLD,crypto,0.29551095431584207,,coingecko:chart
2026-04-13,WLD,crypto,0.2868229863595089,,coingecko:chart
2026-04-14,WLD,crypto,0.30795967343353314,,coingecko:chart
2026-04-15,WLD,crypto,0.295331685473922,,coingecko:chart
2026-04-16,WLD,crypto,0.30210421477119376,,coingecko:chart
2026-04-17,WLD,crypto,0.32222927976695287,,coingecko:chart
2026-04-18,WLD,crypto,0.27992841519706396,,coingecko:chart
2026-04-19,WLD,crypto,0.2624141155479138,,coingecko:chart
2026-04-20,WLD,crypto,0.25781847877880454,,coingecko:chart
2026-04-21,WLD,crypto,0.26235182542447033,,coingecko:chart
2026-04-22,WLD,crypto,0.26188302349341186,,coingecko:chart
2026-04-23,WLD,crypto,0.26134744240459246,,coingecko:chart
2026-04-24,WLD,crypto,0.26179376786483355,,coingecko:chart
2026-04-25,WLD,crypto,0.25958108863225343,,coingecko:chart
2026-04-26,WLD,crypto,0.2569219963117862,,coingecko:chart
2026-04-27,WLD,crypto,0.25770497209165766,,coingecko:chart
2026-04-28,WLD,crypto,0.2521520756135083,,coingecko:chart
2026-04-29,WLD,crypto,0.24904412311212215,,coingecko:chart
2026-04-30,WLD,crypto,0.2457767541245258,,coingecko:chart
2026-05-01,WLD,crypto,0.24022210956017653,,coingecko:chart
2026-05-02,WLD,crypto,0.2322044303015213,,coingecko:chart
2026-05-03,WLD,crypto,0.24014260694993295,,coingecko:chart
2026-05-04,WLD,crypto,0.23360663325428319,,coingecko:chart
2026-05-05,WLD,crypto,0.2344945656340836,,coingecko:chart
2026-05-06,WLD,crypto,0.24326578761028098,,coingecko:chart
2026-05-07,WLD,crypto,0.25498367446230297,,coingecko:chart
2026-05-08,WLD,crypto,0.24991432119722393,,coingecko:chart
2026-05-09,WLD,crypto,0.2709957752067429,,coingecko:chart
2026-05-10,WLD,crypto,0.2678621376290104,,coingecko:chart
2026-05-11,WLD,crypto,0.2813008584491105,,coingecko:chart
2026-05-12,WLD,crypto,0.27541003882411635,,coingecko:chart
2026-05-13,WLD,crypto,0.26396094908279716,,coingecko:chart
2026-05-14,WLD,crypto,0.2576034681242648,,coingecko:chart
2026-05-15,WLD,crypto,0.25804133484698705,,coingecko:chart
2026-05-16,WLD,crypto,0.24239155086207242,,coingecko:chart
2026-05-17,WLD,crypto,0.23686136217884252,,coingecko:chart
2026-05-18,WLD,crypto,0.23273458656681376,,coingecko:chart
2026-05-19,WLD,crypto,0.23796064133213807,,coingecko:chart
2026-05-20,WLD,crypto,0.23510004345035346,,coingecko:chart
2026-05-21,WLD,crypto,0.24448729104711303,,coingecko:chart
2026-05-22,WLD,crypto,0.26529213306085375,,coingecko:chart
2026-05-23,WLD,crypto,0.2692561629072225,,coingecko:chart
2026-05-24,WLD,crypto,0.2960636606173958,,coingecko:chart
2026-05-25,WLD,crypto,0.2902980956171089,,coingecko:chart
2026-05-26,WLD,crypto,0.32679759946518844,,coingecko:chart
2026-05-27,WLD,crypto,0.37164569295365435,,coingecko:chart
2026-05-28,WLD,crypto,0.3376733945730016,,coingecko:chart
2026-05-29,WLD,crypto,0.28093855236749077,,coingecko:chart
2026-05-30,WLD,crypto,0.28978542023200765,,coingecko:chart
2026-05-31,WLD,crypto,0.3441622878808009,,coingecko:chart
2026-06-01,WLD,crypto,0.34998623034039156,,coingecko:chart
2026-06-02,WLD,crypto,0.437456849382552,,coingecko:chart
2026-06-03,WLD,crypto,0.38148336922519394,,coingecko:chart
2026-06-04,WLD,crypto,0.5419489205583978,,coingecko:chart
2026-06-05,WLD,crypto,0.5364162616073525,,coingecko:chart
2026-06-06,WLD,crypto,0.529356544512487,,coingecko:chart
2026-06-07,WLD,crypto,0.414007394479407,,coingecko:chart
2026-06-08,WLD,crypto,0.46657780230037277,,coingecko:chart
2026-06-09,WLD,crypto,0.49727652621002444,,coingecko:chart
2026-06-10,WLD,crypto,0.5085756511765829,,coingecko:chart
2026-06-11,WLD,crypto,0.45029379627980615,,coingecko:chart
2026-06-12,WLD,crypto,0.49636073838515193,,coingecko:chart
2026-06-13,WLD,crypto,0.4580276347310301,,coingecko:chart
2026-06-14,WLD,crypto,0.5016344211485119,,coingecko:chart
2026-06-15,WLD,crypto,0.5228909047065298,,coingecko:chart
2026-06-16,WLD,crypto,0.5873355992499789,,coingecko:chart
2026-06-17,WLD,crypto,0.6740269167921071,,coingecko:chart
2026-06-18,WLD,crypto,0.6581855617117214,,coingecko:chart
2026-06-19,WLD,crypto,0.642248257201613,,coingecko:chart
2026-06-20,WLD,crypto,0.6232839081428652,,coingecko:chart
2026-06-21,WLD,crypto,0.6104178546901924,,coingecko:chart
2026-06-22,WLD,crypto,0.6047007655710176,,coingecko:chart
2026-06-23,WLD,crypto,0.6186179226564263,,coingecko:chart
2026-06-24,WLD,crypto,0.5433436144840508,,coingecko:chart
2026-06-25,WLD,crypto,0.5272674026360443,,coingecko:chart
2026-06-26,WLD,crypto,0.4957313441397293,,coingecko:chart
2026-06-27,WLD,crypto,0.46296863558261375,,coingecko:chart
2026-06-28,WLD,crypto,0.4444514684781735,,coingecko:chart
2026-06-29,WLD,crypto,0.43714887222569715,,coingecko:chart
2026-06-30,WLD,crypto,0.41891492827877086,,coingecko:chart
2026-07-01,WLD,crypto,0.40520121415897403,,coingecko:chart
2026-07-02,WLD,crypto,0.3597462258559847,,coingecko:chart
2026-07-03,WLD,crypto,0.40375763055706304,,coingecko:chart
2026-07-04,WLD,crypto,0.43373398201825736,,coingecko:chart
2026-07-05,WLD,crypto,0.4250468445481611,,coingecko:chart
2026-07-06,WLD,crypto,0.4182683877049204,,coingecko:chart
2026-07-07,WLD,crypto,0.4096197867826041,,coingecko:chart
2026-07-08,WLD,crypto,0.3810350794298364,,coingecko:chart
2026-07-09,WLD,crypto,0.3882544815395239,,coingecko:chart
2026-07-10,WLD,crypto,0.38307754823286994,,coingecko:chart
2026-07-11,WLD,crypto,0.3810355774084634,,coingecko:chart
2026-07-12,WLD,crypto,0.3969387158161789,,coingecko:chart
2026-07-13,WLD,crypto,0.41825954166347634,,coingecko:chart
2026-07-14,WLD,crypto,0.39227297307239584,,coingecko:chart
2026-07-15,WLD,crypto,0.4142990021738795,,coingecko:chart
2026-07-16,WLD,crypto,0.40613836416532184,,coingecko:chart
2026-07-17,WLD,crypto,0.38780268438493576,,coingecko:chart
2026-07-18,WLD,crypto,0.3882922670276836,,coingecko:chart
2026-07-19,WLD,crypto,0.37608698454390205,,coingecko:chart
2026-07-20,WLD,crypto,0.3609860663639334,,coingecko:chart
2026-07-21,WLD,crypto,0.3798900721149909,,coingecko:chart
2026-07-22,WLD,crypto,0.3769049535379736,,coingecko:chart
2026-07-23,WLD,crypto,0.3844113063591587,,coingecko:chart
2026-07-24,WLD,crypto,0.3813180873836487,,coingecko:chart
2026-07-25,WLD,crypto,0.3470668267370498,,coingecko:chart
2026-07-26,WLD,crypto,0.34537727488281483,,coingecko:chart
2026-07-27,WLD,crypto,0.35588708957262966,,coingecko:chart
2026-07-28,WLD,crypto,0.32669310239356714,,coingecko:chart
2026-07-29,WLD,crypto,0.3181150627977549,,coingecko:chart
2026-07-30,WLD,crypto,0.31030260882513233,,coingecko:chart
2026-07-31,WLD,crypto,0.3064081477942439,,coingecko:chart
2026-08-01,WLD,crypto,0.29949503410290834,,coingecko:chart
2026-08-02,WLD,crypto,0.3000842537537799,,coingecko:chart
2026-08-03,WLD,crypto,0.3159756555432735,,coingecko:chart
2026-08-04,WLD,crypto,0.3239405894150946,,coingecko:chart
2026-08-05,WLD,crypto,0.3193612391441591,,coingecko:chart
2026-08-06,WLD,crypto,0.317048349316401,,coingecko:chart
2026-08-07,WLD,crypto,0.3029636206131486,,coingecko:chart
2026-08-08,WLD,crypto,0.30387647464266626,,coingecko:chart
2026-08-09,WLD,crypto,0.30546719041711023,,coingecko:chart
2026-08-10,WLD,crypto,0.3126022661711148,,coingecko:chart
2026-08-11,WLD,crypto,0.34042623462086574,,coingecko:chart
2026-08-12,WLD,crypto,0.3357147665579817,,coingecko:chart
2026-08-13,WLD,crypto,0.33009858075481036,,coingecko:chart
2026-08-14,WLD,crypto,0.3406356242252325,,coingecko:chart
2026-08-15,WLD,crypto,0.341516240614245,,coingecko:chart
2026-08-16,WLD,crypto,0.3489108112422584,,coingecko:chart
2026-08-17,WLD,crypto,0.35550117702203166,,coingecko:chart
2026-08-18,WLD,crypto,0.3417804661275598,,coingecko:chart
2026-08-19,WLD,crypto,0.319812298466522,,coingecko:chart
2026-08-20,WLD,crypto,0.3625455493376729,,coingecko:chart
2026-08-21,WLD,crypto,0.37343197069767475,,coingecko:chart
2026-08-22,WLD,crypto,0.4009567051706123,,coingecko:chart
2026-08-23,WLD,crypto,0.3880018017661746,,coingecko:chart
2026-08-24,WLD,crypto,0.40773896505421636,,coingecko:chart
2026-08-25,WLD,crypto,0.40275825229592976,,coingecko:chart
2026-08-26,WLD,crypto,0.3835037038571912,,coingecko:chart
2026-08-27,WLD,crypto,0.4153748859818001,,coingecko:chart
2026-08-28,WLD,crypto,0.4121126714167635,,coingecko:chart
2026-08-29,WLD,crypto,0.3798067204683499,,coingecko:chart
2026-08-30,WLD,crypto,0.381290766691168,,coingecko:chart
2026-08-31,WLD,crypto,0.3618733933989612,,coingecko:chart
2026-09-01,WLD,crypto,0.36465753227200065,,coingecko:chart
2026-09-02,WLD,crypto,0.3646639478311951,,coingecko:chart
2026-09-03,WLD,crypto,0.36642632296232047,,coingecko:chart
2026-09-04,WLD,crypto,0.3955138326178733,,coingecko:chart
2026-09-05,WLD,crypto,0.38339658344989186,,coingecko:chart
2026-09-06,WLD,crypto,0.39720364871430097,,coingecko:chart
2026-09-07,WLD,crypto,0.41998055183131827,,coingecko:chart
2026-09-08,WLD,crypto,0.4772935995106048,,coingecko:chart
2026-09-09,WLD,crypto,0.45337016591009116,,coingecko:chart
2026-09-10,WLD,crypto,0.41528590480981864,,coingecko:chart
2026-09-11,WLD,crypto,0.3956337692712724,,coingecko:chart
2026-09-12,WLD,crypto,0.39987610647458516,,coingecko:chart
2026-09-13,WLD,crypto,0.39919616950189735,,coingecko:chart
2026-09-13,WLD,crypto,0.3945690711665442,,coingecko:chart
2025-09-14,KAS,crypto,0.08967622543204543,,coingecko:chart
2025-09-15,KAS,crypto,0.08567057952272121,,coingecko:chart
2025-09-16,KAS,crypto,0.08332626252862053,,coingecko:chart
2025-09-17,KAS,crypto,0.08629428938193345,,coingecko:chart
2025-09-18,KAS,crypto,0.08862018358894767,,coingecko:chart
2025-09-19,KAS,crypto,0.08820737657358577,,coingecko:chart
2025-09-20,KAS,crypto,0.08404557223824845,,coingecko:chart
2025-09-21,KAS,crypto,0.08411355018145694,,coingecko:chart
2025-09-22,KAS,crypto,0.08159783067621565,,coingecko:chart
2025-09-23,KAS,crypto,0.0789642851311805,,coingecko:chart
2025-09-24,KAS,crypto,0.0783125771650265,,coingecko:chart
2025-09-25,KAS,crypto,0.07876139959900169,,coingecko:chart
2025-09-26,KAS,crypto,0.07575870053875035,,coingecko:chart
2025-09-27,KAS,crypto,0.07813190394837255,,coingecko:chart
2025-09-28,KAS,crypto,0.07636427193377598,,coingecko:chart
2025-09-29,KAS,crypto,0.07768124699490211,,coingecko:chart
2025-09-30,KAS,crypto,0.07693863094589053,,coingecko:chart
2025-10-01,KAS,crypto,0.07519022893376995,,coingecko:chart
2025-10-02,KAS,crypto,0.07983828367892844,,coingecko:chart
2025-10-03,KAS,crypto,0.08150109021974475,,coingecko:chart
2025-10-04,KAS,crypto,0.08053377543714084,,coingecko:chart
2025-10-05,KAS,crypto,0.07644233916062117,,coingecko:chart
2025-10-06,KAS,crypto,0.07482772521717447,,coingecko:chart
2025-10-07,KAS,crypto,0.07830634123209848,,coingecko:chart
2025-10-08,KAS,crypto,0.07506718651697894,,coingecko:chart
2025-10-09,KAS,crypto,0.07511691822837917,,coingecko:chart
2025-10-10,KAS,crypto,0.07389485749596138,,coingecko:chart
2025-10-11,KAS,crypto,0.05424265132732464,,coingecko:chart
2025-10-12,KAS,crypto,0.05713832898570952,,coingecko:chart
2025-10-13,KAS,crypto,0.06160126058166337,,coingecko:chart
2025-10-14,KAS,crypto,0.06476614511773206,,coingecko:chart
2025-10-15,KAS,crypto,0.06068329373873335,,coingecko:chart
2025-10-16,KAS,crypto,0.056896349587043614,,coingecko:chart
2025-10-17,KAS,crypto,0.05354057903434282,,coingecko:chart
2025-10-18,KAS,crypto,0.05184579745241223,,coingecko:chart
2025-10-19,KAS,crypto,0.0505009801375526,,coingecko:chart
2025-10-20,KAS,crypto,0.05275635809312509,,coingecko:chart
2025-10-21,KAS,crypto,0.054837605028614754,,coingecko:chart
2025-10-22,KAS,crypto,0.05172106001714615,,coingecko:chart
2025-10-23,KAS,crypto,0.04922422533577365,,coingecko:chart
2025-10-24,KAS,crypto,0.05139220412377673,,coingecko:chart
2025-10-25,KAS,crypto,0.05306731755513125,,coingecko:chart
2025-10-26,KAS,crypto,0.05844247827745737,,coingecko:chart
2025-10-27,KAS,crypto,0.0581849793675736,,coingecko:chart
2025-10-28,KAS,crypto,0.057368690599074026,,coingecko:chart
2025-10-29,KAS,crypto,0.05661518599883929,,coingecko:chart
2025-10-30,KAS,crypto,0.058499384479461035,,coingecko:chart
2025-10-31,KAS,crypto,0.05365811327051051,,coingecko:chart
2025-11-01,KAS,crypto,0.052929110633935385,,coingecko:chart
2025-11-02,KAS,crypto,0.05326855196188709,,coingecko:chart
2025-11-03,KAS,crypto,0.05213800730708033,,coingecko:chart
2025-11-04,KAS,crypto,0.04667341056611955,,coingecko:chart
2025-11-05,KAS,crypto,0.044137899258877136,,coingecko:chart
2025-11-06,KAS,crypto,0.04685731880749436,,coingecko:chart
2025-11-07,KAS,crypto,0.05074229154109676,,coingecko:chart
2025-11-08,KAS,crypto,0.05225742063727017,,coingecko:chart
2025-11-09,KAS,crypto,0.051800322154900665,,coingecko:chart
2025-11-10,KAS,crypto,0.05171752161162357,,coingecko:chart
2025-11-11,KAS,crypto,0.05256776993871555,,coingecko:chart
2025-11-12,KAS,crypto,0.049386155250335365,,coingecko:chart
2025-11-13,KAS,crypto,0.04949612351606922,,coingecko:chart
2025-11-14,KAS,crypto,0.04822099913505504,,coingecko:chart
2025-11-15,KAS,crypto,0.04457073590483123,,coingecko:chart
2025-11-16,KAS,crypto,0.045140686683963746,,coingecko:chart
2025-11-17,KAS,crypto,0.043564134672263805,,coingecko:chart
2025-11-18,KAS,crypto,0.04261929664007327,,coingecko:chart
2025-11-19,KAS,crypto,0.043283868598773874,,coingecko:chart
2025-11-20,KAS,crypto,0.04221236224293255,,coingecko:chart
2025-11-21,KAS,crypto,0.03999876329045563,,coingecko:chart
2025-11-22,KAS,crypto,0.03862346272408161,,coingecko:chart
2025-11-23,KAS,crypto,0.038097922353638465,,coingecko:chart
2025-11-24,KAS,crypto,0.03998983270714402,,coingecko:chart
2025-11-25,KAS,crypto,0.04523550603365812,,coingecko:chart
2025-11-26,KAS,crypto,0.05071129195366259,,coingecko:chart
2025-11-27,KAS,crypto,0.058060767081641186,,coingecko:chart
2025-11-28,KAS,crypto,0.05844959008156443,,coingecko:chart
2025-11-29,KAS,crypto,0.05788401473719899,,coingecko:chart
2025-11-30,KAS,crypto,0.05637658348140427,,coingecko:chart
2025-12-01,KAS,crypto,0.057418530985364646,,coingecko:chart
2025-12-02,KAS,crypto,0.051999136153901615,,coingecko:chart
2025-12-03,KAS,crypto,0.05454136523212286,,coingecko:chart
2025-12-04,KAS,crypto,0.056894853088659034,,coingecko:chart
2025-12-05,KAS,crypto,0.05508517246224244,,coingecko:chart
2025-12-06,KAS,crypto,0.05247133365819614,,coingecko:chart
2025-12-07,KAS,crypto,0.05105938042692365,,coingecko:chart
2025-12-08,KAS,crypto,0.05138795647280899,,coingecko:chart
2025-12-09,KAS,crypto,0.052147017294609896,,coingecko:chart
2025-12-10,KAS,crypto,0.049961089513905016,,coingecko:chart
2025-12-11,KAS,crypto,0.048671733995069424,,coingecko:chart
2025-12-12,KAS,crypto,0.04782793274584621,,coingecko:chart
2025-12-13,KAS,crypto,0.04631246248745175,,coingecko:chart
2025-12-14,KAS,crypto,0.046773638398520834,,coingecko:chart
2025-12-15,KAS,crypto,0.044326391542913054,,coingecko:chart
2025-12-16,KAS,crypto,0.042926377424337255,,coingecko:chart
2025-12-17,KAS,crypto,0.04473761393059825,,coingecko:chart
2025-12-18,KAS,crypto,0.04198208195040043,,coingecko:chart
2025-12-19,KAS,crypto,0.04053853982366839,,coingecko:chart
2025-12-20,KAS,crypto,0.043270191257539954,,coingecko:chart
2025-12-21,KAS,crypto,0.04491251647050672,,coingecko:chart
2025-12-22,KAS,crypto,0.04688246088995795,,coingecko:chart
2025-12-23,KAS,crypto,0.04665164548328147,,coingecko:chart
2025-12-24,KAS,crypto,0.045110660749908216,,coingecko:chart
2025-12-25,KAS,crypto,0.04456163084179646,,coingecko:chart
2025-12-26,KAS,crypto,0.043607302478880505,,coingecko:chart
2025-12-27,KAS,crypto,0.044819213867954934,,coingecko:chart
2025-12-28,KAS,crypto,0.04548551720198637,,coingecko:chart
2025-12-29,KAS,crypto,0.04454325896467755,,coingecko:chart
2025-12-30,KAS,crypto,0.043453329304299085,,coingecko:chart
2025-12-31,KAS,crypto,0.04391955587375253,,coingecko:chart
2026-01-01,KAS,crypto,0.04300135511933675,,coingecko:chart
2026-01-02,KAS,crypto,0.04464056889509227,,coingecko:chart
2026-01-03,KAS,crypto,0.04593893113501367,,coingecko:chart
2026-01-04,KAS,crypto,0.04557230604323034,,coingecko:chart
2026-01-05,KAS,crypto,0.04964861583600995,,coingecko:chart
2026-01-06,KAS,crypto,0.050849612417403496,,coingecko:chart
2026-01-07,KAS,crypto,0.05131761539038946,,coingecko:chart
2026-01-08,KAS,crypto,0.048668288416164225,,coingecko:chart
2026-01-09,KAS,crypto,0.04693587756721405,,coingecko:chart
2026-01-10,KAS,crypto,0.061223540516759316,,coingecko:chart
2026-01-11,KAS,crypto,0.06467792280104717,,coingecko:chart
2026-01-12,KAS,crypto,0.06073933695965974,,coingecko:chart
2026-01-13,KAS,crypto,0.06174171779468302,,coingecko:chart
2026-01-14,KAS,crypto,0.05924993219409763,,coingecko:chart
2026-01-15,KAS,crypto,0.05831866000916704,,coingecko:chart
2026-01-16,KAS,crypto,0.05596929598199346,,coingecko:chart
2026-01-17,KAS,crypto,0.05101720107591942,,coingecko:chart
2026-01-18,KAS,crypto,0.04426645361334697,,coingecko:chart
2026-01-19,KAS,crypto,0.057208542322680224,,coingecko:chart
2026-01-20,KAS,crypto,0.053734333232593065,,coingecko:chart
2026-01-21,KAS,crypto,0.0514544377989353,,coingecko:chart
2026-01-22,KAS,crypto,0.05183165346648328,,coingecko:chart
2026-01-23,KAS,crypto,0.054233235922272006,,coingecko:chart
2026-01-24,KAS,crypto,0.05368656843477502,,coingecko:chart
2026-01-25,KAS,crypto,0.05599025973857997,,coingecko:chart
2026-01-26,KAS,crypto,0.05059829188819766,,coingecko:chart
2026-01-27,KAS,crypto,0.05324392305405462,,coingecko:chart
2026-01-28,KAS,crypto,0.05498244320573703,,coingecko:chart
2026-01-29,KAS,crypto,0.05527997173843026,,coingecko:chart
2026-01-30,KAS,crypto,0.0498312576615709,,coingecko:chart
2026-01-31,KAS,crypto,0.05104873666668908,,coingecko:chart
2026-02-01,KAS,crypto,0.04037869158353111,,coingecko:chart
2026-02-02,KAS,crypto,0.044256534455275755,,coingecko:chart
2026-02-03,KAS,crypto,0.04145784122346905,,coingecko:chart
2026-02-04,KAS,crypto,0.043389600858064474,,coingecko:chart
2026-02-05,KAS,crypto,0.04163181419722315,,coingecko:chart
2026-02-06,KAS,crypto,0.035223205962263096,,coingecko:chart
2026-02-07,KAS,crypto,0.040086723419274724,,coingecko:chart
2026-02-08,KAS,crypto,0.04735956107989828,,coingecko:chart
2026-02-09,KAS,crypto,0.0482095715712525,,coingecko:chart
2026-02-10,KAS,crypto,0.03160270021568009,,coingecko:chart
2026-02-11,KAS,crypto,0.031078511918430213,,coingecko:chart
2026-02-12,KAS,crypto,0.047557536282966495,,coingecko:chart
2026-02-13,KAS,crypto,0.05097386444125734,,coingecko:chart
2026-02-14,KAS,crypto,0.053667324573045225,,coingecko:chart
2026-02-15,KAS,crypto,0.055279876491709096,,coingecko:chart
2026-02-16,KAS,crypto,0.054555878662306254,,coingecko:chart
2026-02-17,KAS,crypto,0.05773996537309963,,coingecko:chart
2026-02-18,KAS,crypto,0.056874521003871435,,coingecko:chart
2026-02-19,KAS,crypto,0.05535912601664249,,coingecko:chart
2026-02-20,KAS,crypto,0.05502291071103375,,coingecko:chart
2026-02-21,KAS,crypto,0.050750337631935864,,coingecko:chart
2026-02-22,KAS,crypto,0.05881926950973007,,coingecko:chart
2026-02-23,KAS,crypto,0.055133794928761574,,coingecko:chart
2026-02-24,KAS,crypto,0.04832056539729618,,coingecko:chart
2026-02-25,KAS,crypto,0.055204909462231284,,coingecko:chart
2026-02-26,KAS,crypto,0.04591874545520383,,coingecko:chart
2026-02-27,KAS,crypto,0.0473890982049671,,coingecko:chart
2026-02-28,KAS,crypto,0.047535786267060204,,coingecko:chart
2026-03-01,KAS,crypto,0.04967354407515115,,coingecko:chart
2026-03-02,KAS,crypto,0.051589850357404085,,coingecko:chart
2026-03-03,KAS,crypto,0.05257295738340336,,coingecko:chart
2026-03-04,KAS,crypto,0.05463694634857862,,coingecko:chart
2026-03-05,KAS,crypto,0.04579544391166875,,coingecko:chart
2026-03-06,KAS,crypto,0.055131200495749155,,coingecko:chart
2026-03-07,KAS,crypto,0.052581461193114624,,coingecko:chart
2026-03-08,KAS,crypto,0.05928123857235471,,coingecko:chart
2026-03-09,KAS,crypto,0.057329734021357825,,coingecko:chart
2026-03-10,KAS,crypto,0.05557711409681092,,coingecko:chart
2026-03-11,KAS,crypto,0.05554014939572301,,coingecko:chart
2026-03-12,KAS,crypto,0.030416992072596894,,coingecko:chart
2026-03-13,KAS,crypto,0.05888431578198054,,coingecko:chart
2026-03-14,KAS,crypto,0.052018884609565545,,coingecko:chart
2026-03-15,KAS,crypto,0.0628987593836169,,coingecko:chart
2026-03-16,KAS,crypto,0.05767605827547513,,coingecko:chart
2026-03-17,KAS,crypto,0.045271522673768355,,coingecko:chart
2026-03-18,KAS,crypto,0.04714832696481237,,coingecko:chart
2026-03-19,KAS,crypto,0.0464621636152021,,coingecko:chart
2026-03-20,KAS,crypto,0.04663742198915474,,coingecko:chart
2026-03-21,KAS,crypto,0.03820491258829026,,coingecko:chart
2026-03-22,KAS,crypto,0.05506481291293007,,coingecko:chart
2026-03-23,KAS,crypto,0.05569375697794808,,coingecko:chart
2026-03-24,KAS,crypto,0.048313865233117294,,coingecko:chart
2026-03-25,KAS,crypto,0.050140483743798044,,coingecko:chart
2026-03-26,KAS,crypto,0.0450429058121277,,coingecko:chart
2026-03-27,KAS,crypto,0.04890052354187963,,coingecko:chart
2026-03-28,KAS,crypto,0.03440811417427972,,coingecko:chart
2026-03-29,KAS,crypto,0.03462917233067925,,coingecko:chart
2026-03-30,KAS,crypto,0.03270783942129406,,coingecko:chart
2026-03-31,KAS,crypto,0.03175398837391183,,coingecko:chart
2026-04-01,KAS,crypto,0.0324897576274875,,coingecko:chart
2026-04-02,KAS,crypto,0.03208850871723785,,coingecko:chart
2026-04-03,KAS,crypto,0.0312031902842674,,coingecko:chart
2026-04-04,KAS,crypto,0.03072019179796537,,coingecko:chart
2026-04-05,KAS,crypto,0.031173530894054415,,coingecko:chart
2026-04-06,KAS,crypto,0.03151998955476392,,coingecko:chart
2026-04-07,KAS,crypto,0.031146673025683514,,coingecko:chart
2026-04-08,KAS,crypto,0.032917404051165375,,coingecko:chart
2026-04-09,KAS,crypto,0.03191611594801064,,coingecko:chart
2026-04-10,KAS,crypto,0.03213912925544271,,coingecko:chart
2026-04-11,KAS,crypto,0.03352013886555029,,coingecko:chart
2026-04-12,KAS,crypto,0.03289182170402193,,coingecko:chart
2026-04-13,KAS,crypto,0.03142282801611135,,coingecko:chart
2026-04-14,KAS,crypto,0.033039919328550035,,coingecko:chart
2026-04-15,KAS,crypto,0.03232344769461934,,coingecko:chart
2026-04-16,KAS,crypto,0.03318174005230536,,coingecko:chart
2026-04-17,KAS,crypto,0.03406309708411357,,coingecko:chart
2026-04-18,KAS,crypto,0.03615542587663195,,coingecko:chart
2026-04-19,KAS,crypto,0.03429914351018205,,coingecko:chart
2026-04-20,KAS,crypto,0.03418525585050514,,coingecko:chart
2026-04-21,KAS,crypto,0.034817455027206005,,coingecko:chart
2026-04-22,KAS,crypto,0.034260062671585545,,coingecko:chart
2026-04-23,KAS,crypto,0.03429738826949596,,coingecko:chart
2026-04-24,KAS,crypto,0.03427623425033505,,coingecko:chart
2026-04-25,KAS,crypto,0.03368426754360111,,coingecko:chart
2026-04-26,KAS,crypto,0.0336266604485831,,coingecko:chart
2026-04-27,KAS,crypto,0.03385519807520434,,coingecko:chart
2026-04-28,KAS,crypto,0.03338532305173359,,coingecko:chart
2026-04-29,KAS,crypto,0.03279128204682389,,coingecko:chart
2026-04-30,KAS,crypto,0.03253741005291424,,coingecko:chart
2026-05-01,KAS,crypto,0.03248521949005371,,coingecko:chart
2026-05-02,KAS,crypto,0.03262650846080605,,coingecko:chart
2026-05-03,KAS,crypto,0.033199276787710376,,coingecko:chart
2026-05-04,KAS,crypto,0.033616132325063684,,coingecko:chart
2026-05-05,KAS,crypto,0.03338870206861962,,coingecko:chart
2026-05-06,KAS,crypto,0.03443606943430363,,coingecko:chart
2026-05-07,KAS,crypto,0.03655804228239698,,coingecko:chart
2026-05-08,KAS,crypto,0.03536773039538743,,coingecko:chart
2026-05-09,KAS,crypto,0.03646684142157705,,coingecko:chart
2026-05-10,KAS,crypto,0.03725871235086958,,coingecko:chart
2026-05-11,KAS,crypto,0.03860018454915501,,coingecko:chart
2026-05-12,KAS,crypto,0.04039879973300238,,coingecko:chart
2026-05-13,KAS,crypto,0.03806901330641953,,coingecko:chart
2026-05-14,KAS,crypto,0.037181897648534065,,coingecko:chart
2026-05-15,KAS,crypto,0.037585710476000685,,coingecko:chart
2026-05-16,KAS,crypto,0.03513362191440739,,coingecko:chart
2026-05-17,KAS,crypto,0.034168076921680335,,coingecko:chart
2026-05-18,KAS,crypto,0.033992263217140405,,coingecko:chart
2026-05-19,KAS,crypto,0.03484790657844955,,coingecko:chart
2026-05-20,KAS,crypto,0.03367581200516729,,coingecko:chart
2026-05-21,KAS,crypto,0.03485879806017014,,coingecko:chart
2026-05-22,KAS,crypto,0.0352502068415189,,coingecko:chart
2026-05-23,KAS,crypto,0.03372530067970623,,coingecko:chart
2026-05-24,KAS,crypto,0.03380318275818287,,coingecko:chart
2026-05-25,KAS,crypto,0.03330510821001498,,coingecko:chart
2026-05-26,KAS,crypto,0.03365975592324915,,coingecko:chart
2026-05-27,KAS,crypto,0.03260167622810669,,coingecko:chart
2026-05-28,KAS,crypto,0.03200542151745397,,coingecko:chart
2026-05-29,KAS,crypto,0.031104309503780143,,coingecko:chart
2026-05-30,KAS,crypto,0.030970067819461447,,coingecko:chart
2026-05-31,KAS,crypto,0.03083901232932863,,coingecko:chart
2026-06-01,KAS,crypto,0.03072664651092779,,coingecko:chart
2026-06-02,KAS,crypto,0.030425098675852934,,coingecko:chart
2026-06-03,KAS,crypto,0.028511742535726928,,coingecko:chart
2026-06-04,KAS,crypto,0.03191478319083518,,coingecko:chart
2026-06-05,KAS,crypto,0.029535494161819477,,coingecko:chart
2026-06-06,KAS,crypto,0.030924842770307222,,coingecko:chart
2026-06-07,KAS,crypto,0.029976779516771482,,coingecko:chart
2026-06-08,KAS,crypto,0.031227048558487274,,coingecko:chart
2026-06-09,KAS,crypto,0.03208195627994772,,coingecko:chart
2026-06-10,KAS,crypto,0.03018154796694682,,coingecko:chart
2026-06-11,KAS,crypto,0.030361381695710017,,coingecko:chart
2026-06-12,KAS,crypto,0.03111761899242283,,coingecko:chart
2026-06-13,KAS,crypto,0.03096623389149,,coingecko:chart
2026-06-14,KAS,crypto,0.031368541978610213,,coingecko:chart
2026-06-15,KAS,crypto,0.03223984689687976,,coingecko:chart
2026-06-16,KAS,crypto,0.0330003122629393,,coingecko:chart
2026-06-17,KAS,crypto,0.03248105893844612,,coingecko:chart
2026-06-18,KAS,crypto,0.031903605571866826,,coingecko:chart
2026-06-19,KAS,crypto,0.03042367931537992,,coingecko:chart
2026-06-20,KAS,crypto,0.029910655942199195,,coingecko:chart
2026-06-21,KAS,crypto,0.029780041693132316,,coingecko:chart
2026-06-22,KAS,crypto,0.029163752778091773,,coingecko:chart
2026-06-23,KAS,crypto,0.029378937287182945,,coingecko:chart
2026-06-24,KAS,crypto,0.028858905631837833,,coingecko:chart
2026-06-25,KAS,crypto,0.027946110902669668,,coingecko:chart
2026-06-26,KAS,crypto,0.027580471164450664,,coingecko:chart
2026-06-27,KAS,crypto,0.028138170058835073,,coingecko:chart
2026-06-28,KAS,crypto,0.02778770303281949,,coingecko:chart
2026-06-29,KAS,crypto,0.027669458799552956,,coingecko:chart
2026-06-30,KAS,crypto,0.03030643655138328,,coingecko:chart
2026-07-01,KAS,crypto,0.02925732102734897,,coingecko:chart
2026-07-02,KAS,crypto,0.030810535643900298,,coingecko:chart
2026-07-03,KAS,crypto,0.030993110963503625,,coingecko:chart
2026-07-04,KAS,crypto,0.03135401573346235,,coingecko:chart
2026-07-05,KAS,crypto,0.03184561109440203,,coingecko:chart
2026-07-06,KAS,crypto,0.03095256941822014,,coingecko:chart
2026-07-07,KAS,crypto,0.030227023557681774,,coingecko:chart
2026-07-08,KAS,crypto,0.02924769408244765,,coingecko:chart
2026-07-09,KAS,crypto,0.0292125874203763,,coingecko:chart
2026-07-10,KAS,crypto,0.029466476243014864,,coingecko:chart
2026-07-11,KAS,crypto,0.029456612625172997,,coingecko:chart
2026-07-12,KAS,crypto,0.029314882689428664,,coingecko:chart
2026-07-13,KAS,crypto,0.028422337241872583,,coingecko:chart
2026-07-14,KAS,crypto,0.02838620969877595,,coingecko:chart
2026-07-15,KAS,crypto,0.0285584489970394,,coingecko:chart
2026-07-16,KAS,crypto,0.028893756009455342,,coingecko:chart
2026-07-17,KAS,crypto,0.028191830320503555,,coingecko:chart
2026-07-18,KAS,crypto,0.027897733728855213,,coingecko:chart
2026-07-19,KAS,crypto,0.027771121402553993,,coingecko:chart
2026-07-20,KAS,crypto,0.02830743815926479,,coingecko:chart
2026-07-21,KAS,crypto,0.02836387759875717,,coingecko:chart
2026-07-22,KAS,crypto,0.028559923578338232,,coingecko:chart
2026-07-23,KAS,crypto,0.028246194234375636,,coingecko:chart
2026-07-24,KAS,crypto,0.027979309258022517,,coingecko:chart
2026-07-25,KAS,crypto,0.027702446846372034,,coingecko:chart
2026-07-26,KAS,crypto,0.028063311061756843,,coingecko:chart
2026-07-27,KAS,crypto,0.029307857556997725,,coingecko:chart
2026-07-28,KAS,crypto,0.028139701777186808,,coingecko:chart
2026-07-29,KAS,crypto,0.02793783128573983,,coingecko:chart
2026-07-30,KAS,crypto,0.02738106032728539,,coingecko:chart
2026-07-31,KAS,crypto,0.02768755310207287,,coingecko:chart
2026-08-01,KAS,crypto,0.027210459481848342,,coingecko:chart
2026-08-02,KAS,crypto,0.02679062044645897,,coingecko:chart
2026-08-03,KAS,crypto,0.026803722169574745,,coingecko:chart
2026-08-04,KAS,crypto,0.026089900786882014,,coingecko:chart
2026-08-05,KAS,crypto,0.0263880640282539,,coingecko:chart
2026-08-06,KAS,crypto,0.026072160584788524,,coingecko:chart
2026-08-07,KAS,crypto,0.025627395399894202,,coingecko:chart
2026-08-08,KAS,crypto,0.026429646332958866,,coingecko:chart
2026-08-09,KAS,crypto,0.02665152056837503,,coingecko:chart
2026-08-10,KAS,crypto,0.025998198153346478,,coingecko:chart
2026-08-11,KAS,crypto,0.025913063156303904,,coingecko:chart
2026-08-12,KAS,crypto,0.025961417744690338,,coingecko:chart
2026-08-13,KAS,crypto,0.025553280744250728,,coingecko:chart
2026-08-14,KAS,crypto,0.025258977496893695,,coingecko:chart
2026-08-15,KAS,crypto,0.025419548732320482,,coingecko:chart
2026-08-16,KAS,crypto,0.025827429127751534,,coingecko:chart
2026-08-17,KAS,crypto,0.025534159980596858,,coingecko:chart
2026-08-18,KAS,crypto,0.025684012320920976,,coingecko:chart
2026-08-19,KAS,crypto,0.025275049210175406,,coingecko:chart
2026-08-20,KAS,crypto,0.026971668863001497,,coingecko:chart
2026-08-21,KAS,crypto,0.028009417484414764,,coingecko:chart
2026-08-22,KAS,crypto,0.029659333717067117,,coingecko:chart
2026-08-23,KAS,crypto,0.029111972553239517,,coingecko:chart
2026-08-24,KAS,crypto,0.029263530975096708,,coingecko:chart
2026-08-25,KAS,crypto,0.029129025936032383,,coingecko:chart
2026-08-26,KAS,crypto,0.027658317154030783,,coingecko:chart
2026-08-27,KAS,crypto,0.028013261348860025,,coingecko:chart
2026-08-28,KAS,crypto,0.02954395582092626,,coingecko:chart
2026-08-29,KAS,crypto,0.02804448172966674,,coingecko:chart
2026-08-30,KAS,crypto,0.027672300978555393,,coingecko:chart
2026-08-31,KAS,crypto,0.027064601688398235,,coingecko:chart
2026-09-01,KAS,crypto,0.027871990291035213,,coingecko:chart
2026-09-02,KAS,crypto,0.027472143510685252,,coingecko:chart
2026-09-03,KAS,crypto,0.027923376965178628,,coingecko:chart
2026-09-04,KAS,crypto,0.029790268478070155,,coingecko:chart
2026-09-05,KAS,crypto,0.029409193210785087,,coingecko:chart
2026-09-06,KAS,crypto,0.030564414766400483,,coingecko:chart
2026-09-07,KAS,crypto,0.032265836592476685,,coingecko:chart
2026-09-08,KAS,crypto,0.036503009730849086,,coingecko:chart
2026-09-09,KAS,crypto,0.03543895488688329,,coingecko:chart
2026-09-10,KAS,crypto,0.03651282069323304,,coingecko:chart
2026-09-11,KAS,crypto,0.03536298283053047,,coingecko:chart
2026-09-12,KAS,crypto,0.03592867342785811,,coingecko:chart
2026-09-13,KAS,crypto,0.03520781689105426,,coingecko:chart
2026-09-13,KAS,crypto,0.03454357795557148,,coingecko:chart
2025-09-14,MNT,crypto,1.6526693477443233,,coingecko:chart
2025-09-15,MNT,crypto,1.63994197733696,,coingecko:chart
2025-09-16,MNT,crypto,1.6339866556400164,,coingecko:chart
2025-09-17,MNT,crypto,1.7407222046982018,,coingecko:chart
2025-09-18,MNT,crypto,1.6962407869006182,,coingecko:chart
2025-09-19,MNT,crypto,1.7770353352824706,,coingecko:chart
2025-09-20,MNT,crypto,1.6498657097769904,,coingecko:chart
2025-09-21,MNT,crypto,1.6726265748313662,,coingecko:chart
2025-09-22,MNT,crypto,1.5542566233360593,,coingecko:chart
2025-09-23,MNT,crypto,1.7342717826704142,,coingecko:chart
2025-09-24,MNT,crypto,1.7647376304476698,,coingecko:chart
2025-09-25,MNT,crypto,1.725278370710895,,coingecko:chart
2025-09-26,MNT,crypto,1.6070387712906085,,coingecko:chart
2025-09-27,MNT,crypto,1.7477592673042353,,coingecko:chart
2025-09-28,MNT,crypto,1.7126313379505709,,coingecko:chart
2025-09-29,MNT,crypto,1.7854810648827226,,coingecko:chart
2025-09-30,MNT,crypto,1.921334166655693,,coingecko:chart
2025-10-01,MNT,crypto,1.765266781497012,,coingecko:chart
2025-10-02,MNT,crypto,1.8983099179095555,,coingecko:chart
2025-10-03,MNT,crypto,1.9786408896219896,,coingecko:chart
2025-10-04,MNT,crypto,1.925347243803068,,coingecko:chart
2025-10-05,MNT,crypto,1.963787894925969,,coingecko:chart
2025-10-06,MNT,crypto,2.119347774332758,,coingecko:chart
2025-10-07,MNT,crypto,2.4547764353235673,,coingecko:chart
2025-10-08,MNT,crypto,2.299577464364557,,coingecko:chart
2025-10-09,MNT,crypto,2.6968336717790913,,coingecko:chart
2025-10-10,MNT,crypto,2.347146059129314,,coingecko:chart
2025-10-11,MNT,crypto,1.727770758667982,,coingecko:chart
2025-10-12,MNT,crypto,1.625184053929784,,coingecko:chart
2025-10-13,MNT,crypto,2.2504718268926016,,coingecko:chart
2025-10-14,MNT,crypto,2.1232352830729857,,coingecko:chart
2025-10-15,MNT,crypto,1.9791212149000696,,coingecko:chart
2025-10-16,MNT,crypto,1.8139840032194845,,coingecko:chart
2025-10-17,MNT,crypto,1.7163482131709449,,coingecko:chart
2025-10-18,MNT,crypto,1.6042906109327175,,coingecko:chart
2025-10-19,MNT,crypto,1.669952534417074,,coingecko:chart
2025-10-20,MNT,crypto,1.8590585304889649,,coingecko:chart
2025-10-21,MNT,crypto,1.809898022470542,,coingecko:chart
2025-10-22,MNT,crypto,1.6334450738115445,,coingecko:chart
2025-10-23,MNT,crypto,1.5955768592767097,,coingecko:chart
2025-10-24,MNT,crypto,1.6848972631004755,,coingecko:chart
2025-10-25,MNT,crypto,1.6465801839148668,,coingecko:chart
2025-10-26,MNT,crypto,1.6604979371399025,,coingecko:chart
2025-10-27,MNT,crypto,1.7730070040646122,,coingecko:chart
2025-10-28,MNT,crypto,1.6633910790268358,,coingecko:chart
2025-10-29,MNT,crypto,1.6079440719163436,,coingecko:chart
2025-10-30,MNT,crypto,1.5847360637698773,,coingecko:chart
2025-10-31,MNT,crypto,1.4390340809216875,,coingecko:chart
2025-11-01,MNT,crypto,1.4533857994881856,,coingecko:chart
2025-11-02,MNT,crypto,1.4411386334159009,,coingecko:chart
2025-11-03,MNT,crypto,1.4308867068719808,,coingecko:chart
2025-11-04,MNT,crypto,1.2283157819418922,,coingecko:chart
2025-11-05,MNT,crypto,1.2710765037325011,,coingecko:chart
2025-11-06,MNT,crypto,1.2498167731151024,,coingecko:chart
2025-11-07,MNT,crypto,1.2093466956762735,,coingecko:chart
2025-11-08,MNT,crypto,1.295173591629638,,coingecko:chart
2025-11-09,MNT,crypto,1.333732354029786,,coingecko:chart
2025-11-10,MNT,crypto,1.329580737744035,,coingecko:chart
2025-11-11,MNT,crypto,1.3189303405523702,,coingecko:chart
2025-11-12,MNT,crypto,1.2354329879336456,,coingecko:chart
2025-11-13,MNT,crypto,1.2641400823570426,,coingecko:chart
2025-11-14,MNT,crypto,1.2236744635970922,,coingecko:chart
2025-11-15,MNT,crypto,1.173591082654808,,coingecko:chart
2025-11-16,MNT,crypto,1.2001859627533824,,coingecko:chart
2025-11-17,MNT,crypto,1.1928458361063998,,coingecko:chart
2025-11-18,MNT,crypto,1.1049838325803916,,coingecko:chart
2025-11-19,MNT,crypto,1.108461506402959,,coingecko:chart
2025-11-20,MNT,crypto,1.116339986037041,,coingecko:chart
2025-11-21,MNT,crypto,1.0429868645907934,,coingecko:chart
2025-11-22,MNT,crypto,0.9468851314281024,,coingecko:chart
2025-11-23,MNT,crypto,0.9869907198349966,,coingecko:chart
2025-11-24,MNT,crypto,1.0140051646156871,,coingecko:chart
2025-11-25,MNT,crypto,1.0217387396275823,,coingecko:chart
2025-11-26,MNT,crypto,1.0258020531231546,,coingecko:chart
2025-11-27,MNT,crypto,1.0706578005826235,,coingecko:chart
2025-11-28,MNT,crypto,1.0622454566092343,,coingecko:chart
2025-11-29,MNT,crypto,1.0753575378926508,,coingecko:chart
2025-11-30,MNT,crypto,1.0871681688158508,,coingecko:chart
2025-12-01,MNT,crypto,1.0668801198641726,,coingecko:chart
2025-12-02,MNT,crypto,0.9753781230577968,,coingecko:chart
2025-12-03,MNT,crypto,1.0256108274484772,,coingecko:chart
2025-12-04,MNT,crypto,1.1081066134017228,,coingecko:chart
2025-12-05,MNT,crypto,1.0571514906948227,,coingecko:chart
2025-12-06,MNT,crypto,1.087215276311388,,coingecko:chart
2025-12-07,MNT,crypto,1.064223553547858,,coingecko:chart
2025-12-08,MNT,crypto,1.0947837382823409,,coingecko:chart
2025-12-09,MNT,crypto,1.0937604540240804,,coingecko:chart
2025-12-10,MNT,crypto,1.1131405386507949,,coingecko:chart
2025-12-11,MNT,crypto,1.164343217652988,,coingecko:chart
2025-12-12,MNT,crypto,1.1971496460220503,,coingecko:chart
2025-12-13,MNT,crypto,1.2487828759722486,,coingecko:chart
2025-12-14,MNT,crypto,1.3298878795398703,,coingecko:chart
2025-12-15,MNT,crypto,1.2506202162587083,,coingecko:chart
2025-12-16,MNT,crypto,1.2875838617698612,,coingecko:chart
2025-12-17,MNT,crypto,1.2469130450040522,,coingecko:chart
2025-12-18,MNT,crypto,1.209236979205734,,coingecko:chart
2025-12-19,MNT,crypto,1.145928930418575,,coingecko:chart
2025-12-20,MNT,crypto,1.1521148284247478,,coingecko:chart
2025-12-21,MNT,crypto,1.1916584647325703,,coingecko:chart
2025-12-22,MNT,crypto,1.1741015022819234,,coingecko:chart
2025-12-23,MNT,crypto,1.1064270616176743,,coingecko:chart
2025-12-24,MNT,crypto,1.0579288208586264,,coingecko:chart
2025-12-25,MNT,crypto,1.0375139147054595,,coingecko:chart
2025-12-26,MNT,crypto,1.0317551984405382,,coingecko:chart
2025-12-27,MNT,crypto,1.043944393649136,,coingecko:chart
2025-12-28,MNT,crypto,1.0613089874435904,,coingecko:chart
2025-12-29,MNT,crypto,1.0392272730563166,,coingecko:chart
2025-12-30,MNT,crypto,1.0126818200957557,,coingecko:chart
2025-12-31,MNT,crypto,0.966852083828808,,coingecko:chart
2026-01-01,MNT,crypto,0.9633461778387491,,coingecko:chart
2026-01-02,MNT,crypto,0.9727519992519416,,coingecko:chart
2026-01-03,MNT,crypto,1.0144768637391055,,coingecko:chart
2026-01-04,MNT,crypto,1.0194632266985215,,coingecko:chart
2026-01-05,MNT,crypto,1.046969542122198,,coingecko:chart
2026-01-06,MNT,crypto,1.0790586503308184,,coingecko:chart
2026-01-07,MNT,crypto,1.116030830058532,,coingecko:chart
2026-01-08,MNT,crypto,1.033622006919609,,coingecko:chart
2026-01-09,MNT,crypto,0.9998297000600807,,coingecko:chart
2026-01-10,MNT,crypto,0.9646301557915804,,coingecko:chart
2026-01-11,MNT,crypto,1.1456834790405297,,coingecko:chart
2026-01-12,MNT,crypto,1.1500108702272576,,coingecko:chart
2026-01-13,MNT,crypto,0.9437300095416021,,coingecko:chart
2026-01-14,MNT,crypto,0.9896824417398156,,coingecko:chart
2026-01-15,MNT,crypto,0.9769357630016448,,coingecko:chart
2026-01-16,MNT,crypto,0.9630834498307629,,coingecko:chart
2026-01-17,MNT,crypto,0.9505558028488964,,coingecko:chart
2026-01-18,MNT,crypto,0.9485331173721486,,coingecko:chart
2026-01-19,MNT,crypto,0.9215967040982251,,coingecko:chart
2026-01-20,MNT,crypto,0.9141239072184046,,coingecko:chart
2026-01-21,MNT,crypto,0.8722554287863984,,coingecko:chart
2026-01-22,MNT,crypto,0.8917020500782081,,coingecko:chart
2026-01-23,MNT,crypto,0.8829882671334348,,coingecko:chart
2026-01-24,MNT,crypto,0.8822825644176956,,coingecko:chart
2026-01-25,MNT,crypto,0.9072257994921823,,coingecko:chart
2026-01-26,MNT,crypto,0.8473444297076438,,coingecko:chart
2026-01-27,MNT,crypto,0.8664853369392481,,coingecko:chart
2026-01-28,MNT,crypto,0.8939770365344383,,coingecko:chart
2026-01-29,MNT,crypto,0.9211778039053992,,coingecko:chart
2026-01-30,MNT,crypto,0.842317297235333,,coingecko:chart
2026-01-31,MNT,crypto,0.7782156522874223,,coingecko:chart
2026-02-01,MNT,crypto,0.7320810172333791,,coingecko:chart
2026-02-02,MNT,crypto,0.6859914188060124,,coingecko:chart
2026-02-03,MNT,crypto,0.721523708775714,,coingecko:chart
2026-02-04,MNT,crypto,0.7106607562760878,,coingecko:chart
2026-02-05,MNT,crypto,0.6986250027446123,,coingecko:chart
2026-02-06,MNT,crypto,0.6016629979420824,,coingecko:chart
2026-02-07,MNT,crypto,0.6459913558691602,,coingecko:chart
2026-02-08,MNT,crypto,0.6441378355331582,,coingecko:chart
2026-02-09,MNT,crypto,0.6434273252002642,,coingecko:chart
2026-02-10,MNT,crypto,0.6462145085743151,,coingecko:chart
2026-02-11,MNT,crypto,0.6321069161825013,,coingecko:chart
2026-02-12,MNT,crypto,0.6175522092137415,,coingecko:chart
2026-02-13,MNT,crypto,0.6145648604780974,,coingecko:chart
2026-02-14,MNT,crypto,0.6390586891839335,,coingecko:chart
2026-02-15,MNT,crypto,0.665249054320594,,coingecko:chart
2026-02-16,MNT,crypto,0.6285807462717029,,coingecko:chart
2026-02-17,MNT,crypto,0.6469261641413261,,coingecko:chart
2026-02-18,MNT,crypto,0.6351111908559008,,coingecko:chart
2026-02-19,MNT,crypto,0.62221734780368,,coingecko:chart
2026-02-20,MNT,crypto,0.6233014558253623,,coingecko:chart
2026-02-21,MNT,crypto,0.6328805961306645,,coingecko:chart
2026-02-22,MNT,crypto,0.6359743946836499,,coingecko:chart
2026-02-23,MNT,crypto,0.5873604879469331,,coingecko:chart
2026-02-24,MNT,crypto,0.5782197102772426,,coingecko:chart
2026-02-25,MNT,crypto,0.5927643002061358,,coingecko:chart
2026-02-26,MNT,crypto,0.6242056861056361,,coingecko:chart
2026-02-27,MNT,crypto,0.6407186552697093,,coingecko:chart
2026-02-28,MNT,crypto,0.6358658147507233,,coingecko:chart
2026-03-01,MNT,crypto,0.6405093472653546,,coingecko:chart
2026-03-02,MNT,crypto,0.6379614071965581,,coingecko:chart
2026-03-03,MNT,crypto,0.6600429485824725,,coingecko:chart
2026-03-04,MNT,crypto,0.6910182977443992,,coingecko:chart
2026-03-05,MNT,crypto,0.6939877870089963,,coingecko:chart
2026-03-06,MNT,crypto,0.7014186010507841,,coingecko:chart
2026-03-07,MNT,crypto,0.6853775697670714,,coingecko:chart
2026-03-08,MNT,crypto,0.6762065958371584,,coingecko:chart
2026-03-09,MNT,crypto,0.6506848120606553,,coingecko:chart
2026-03-10,MNT,crypto,0.6694837606978685,,coingecko:chart
2026-03-11,MNT,crypto,0.7008477805566757,,coingecko:chart
2026-03-12,MNT,crypto,0.691046612482549,,coingecko:chart
2026-03-13,MNT,crypto,0.7173494529771155,,coingecko:chart
2026-03-14,MNT,crypto,0.7134192563829792,,coingecko:chart
2026-03-15,MNT,crypto,0.7934610033982665,,coingecko:chart
2026-03-16,MNT,crypto,0.8045147479115027,,coingecko:chart
2026-03-17,MNT,crypto,0.8624969110630871,,coingecko:chart
2026-03-18,MNT,crypto,0.8380097056940388,,coingecko:chart
2026-03-19,MNT,crypto,0.7740782078541535,,coingecko:chart
2026-03-20,MNT,crypto,0.7502341488584031,,coingecko:chart
2026-03-21,MNT,crypto,0.7521417434147151,,coingecko:chart
2026-03-22,MNT,crypto,0.7373670484372896,,coingecko:chart
2026-03-23,MNT,crypto,0.7128068005867757,,coingecko:chart
2026-03-24,MNT,crypto,0.7065648606008073,,coingecko:chart
2026-03-25,MNT,crypto,0.7173716894704293,,coingecko:chart
2026-03-26,MNT,crypto,0.7411088038420056,,coingecko:chart
2026-03-27,MNT,crypto,0.6969822913548946,,coingecko:chart
2026-03-28,MNT,crypto,0.6739377492259795,,coingecko:chart
2026-03-29,MNT,crypto,0.6726698681106275,,coingecko:chart
2026-03-30,MNT,crypto,0.6711765480721266,,coingecko:chart
2026-03-31,MNT,crypto,0.685975557630698,,coingecko:chart
2026-04-01,MNT,crypto,0.6968133422296517,,coingecko:chart
2026-04-02,MNT,crypto,0.7008913565992195,,coingecko:chart
2026-04-03,MNT,crypto,0.6737590490575042,,coingecko:chart
2026-04-04,MNT,crypto,0.6760739071993986,,coingecko:chart
2026-04-05,MNT,crypto,0.669760916695062,,coingecko:chart
2026-04-06,MNT,crypto,0.6730775130900873,,coingecko:chart
2026-04-07,MNT,crypto,0.6553498496001322,,coingecko:chart
2026-04-08,MNT,crypto,0.677900831619292,,coingecko:chart
2026-04-09,MNT,crypto,0.6587497361922054,,coingecko:chart
2026-04-10,MNT,crypto,0.6658444264925459,,coingecko:chart
2026-04-11,MNT,crypto,0.6938548183265835,,coingecko:chart
2026-04-12,MNT,crypto,0.6806090792853426,,coingecko:chart
2026-04-13,MNT,crypto,0.6654350098317321,,coingecko:chart
2026-04-14,MNT,crypto,0.6848777159346491,,coingecko:chart
2026-04-15,MNT,crypto,0.654858949567299,,coingecko:chart
2026-04-16,MNT,crypto,0.6656824307131989,,coingecko:chart
2026-04-17,MNT,crypto,0.6737318778890591,,coingecko:chart
2026-04-18,MNT,crypto,0.6816061727159123,,coingecko:chart
2026-04-19,MNT,crypto,0.6610826553452371,,coingecko:chart
2026-04-20,MNT,crypto,0.6218436785287684,,coingecko:chart
2026-04-21,MNT,crypto,0.6302760220548504,,coingecko:chart
2026-04-22,MNT,crypto,0.6311703817861197,,coingecko:chart
2026-04-23,MNT,crypto,0.6443485494045054,,coingecko:chart
2026-04-24,MNT,crypto,0.647200965659139,,coingecko:chart
2026-04-25,MNT,crypto,0.6477534883517595,,coingecko:chart
2026-04-26,MNT,crypto,0.6591538958909996,,coingecko:chart
2026-04-27,MNT,crypto,0.6548812297015673,,coingecko:chart
2026-04-28,MNT,crypto,0.6374650856947883,,coingecko:chart
2026-04-29,MNT,crypto,0.6305228368812545,,coingecko:chart
2026-04-30,MNT,crypto,0.6245192548107692,,coingecko:chart
2026-05-01,MNT,crypto,0.6276210896043569,,coingecko:chart
2026-05-02,MNT,crypto,0.6302684851403533,,coingecko:chart
2026-05-03,MNT,crypto,0.6297770784869178,,coingecko:chart
2026-05-04,MNT,crypto,0.6320567907952376,,coingecko:chart
2026-05-05,MNT,crypto,0.638883761584923,,coingecko:chart
2026-05-06,MNT,crypto,0.6455440043167486,,coingecko:chart
2026-05-07,MNT,crypto,0.6678581532334104,,coingecko:chart
2026-05-08,MNT,crypto,0.6617391039018248,,coingecko:chart
2026-05-09,MNT,crypto,0.6851206562998601,,coingecko:chart
2026-05-10,MNT,crypto,0.6831894986683172,,coingecko:chart
2026-05-11,MNT,crypto,0.7135372588757283,,coingecko:chart
2026-05-12,MNT,crypto,0.69736449641849,,coingecko:chart
2026-05-13,MNT,crypto,0.6678059888560935,,coingecko:chart
2026-05-14,MNT,crypto,0.6716883396641381,,coingecko:chart
2026-05-15,MNT,crypto,0.6950987476132977,,coingecko:chart
2026-05-16,MNT,crypto,0.6665127641712542,,coingecko:chart
2026-05-17,MNT,crypto,0.6432679026243464,,coingecko:chart
2026-05-18,MNT,crypto,0.6356966376351462,,coingecko:chart
2026-05-19,MNT,crypto,0.6277946372341372,,coingecko:chart
2026-05-20,MNT,crypto,0.6224812410112904,,coingecko:chart
2026-05-21,MNT,crypto,0.6647966836962999,,coingecko:chart
2026-05-22,MNT,crypto,0.6769713040723845,,coingecko:chart
2026-05-23,MNT,crypto,0.6361311955114947,,coingecko:chart
2026-05-24,MNT,crypto,0.6650327688911094,,coingecko:chart
2026-05-25,MNT,crypto,0.6516825911003998,,coingecko:chart
2026-05-26,MNT,crypto,0.6532080149222782,,coingecko:chart
2026-05-27,MNT,crypto,0.6360784197192955,,coingecko:chart
2026-05-28,MNT,crypto,0.6262828268711375,,coingecko:chart
2026-05-29,MNT,crypto,0.6295879908515907,,coingecko:chart
2026-05-30,MNT,crypto,0.6428242922057567,,coingecko:chart
2026-05-31,MNT,crypto,0.6776713379114818,,coingecko:chart
2026-06-01,MNT,crypto,0.6668924089470233,,coingecko:chart
2026-06-02,MNT,crypto,0.63630433168614,,coingecko:chart
2026-06-03,MNT,crypto,0.6059792381428128,,coingecko:chart
2026-06-04,MNT,crypto,0.5960348891977745,,coingecko:chart
2026-06-05,MNT,crypto,0.5559991843750145,,coingecko:chart
2026-06-06,MNT,crypto,0.5186415374775689,,coingecko:chart
2026-06-07,MNT,crypto,0.5145041876572931,,coingecko:chart
2026-06-08,MNT,crypto,0.5432659724061997,,coingecko:chart
2026-06-09,MNT,crypto,0.5475851414233222,,coingecko:chart
2026-06-10,MNT,crypto,0.5362858584749604,,coingecko:chart
2026-06-11,MNT,crypto,0.5286335422700674,,coingecko:chart
2026-06-12,MNT,crypto,0.5408875443572371,,coingecko:chart
2026-06-13,MNT,crypto,0.5367292303976268,,coingecko:chart
2026-06-14,MNT,crypto,0.5570715268272458,,coingecko:chart
2026-06-15,MNT,crypto,0.5685590557533627,,coingecko:chart
2026-06-16,MNT,crypto,0.5770810571904622,,coingecko:chart
2026-06-17,MNT,crypto,0.5575923315952278,,coingecko:chart
2026-06-18,MNT,crypto,0.5422358066725149,,coingecko:chart
2026-06-19,MNT,crypto,0.5308846546017563,,coingecko:chart
2026-06-20,MNT,crypto,0.5295118828064284,,coingecko:chart
2026-06-21,MNT,crypto,0.5351481749487059,,coingecko:chart
2026-06-22,MNT,crypto,0.5289620159091564,,coingecko:chart
2026-06-23,MNT,crypto,0.5324397297838581,,coingecko:chart
2026-06-24,MNT,crypto,0.5151563728750888,,coingecko:chart
2026-06-25,MNT,crypto,0.5038151658384727,,coingecko:chart
2026-06-26,MNT,crypto,0.4421374166342103,,coingecko:chart
2026-06-27,MNT,crypto,0.4380361054571035,,coingecko:chart
2026-06-28,MNT,crypto,0.4361787476986963,,coingecko:chart
2026-06-29,MNT,crypto,0.4266839148435822,,coingecko:chart
2026-06-30,MNT,crypto,0.4282294419096245,,coingecko:chart
2026-07-01,MNT,crypto,0.4122374954923233,,coingecko:chart
2026-07-02,MNT,crypto,0.4226672199854105,,coingecko:chart
2026-07-03,MNT,crypto,0.4365244138056354,,coingecko:chart
2026-07-04,MNT,crypto,0.44969524663688143,,coingecko:chart
2026-07-05,MNT,crypto,0.4531422818665061,,coingecko:chart
2026-07-06,MNT,crypto,0.44099823146450084,,coingecko:chart
2026-07-07,MNT,crypto,0.4413030494390049,,coingecko:chart
2026-07-08,MNT,crypto,0.42232138929610213,,coingecko:chart
2026-07-09,MNT,crypto,0.42088388110882785,,coingecko:chart
2026-07-10,MNT,crypto,0.42889216591443985,,coingecko:chart
2026-07-11,MNT,crypto,0.42942956293452933,,coingecko:chart
2026-07-12,MNT,crypto,0.4226194584497684,,coingecko:chart
2026-07-13,MNT,crypto,0.41764523344354315,,coingecko:chart
2026-07-14,MNT,crypto,0.42112098222363714,,coingecko:chart
2026-07-15,MNT,crypto,0.42268160260244686,,coingecko:chart
2026-07-16,MNT,crypto,0.4253521013625019,,coingecko:chart
2026-07-17,MNT,crypto,0.4413174033812582,,coingecko:chart
2026-07-18,MNT,crypto,0.4262033344925945,,coingecko:chart
2026-07-19,MNT,crypto,0.41981007360594375,,coingecko:chart
2026-07-20,MNT,crypto,0.42427473229431845,,coingecko:chart
2026-07-21,MNT,crypto,0.4246215200687862,,coingecko:chart
2026-07-22,MNT,crypto,0.42927223130934433,,coingecko:chart
2026-07-23,MNT,crypto,0.4206776798230109,,coingecko:chart
2026-07-24,MNT,crypto,0.4069402142328108,,coingecko:chart
2026-07-25,MNT,crypto,0.41004297478082563,,coingecko:chart
2026-07-26,MNT,crypto,0.41143497218423325,,coingecko:chart
2026-07-27,MNT,crypto,0.41601211251209086,,coingecko:chart
2026-07-28,MNT,crypto,0.40022804032324794,,coingecko:chart
2026-07-29,MNT,crypto,0.40170387866378476,,coingecko:chart
2026-07-30,MNT,crypto,0.3961701967441943,,coingecko:chart
2026-07-31,MNT,crypto,0.39685829532574723,,coingecko:chart
2026-08-01,MNT,crypto,0.39219887468500014,,coingecko:chart
2026-08-02,MNT,crypto,0.39455109836509417,,coingecko:chart
2026-08-03,MNT,crypto,0.39808160744210885,,coingecko:chart
2026-08-04,MNT,crypto,0.39667739023975906,,coingecko:chart
2026-08-05,MNT,crypto,0.40121505359328413,,coingecko:chart
2026-08-06,MNT,crypto,0.4069083191693496,,coingecko:chart
2026-08-07,MNT,crypto,0.40907330899083316,,coingecko:chart
2026-08-08,MNT,crypto,0.4182862035076536,,coingecko:chart
2026-08-09,MNT,crypto,0.4294735695259352,,coingecko:chart
2026-08-10,MNT,crypto,0.42318748176329435,,coingecko:chart
2026-08-11,MNT,crypto,0.4452332555902037,,coingecko:chart
2026-08-12,MNT,crypto,0.4344515914362803,,coingecko:chart
2026-08-13,MNT,crypto,0.45810090386497654,,coingecko:chart
2026-08-14,MNT,crypto,0.44814929297819805,,coingecko:chart
2026-08-15,MNT,crypto,0.4429266651162131,,coingecko:chart
2026-08-16,MNT,crypto,0.43288425840850575,,coingecko:chart
2026-08-17,MNT,crypto,0.4479509027388761,,coingecko:chart
2026-08-18,MNT,crypto,0.4391919332440526,,coingecko:chart
2026-08-19,MNT,crypto,0.42660592418086046,,coingecko:chart
2026-08-20,MNT,crypto,0.46737376334939396,,coingecko:chart
2026-08-21,MNT,crypto,0.5165522685617767,,coingecko:chart
2026-08-22,MNT,crypto,0.5168886179561312,,coingecko:chart
2026-08-23,MNT,crypto,0.4827910728759477,,coingecko:chart
2026-08-24,MNT,crypto,0.5118142703922397,,coingecko:chart
2026-08-25,MNT,crypto,0.5155963189392238,,coingecko:chart
2026-08-26,MNT,crypto,0.5172778819747481,,coingecko:chart
2026-08-27,MNT,crypto,0.5051596710801808,,coingecko:chart
2026-08-28,MNT,crypto,0.5168188065900663,,coingecko:chart
2026-08-29,MNT,crypto,0.5081262180657862,,coingecko:chart
2026-08-30,MNT,crypto,0.5193163478664758,,coingecko:chart
2026-08-31,MNT,crypto,0.548083731863849,,coingecko:chart
2026-09-01,MNT,crypto,0.5463597578472995,,coingecko:chart
2026-09-02,MNT,crypto,0.5363986892425897,,coingecko:chart
2026-09-03,MNT,crypto,0.5631133705389986,,coingecko:chart
2026-09-04,MNT,crypto,0.5687377622965745,,coingecko:chart
2026-09-05,MNT,crypto,0.5742782214310945,,coingecko:chart
2026-09-06,MNT,crypto,0.5878428856683184,,coingecko:chart
2026-09-07,MNT,crypto,0.6083635667809113,,coingecko:chart
2026-09-08,MNT,crypto,0.6209493363591403,,coingecko:chart
2026-09-09,MNT,crypto,0.6365218632454678,,coingecko:chart
2026-09-10,MNT,crypto,0.6010383245082448,,coingecko:chart
2026-09-11,MNT,crypto,0.5685254532178655,,coingecko:chart
2026-09-12,MNT,crypto,0.5809566627006559,,coingecko:chart
2026-09-13,MNT,crypto,0.5569146749241989,,coingecko:chart
2026-09-13,MNT,crypto,0.566489566301279,,coingecko:chart
2025-09-14,XAUT,crypto,3641.842004322724,,coingecko:chart
2025-09-15,XAUT,crypto,3639.7102555189745,,coingecko:chart
2025-09-16,XAUT,crypto,3688.495696188918,,coingecko:chart
2025-09-17,XAUT,crypto,3697.368991057317,,coingecko:chart
2025-09-18,XAUT,crypto,3670.2551853956793,,coingecko:chart
2025-09-19,XAUT,crypto,3645.699254842092,,coingecko:chart
2025-09-20,XAUT,crypto,3685.540216668354,,coingecko:chart
2025-09-21,XAUT,crypto,3686.2850226894984,,coingecko:chart
2025-09-22,XAUT,crypto,3687.8695189138175,,coingecko:chart
2025-09-23,XAUT,crypto,3758.928047575664,,coingecko:chart
2025-09-24,XAUT,crypto,3771.384852892804,,coingecko:chart
2025-09-25,XAUT,crypto,3755.000526000028,,coingecko:chart
2025-09-26,XAUT,crypto,3739.380590410293,,coingecko:chart
2025-09-27,XAUT,crypto,3757.5668908938246,,coingecko:chart
2025-09-28,XAUT,crypto,3775.1373516773688,,coingecko:chart
2025-09-29,XAUT,crypto,3768.828622825624,,coingecko:chart
2025-09-30,XAUT,crypto,3828.318885535945,,coingecko:chart
2025-10-01,XAUT,crypto,3870.85748230059,,coingecko:chart
2025-10-02,XAUT,crypto,3873.382440335141,,coingecko:chart
2025-10-03,XAUT,crypto,3865.051561745912,,coingecko:chart
2025-10-04,XAUT,crypto,3880.319282042863,,coingecko:chart
2025-10-05,XAUT,crypto,3884.076286234148,,coingecko:chart
2025-10-06,XAUT,crypto,3909.4282318064184,,coingecko:chart
2025-10-07,XAUT,crypto,3982.02203570969,,coingecko:chart
2025-10-08,XAUT,crypto,4003.5332280579937,,coingecko:chart
2025-10-09,XAUT,crypto,4012.8720753038406,,coingecko:chart
2025-10-10,XAUT,crypto,3984.275611476515,,coingecko:chart
2025-10-11,XAUT,crypto,4008.518993399902,,coingecko:chart
2025-10-12,XAUT,crypto,4004.108845815799,,coingecko:chart
2025-10-13,XAUT,crypto,4031.40561386885,,coingecko:chart
2025-10-14,XAUT,crypto,4128.838550868336,,coingecko:chart
2025-10-15,XAUT,crypto,4174.090302901913,,coingecko:chart
2025-10-16,XAUT,crypto,4222.242928182123,,coingecko:chart
2025-10-17,XAUT,crypto,4389.799706921246,,coingecko:chart
2025-10-18,XAUT,crypto,4233.20408863487,,coingecko:chart
2025-10-19,XAUT,crypto,4229.120013179007,,coingecko:chart
2025-10-20,XAUT,crypto,4239.91715568742,,coingecko:chart
2025-10-21,XAUT,crypto,4360.3111425884035,,coingecko:chart
2025-10-22,XAUT,crypto,4088.13030314698,,coingecko:chart
2025-10-23,XAUT,crypto,4093.1702717214425,,coingecko:chart
2025-10-24,XAUT,crypto,4109.471196501308,,coingecko:chart
2025-10-25,XAUT,crypto,4103.750123851834,,coingecko:chart
2025-10-26,XAUT,crypto,4112.875762252154,,coingecko:chart
2025-10-27,XAUT,crypto,4052.50566109858,,coingecko:chart
2025-10-28,XAUT,crypto,3997.4660422743177,,coingecko:chart
2025-10-29,XAUT,crypto,3957.3643733949807,,coingecko:chart
2025-10-30,XAUT,crypto,3945.6000826788686,,coingecko:chart
2025-10-31,XAUT,crypto,4038.8880926194192,,coingecko:chart
2025-11-01,XAUT,crypto,4002.6815110053344,,coingecko:chart
2025-11-02,XAUT,crypto,4004.271007352434,,coingecko:chart
2025-11-03,XAUT,crypto,3966.296254311113,,coingecko:chart
2025-11-04,XAUT,crypto,3984.023939125929,,coingecko:chart
2025-11-05,XAUT,crypto,3933.368462546082,,coingecko:chart
2025-11-06,XAUT,crypto,3974.446617673483,,coingecko:chart
2025-11-07,XAUT,crypto,3972.733379056841,,coingecko:chart
2025-11-08,XAUT,crypto,3983.13384127222,,coingecko:chart
2025-11-09,XAUT,crypto,3987.165419256365,,coingecko:chart
2025-11-10,XAUT,crypto,3995.898687396799,,coingecko:chart
2025-11-11,XAUT,crypto,4104.526200238372,,coingecko:chart
2025-11-12,XAUT,crypto,4117.895433447856,,coingecko:chart
2025-11-13,XAUT,crypto,4166.737091564873,,coingecko:chart
2025-11-14,XAUT,crypto,4170.239236700401,,coingecko:chart
2025-11-15,XAUT,crypto,4072.692652554384,,coingecko:chart
2025-11-16,XAUT,crypto,4066.2654814342222,,coingecko:chart
2025-11-17,XAUT,crypto,4084.312031181799,,coingecko:chart
2025-11-18,XAUT,crypto,4020.95427586194,,coingecko:chart
2025-11-19,XAUT,crypto,4060.477374571083,,coingecko:chart
2025-11-20,XAUT,crypto,4076.423364884344,,coingecko:chart
2025-11-21,XAUT,crypto,4054.0302912216425,,coingecko:chart
2025-11-22,XAUT,crypto,4050.984917522547,,coingecko:chart
2025-11-23,XAUT,crypto,4047.844289875839,,coingecko:chart
2025-11-24,XAUT,crypto,4055.0082224780695,,coingecko:chart
2025-11-25,XAUT,crypto,4119.330803234771,,coingecko:chart
2025-11-26,XAUT,crypto,4108.457586555448,,coingecko:chart
2025-11-27,XAUT,crypto,4156.653025363239,,coingecko:chart
2025-11-28,XAUT,crypto,4152.673628628799,,coingecko:chart
2025-11-29,XAUT,crypto,4213.635623111577,,coingecko:chart
2025-11-30,XAUT,crypto,4211.678624426858,,coingecko:chart
2025-12-01,XAUT,crypto,4214.6141857205785,,coingecko:chart
2025-12-02,XAUT,crypto,4226.914253141233,,coingecko:chart
2025-12-03,XAUT,crypto,4206.147867633826,,coingecko:chart
2025-12-04,XAUT,crypto,4199.56471293157,,coingecko:chart
2025-12-05,XAUT,crypto,4198.242916793865,,coingecko:chart
2025-12-06,XAUT,crypto,4194.154120033919,,coingecko:chart
2025-12-07,XAUT,crypto,4211.084406823203,,coingecko:chart
2025-12-08,XAUT,crypto,4212.196047094114,,coingecko:chart
2025-12-09,XAUT,crypto,4202.321086261025,,coingecko:chart
2025-12-10,XAUT,crypto,4216.163642764472,,coingecko:chart
2025-12-11,XAUT,crypto,4223.224173386084,,coingecko:chart
2025-12-12,XAUT,crypto,4266.565408661498,,coingecko:chart
2025-12-13,XAUT,crypto,4305.860697811301,,coingecko:chart
2025-12-14,XAUT,crypto,4313.556429815963,,coingecko:chart
2025-12-15,XAUT,crypto,4299.89578193262,,coingecko:chart
2025-12-16,XAUT,crypto,4307.135970470025,,coingecko:chart
2025-12-17,XAUT,crypto,4303.628479447406,,coingecko:chart
2025-12-18,XAUT,crypto,4334.2285567357785,,coingecko:chart
2025-12-19,XAUT,crypto,4328.556438379187,,coingecko:chart
2025-12-20,XAUT,crypto,4332.448278679934,,coingecko:chart
2025-12-21,XAUT,crypto,4353.4421128839,,coingecko:chart
2025-12-22,XAUT,crypto,4348.5325889914475,,coingecko:chart
2025-12-23,XAUT,crypto,4458.243454497443,,coingecko:chart
2025-12-24,XAUT,crypto,4510.016168222313,,coingecko:chart
2025-12-25,XAUT,crypto,4488.407114435125,,coingecko:chart
2025-12-26,XAUT,crypto,4490.868321593755,,coingecko:chart
2025-12-27,XAUT,crypto,4530.606089703744,,coingecko:chart
2025-12-28,XAUT,crypto,4553.148804599577,,coingecko:chart
2025-12-29,XAUT,crypto,4523.426528924054,,coingecko:chart
2025-12-30,XAUT,crypto,4343.521727951107,,coingecko:chart
2025-12-31,XAUT,crypto,4342.487627420772,,coingecko:chart
2026-01-01,XAUT,crypto,4318.183175066801,,coingecko:chart
2026-01-02,XAUT,crypto,4357.615700267275,,coingecko:chart
2026-01-03,XAUT,crypto,4343.991028917381,,coingecko:chart
2026-01-04,XAUT,crypto,4329.260241360639,,coingecko:chart
2026-01-05,XAUT,crypto,4365.926202342984,,coingecko:chart
2026-01-06,XAUT,crypto,4433.584737587188,,coingecko:chart
2026-01-07,XAUT,crypto,4479.015549976373,,coingecko:chart
2026-01-08,XAUT,crypto,4467.107168924931,,coingecko:chart
2026-01-09,XAUT,crypto,4474.7152654860765,,coingecko:chart
2026-01-10,XAUT,crypto,4489.649263445921,,coingecko:chart
2026-01-11,XAUT,crypto,4491.9102561521995,,coingecko:chart
2026-01-12,XAUT,crypto,4522.394343906483,,coingecko:chart
2026-01-13,XAUT,crypto,4599.71912868976,,coingecko:chart
2026-01-14,XAUT,crypto,4588.879586501393,,coingecko:chart
2026-01-15,XAUT,crypto,4606.865350750459,,coingecko:chart
2026-01-16,XAUT,crypto,4599.3367576252585,,coingecko:chart
2026-01-17,XAUT,crypto,4587.7273794294215,,coingecko:chart
2026-01-18,XAUT,crypto,4598.152783293056,,coingecko:chart
2026-01-19,XAUT,crypto,4660.330630695548,,coingecko:chart
2026-01-20,XAUT,crypto,4663.444166145613,,coingecko:chart
2026-01-21,XAUT,crypto,4776.474662012148,,coingecko:chart
2026-01-22,XAUT,crypto,4785.878011085735,,coingecko:chart
2026-01-23,XAUT,crypto,4956.941971588032,,coingecko:chart
2026-01-24,XAUT,crypto,4989.6640402836065,,coingecko:chart
2026-01-25,XAUT,crypto,5025.0257304249135,,coingecko:chart
2026-01-26,XAUT,crypto,5042.825578992549,,coingecko:chart
2026-01-27,XAUT,crypto,5041.506079178377,,coingecko:chart
2026-01-28,XAUT,crypto,5163.042441432119,,coingecko:chart
2026-01-29,XAUT,crypto,5486.569497387119,,coingecko:chart
2026-01-30,XAUT,crypto,5441.904385962764,,coingecko:chart
2026-01-31,XAUT,crypto,4892.403667120859,,coingecko:chart
2026-02-01,XAUT,crypto,4808.364968010982,,coingecko:chart
2026-02-02,XAUT,crypto,4741.399000082566,,coingecko:chart
2026-02-03,XAUT,crypto,4775.280277319207,,coingecko:chart
2026-02-04,XAUT,crypto,4936.51209994532,,coingecko:chart
2026-02-05,XAUT,crypto,4992.097892316793,,coingecko:chart
2026-02-06,XAUT,crypto,4651.395755300183,,coingecko:chart
2026-02-07,XAUT,crypto,4905.402084684465,,coingecko:chart
2026-02-08,XAUT,crypto,4953.975905829947,,coingecko:chart
2026-02-09,XAUT,crypto,5011.14730164045,,coingecko:chart
2026-02-10,XAUT,crypto,5017.405651120224,,coingecko:chart
2026-02-11,XAUT,crypto,5012.563443191779,,coingecko:chart
2026-02-12,XAUT,crypto,5028.213025961605,,coingecko:chart
2026-02-13,XAUT,crypto,4896.421815901974,,coingecko:chart
2026-02-14,XAUT,crypto,5011.62203114938,,coingecko:chart
2026-02-15,XAUT,crypto,4995.328782870397,,coingecko:chart
2026-02-16,XAUT,crypto,4992.3685177198195,,coingecko:chart
2026-02-17,XAUT,crypto,4966.852354217037,,coingecko:chart
2026-02-18,XAUT,crypto,4845.662117707498,,coingecko:chart
2026-02-19,XAUT,crypto,4946.44303562653,,coingecko:chart
2026-02-20,XAUT,crypto,4972.90121491744,,coingecko:chart
2026-02-21,XAUT,crypto,5083.693216766183,,coingecko:chart
2026-02-22,XAUT,crypto,5105.279935749748,,coingecko:chart
2026-02-23,XAUT,crypto,5150.235575209244,,coingecko:chart
2026-02-24,XAUT,crypto,5204.092567691271,,coingecko:chart
2026-02-25,XAUT,crypto,5131.733896020696,,coingecko:chart
2026-02-26,XAUT,crypto,5137.0323717429765,,coingecko:chart
2026-02-27,XAUT,crypto,5162.322101270663,,coingecko:chart
2026-02-28,XAUT,crypto,5257.9310825471375,,coingecko:chart
2026-03-01,XAUT,crypto,5307.451350454214,,coingecko:chart
2026-03-02,XAUT,crypto,5351.591389840149,,coingecko:chart
2026-03-03,XAUT,crypto,5306.799521523826,,coingecko:chart
2026-03-04,XAUT,crypto,5091.89457912141,,coingecko:chart
2026-03-05,XAUT,crypto,5127.232718604523,,coingecko:chart
2026-03-06,XAUT,crypto,5056.601193645791,,coingecko:chart
2026-03-07,XAUT,crypto,5139.989230501112,,coingecko:chart
2026-03-08,XAUT,crypto,5143.867872493985,,coingecko:chart
2026-03-09,XAUT,crypto,5039.733272496674,,coingecko:chart
2026-03-10,XAUT,crypto,5101.863234750126,,coingecko:chart
2026-03-11,XAUT,crypto,5157.700650808723,,coingecko:chart
2026-03-12,XAUT,crypto,5093.093452944832,,coingecko:chart
2026-03-13,XAUT,crypto,5082.540890000062,,coingecko:chart
2026-03-14,XAUT,crypto,4999.071368016881,,coingecko:chart
2026-03-15,XAUT,crypto,4991.246860679184,,coingecko:chart
2026-03-16,XAUT,crypto,4982.208618719899,,coingecko:chart
2026-03-17,XAUT,crypto,4971.856939682807,,coingecko:chart
2026-03-18,XAUT,crypto,4968.313837370362,,coingecko:chart
2026-03-19,XAUT,crypto,4823.53117100574,,coingecko:chart
2026-03-20,XAUT,crypto,4650.880048235748,,coingecko:chart
2026-03-21,XAUT,crypto,4498.87904850733,,coingecko:chart
2026-03-22,XAUT,crypto,4486.800158006301,,coingecko:chart
2026-03-23,XAUT,crypto,4467.4956618569895,,coingecko:chart
2026-03-24,XAUT,crypto,4430.4736000713765,,coingecko:chart
2026-03-25,XAUT,crypto,4533.896481687576,,coingecko:chart
2026-03-26,XAUT,crypto,4502.144664887857,,coingecko:chart
2026-03-27,XAUT,crypto,4406.344672900292,,coingecko:chart
2026-03-28,XAUT,crypto,4491.7785870407915,,coingecko:chart
2026-03-29,XAUT,crypto,4487.437643012913,,coingecko:chart
2026-03-30,XAUT,crypto,4435.6436390540175,,coingecko:chart
2026-03-31,XAUT,crypto,4504.872056911924,,coingecko:chart
2026-04-01,XAUT,crypto,4667.305079902109,,coingecko:chart
2026-04-02,XAUT,crypto,4746.813551681915,,coingecko:chart
2026-04-03,XAUT,crypto,4652.704923718512,,coingecko:chart
2026-04-04,XAUT,crypto,4644.085031722674,,coingecko:chart
2026-04-05,XAUT,crypto,4644.885108192134,,coingecko:chart
2026-04-06,XAUT,crypto,4594.021777000427,,coingecko:chart
2026-04-07,XAUT,crypto,4624.126237532052,,coingecko:chart
2026-04-08,XAUT,crypto,4797.184573941994,,coingecko:chart
2026-04-09,XAUT,crypto,4689.771673068961,,coingecko:chart
2026-04-10,XAUT,crypto,4735.16939265688,,coingecko:chart
2026-04-11,XAUT,crypto,4722.103626796684,,coingecko:chart
2026-04-12,XAUT,crypto,4724.533941719004,,coingecko:chart
2026-04-13,XAUT,crypto,4645.53707934186,,coingecko:chart
2026-04-14,XAUT,crypto,4728.632185619382,,coingecko:chart
2026-04-15,XAUT,crypto,4810.230998448057,,coingecko:chart
2026-04-16,XAUT,crypto,4808.65796433629,,coingecko:chart
2026-04-17,XAUT,crypto,4770.010733436964,,coingecko:chart
2026-04-18,XAUT,crypto,4815.026492869182,,coingecko:chart
2026-04-19,XAUT,crypto,4777.602562446021,,coingecko:chart
2026-04-20,XAUT,crypto,4735.211432172386,,coingecko:chart
2026-04-21,XAUT,crypto,4802.148355859648,,coingecko:chart
2026-04-22,XAUT,crypto,4726.472544796432,,coingecko:chart
2026-04-23,XAUT,crypto,4710.908578085105,,coingecko:chart
2026-04-24,XAUT,crypto,4686.761061930834,,coingecko:chart
2026-04-25,XAUT,crypto,4691.4295974248325,,coingecko:chart
2026-04-26,XAUT,crypto,4689.161103329003,,coingecko:chart
2026-04-27,XAUT,crypto,4674.872281382019,,coingecko:chart
2026-04-28,XAUT,crypto,4685.650924402525,,coingecko:chart
2026-04-29,XAUT,crypto,4589.853411634823,,coingecko:chart
2026-04-30,XAUT,crypto,4558.414666343783,,coingecko:chart
2026-05-01,XAUT,crypto,4613.537748775129,,coingecko:chart
2026-05-02,XAUT,crypto,4601.627695061399,,coingecko:chart
2026-05-03,XAUT,crypto,4597.395419796645,,coingecko:chart
2026-05-04,XAUT,crypto,4603.6922389116235,,coingecko:chart
2026-05-05,XAUT,crypto,4517.313604675775,,coingecko:chart
2026-05-06,XAUT,crypto,4584.598884855265,,coingecko:chart
2026-05-07,XAUT,crypto,4685.466121499453,,coingecko:chart
2026-05-08,XAUT,crypto,4695.435849899931,,coingecko:chart
2026-05-09,XAUT,crypto,4700.457611085019,,coingecko:chart
2026-05-10,XAUT,crypto,4707.760198859885,,coingecko:chart
2026-05-11,XAUT,crypto,4687.192466520309,,coingecko:chart
2026-05-12,XAUT,crypto,4750.017552679799,,coingecko:chart
2026-05-13,XAUT,crypto,4710.353679606091,,coingecko:chart
2026-05-14,XAUT,crypto,4687.313776019288,,coingecko:chart
2026-05-15,XAUT,crypto,4648.9864586014155,,coingecko:chart
2026-05-16,XAUT,crypto,4539.507307897308,,coingecko:chart
2026-05-17,XAUT,crypto,4536.618987959709,,coingecko:chart
2026-05-18,XAUT,crypto,4531.884586005821,,coingecko:chart
2026-05-19,XAUT,crypto,4571.986649288526,,coingecko:chart
2026-05-20,XAUT,crypto,4488.463296355019,,coingecko:chart
2026-05-21,XAUT,crypto,4535.102118477357,,coingecko:chart
2026-05-22,XAUT,crypto,4523.719318900893,,coingecko:chart
2026-05-23,XAUT,crypto,4491.882110192652,,coingecko:chart
2026-05-24,XAUT,crypto,4509.041515869854,,coingecko:chart
2026-05-25,XAUT,crypto,4549.463679806027,,coingecko:chart
2026-05-26,XAUT,crypto,4538.241948793882,,coingecko:chart
2026-05-27,XAUT,crypto,4507.703082981792,,coingecko:chart
2026-05-28,XAUT,crypto,4434.533118207679,,coingecko:chart
2026-05-29,XAUT,crypto,4474.501522981117,,coingecko:chart
2026-05-30,XAUT,crypto,4517.588668062791,,coingecko:chart
2026-05-31,XAUT,crypto,4503.821532218,,coingecko:chart
2026-06-01,XAUT,crypto,4518.052606048237,,coingecko:chart
2026-06-02,XAUT,crypto,4463.570257431178,,coingecko:chart
2026-06-03,XAUT,crypto,4446.467459663225,,coingecko:chart
2026-06-04,XAUT,crypto,4429.247769928918,,coingecko:chart
2026-06-05,XAUT,crypto,4435.338810088855,,coingecko:chart
2026-06-06,XAUT,crypto,4299.716814133366,,coingecko:chart
2026-06-07,XAUT,crypto,4289.034285041947,,coingecko:chart
2026-06-08,XAUT,crypto,4321.2611326926835,,coingecko:chart
2026-06-09,XAUT,crypto,4296.559744102051,,coingecko:chart
2026-06-10,XAUT,crypto,4206.020028024484,,coingecko:chart
2026-06-11,XAUT,crypto,4043.8828685349104,,coingecko:chart
2026-06-12,XAUT,crypto,4199.658001762836,,coingecko:chart
2026-06-13,XAUT,crypto,4201.08352516726,,coingecko:chart
2026-06-14,XAUT,crypto,4211.6577634169535,,coingecko:chart
2026-06-15,XAUT,crypto,4278.325387358004,,coingecko:chart
2026-06-16,XAUT,crypto,4296.45385708064,,coingecko:chart
2026-06-17,XAUT,crypto,4308.035983422281,,coingecko:chart
2026-06-18,XAUT,crypto,4260.096078871699,,coingecko:chart
2026-06-19,XAUT,crypto,4173.480631224026,,coingecko:chart
2026-06-20,XAUT,crypto,4146.834561705839,,coingecko:chart
2026-06-21,XAUT,crypto,4140.925643093787,,coingecko:chart
2026-06-22,XAUT,crypto,4127.504307250075,,coingecko:chart
2026-06-23,XAUT,crypto,4171.298212503771,,coingecko:chart
2026-06-24,XAUT,crypto,4086.638244783154,,coingecko:chart
2026-06-25,XAUT,crypto,4006.2881252913317,,coingecko:chart
2026-06-26,XAUT,crypto,4004.4179521663555,,coingecko:chart
2026-06-27,XAUT,crypto,4070.9998950270915,,coingecko:chart
2026-06-28,XAUT,crypto,4065.5651347579005,,coingecko:chart
2026-06-29,XAUT,crypto,4050.487135075431,,coingecko:chart
2026-06-30,XAUT,crypto,4006.356993026605,,coingecko:chart
2026-07-01,XAUT,crypto,3996.623397556353,,coingecko:chart
2026-07-02,XAUT,crypto,4027.21934387197,,coingecko:chart
2026-07-03,XAUT,crypto,4115.707781206342,,coingecko:chart
2026-07-04,XAUT,crypto,4160.439504383813,,coingecko:chart
2026-07-05,XAUT,crypto,4161.716945590367,,coingecko:chart
2026-07-06,XAUT,crypto,4170.133047560278,,coingecko:chart
2026-07-07,XAUT,crypto,4146.750505164463,,coingecko:chart
2026-07-08,XAUT,crypto,4090.329425486683,,coingecko:chart
2026-07-09,XAUT,crypto,4066.5645086731115,,coingecko:chart
2026-07-10,XAUT,crypto,4108.900431635841,,coingecko:chart
2026-07-11,XAUT,crypto,4106.977288428922,,coingecko:chart
2026-07-12,XAUT,crypto,4097.205287872001,,coingecko:chart
2026-07-13,XAUT,crypto,4075.650974246006,,coingecko:chart
2026-07-14,XAUT,crypto,3995.7621517045104,,coingecko:chart
2026-07-15,XAUT,crypto,4047.120899391055,,coingecko:chart
2026-07-16,XAUT,crypto,4050.4507329793,,coingecko:chart
2026-07-17,XAUT,crypto,3985.546271186289,,coingecko:chart
2026-07-18,XAUT,crypto,4005.354380415488,,coingecko:chart
2026-07-19,XAUT,crypto,4010.0009303841803,,coingecko:chart
2026-07-20,XAUT,crypto,3992.70878086259,,coingecko:chart
2026-07-21,XAUT,crypto,4007.6299054548017,,coingecko:chart
2026-07-22,XAUT,crypto,4073.569979029569,,coingecko:chart
2026-07-23,XAUT,crypto,4124.826598118523,,coingecko:chart
2026-07-24,XAUT,crypto,4045.0835417716276,,coingecko:chart
2026-07-25,XAUT,crypto,4051.1680720866725,,coingecko:chart
2026-07-26,XAUT,crypto,4052.7045888903076,,coingecko:chart
2026-07-27,XAUT,crypto,4082.980439055529,,coingecko:chart
2026-07-28,XAUT,crypto,4060.07916129805,,coingecko:chart
2026-07-29,XAUT,crypto,4015.0087033123627,,coingecko:chart
2026-07-30,XAUT,crypto,4071.2123911137505,,coingecko:chart
2026-07-31,XAUT,crypto,4093.541839242975,,coingecko:chart
2026-08-01,XAUT,crypto,4038.107891411404,,coingecko:chart
2026-08-02,XAUT,crypto,4040.6789778707143,,coingecko:chart
2026-08-03,XAUT,crypto,4058.063385172026,,coingecko:chart
2026-08-04,XAUT,crypto,4040.271654009323,,coingecko:chart
2026-08-05,XAUT,crypto,4058.0653336561163,,coingecko:chart
2026-08-06,XAUT,crypto,4255.001642462049,,coingecko:chart
2026-08-07,XAUT,crypto,4232.950142102185,,coingecko:chart
2026-08-08,XAUT,crypto,4329.414550701748,,coingecko:chart
2026-08-09,XAUT,crypto,4329.695950622492,,coingecko:chart
2026-08-10,XAUT,crypto,4313.876028573939,,coingecko:chart
2026-08-11,XAUT,crypto,4374.742299855741,,coingecko:chart
2026-08-12,XAUT,crypto,4349.584052547217,,coingecko:chart
2026-08-13,XAUT,crypto,4388.784497071296,,coingecko:chart
2026-08-14,XAUT,crypto,4336.53693798182,,coingecko:chart
2026-08-15,XAUT,crypto,4360.614330146336,,coingecko:chart
2026-08-16,XAUT,crypto,4357.479882044981,,coingecko:chart
2026-08-17,XAUT,crypto,4349.444620535209,,coingecko:chart
2026-08-18,XAUT,crypto,4402.005910955786,,coingecko:chart
2026-08-19,XAUT,crypto,4323.814436247514,,coingecko:chart
2026-08-20,XAUT,crypto,4485.665523414722,,coingecko:chart
2026-08-21,XAUT,crypto,4503.707244656238,,coingecko:chart
2026-08-22,XAUT,crypto,4586.126136114755,,coingecko:chart
2026-08-23,XAUT,crypto,4580.20907347219,,coingecko:chart
2026-08-24,XAUT,crypto,4604.29100414638,,coingecko:chart
2026-08-25,XAUT,crypto,4662.510537821146,,coingecko:chart
2026-08-26,XAUT,crypto,4638.718079265434,,coingecko:chart
2026-08-27,XAUT,crypto,4610.158511909315,,coingecko:chart
2026-08-28,XAUT,crypto,4585.227431812942,,coingecko:chart
2026-08-29,XAUT,crypto,4458.882274461991,,coingecko:chart
2026-08-30,XAUT,crypto,4457.7370538183495,,coingecko:chart
2026-08-31,XAUT,crypto,4443.787495995633,,coingecko:chart
2026-09-01,XAUT,crypto,4442.416882967172,,coingecko:chart
2026-09-02,XAUT,crypto,4328.760975693109,,coingecko:chart
2026-09-03,XAUT,crypto,4383.537205877035,,coingecko:chart
2026-09-04,XAUT,crypto,4471.8292141679,,coingecko:chart
2026-09-05,XAUT,crypto,4427.540663476712,,coingecko:chart
2026-09-06,XAUT,crypto,4426.516277980868,,coingecko:chart
2026-09-07,XAUT,crypto,4417.896684728273,,coingecko:chart
2026-09-08,XAUT,crypto,4419.933018335651,,coingecko:chart
2026-09-09,XAUT,crypto,4350.020637590218,,coingecko:chart
2026-09-10,XAUT,crypto,4391.309655877491,,coingecko:chart
2026-09-11,XAUT,crypto,4314.5584711704705,,coingecko:chart
2026-09-12,XAUT,crypto,4350.340069643005,,coingecko:chart
2026-09-13,XAUT,crypto,4349.991330786685,,coingecko:chart
2026-09-13,XAUT,crypto,4347.894383389084,,coingecko:chart
2026-09-13,XRP,crypto,1.36,114.31,coingecko
2026-09-13,TRX,crypto,0.341395,28.76,coingecko
2026-09-13,DOGE,crypto,0.084464,7.12,coingecko
2026-09-13,LINK,crypto,11.41,961.38,coingecko
2026-09-13,ADA,crypto,0.20904,17.61,coingecko
2026-09-13,XLM,crypto,0.180174,15.18,coingecko
2026-09-13,BCH,crypto,224.01,18872.57,coingecko
2026-09-13,LTC,crypto,54.92,4626.58,coingecko
2026-09-13,UNI,crypto,6.35,535.34,coingecko
2026-09-13,TON,crypto,1.36,114.53,coingecko
2026-09-13,HBAR,crypto,0.076528,6.45,coingecko
2026-09-13,AVAX,crypto,7.43,625.82,coingecko
2026-09-13,SHIB,crypto,5.26e-06,0.00044294,coingecko
2026-09-13,NEAR,crypto,2.35,197.66,coingecko
2026-09-13,AAVE,crypto,127.08,10706.48,coingecko
2026-09-13,WLFI,crypto,0.056949,4.8,coingecko
2026-09-13,DOT,crypto,1.026,86.42,coingecko
2026-09-13,PUMP,crypto,0.0035867,0.302175,coingecko
2026-09-13,ICP,crypto,2.8,236.03,coingecko
2026-09-13,PEPE,crypto,3.42e-06,0.00028788,coingecko
2026-09-13,ETC,crypto,7.64,643.52,coingecko
2026-09-13,ARB,crypto,0.139331,11.74,coingecko
2026-09-13,ALGO,crypto,0.095168,8.02,coingecko
2026-09-13,ATOM,crypto,1.61,135.63,coingecko
2026-09-13,FIL,crypto,1.001,84.34,coingecko
2026-09-13,TRUMP,crypto,1.99,167.32,coingecko
2026-09-13,ADI,crypto,8.81,741.83,coingecko
